1061683200 1062207488 1052770304 1053818880 1031798784 1040187392 0 1031798784 1051721728 1052770304 1054867456 1055916032 0 1031798784 0 1031798784 1061683200 1062207488 1051721728 1052770304
31 63 187 0 16777215 0 0 0 1 0 0 1 1070141403 1065353216 1065353216 1065353216 1065353216 12582912 9437184 12582912 15728640 15728640 12582912 0 0 0 0
31 64 183 0 16777215 0 0 1 0 0 0 1 1061752798 1065353216 1065353216 1065353216 1065353216 12582912 9437184 15728640 15728640 15728640 9437184 0 0 0 0
31 64 184 0 16777215 1 0 0 0 0 0 1 1066252075 1065353216 1060692878 1065353216 1065353216 15728640 12582912 12582912 15728640 15728640 9437184 0 0 0 0
31 64 185 0 16777215 1 0 0 0 0 0 1 1066252075 1060692878 1059760810 1065353216 1065353216 15728640 12582912 15728640 15728640 15728640 12582912 0 0 0 0
31 64 186 0 16777215 1 0 0 0 0 0 1 1061752798 1059760810 1055100472 1059760810 1065353216 15728640 12582912 15728640 15728640 15728640 15728640 0 0 0 0
31 64 187 0 16777215 1 0 0 1 1 0 1 1068951095 1055100472 1041119460 1050440136 1059760810 15728640 12582912 15728640 15728640 15728640 15728640 0 0 0 0
31 65 179 0 16777215 1 0 1 0 0 0 1 1070141403 1050440136 1058828743 1060692878 1052304270 15728656 12582912 15728672 15728640 15728672 15728640 0 0 0 0
31 65 180 0 16777215 1 0 0 1 0 0 1 1070141403 1058828743 1050440136 1056343230 1060692878 15728640 12582912 15728656 15728640 15728656 15728640 0 0 0 0
31 65 183 0 16777215 1 0 1 1 1 0 1 1062738566 1044847728 1044847728 1065353216 1065353216 15728640 12582912 15728640 15728640 15728640 12582912 0 0 0 0
32 64 184 0 16777215 0 0 0 0 0 0 1 1070141403 1065353216 1065353216 1065353216 1065353216 9437184 6291456 9437184 12582912 15728640 0 0 0 0 0
32 64 185 0 16777215 0 0 0 0 0 0 1 1061752798 1065353216 1065353216 1065353216 1065353216 12582912 9437184 9437184 15728640 15728640 9437184 0 0 0 0
32 64 186 0 16777215 1 0 0 0 0 0 1 1061752798 1065353216 1059760810 1065353216 1065353216 15728640 12582912 12582912 15728640 15728640 12582912 0 0 0 0
32 64 187 0 16777215 1 0 0 1 0 0 1 1066252075 1059760810 1050440136 1052304270 1065353216 15728640 12582912 15728640 15728640 15728640 15728640 0 0 0 0
32 65 179 0 16777215 1 0 1 0 0 0 1 1070141403 1052304270 1060692878 1065353216 1065353216 15728640 12582912 15728656 15728640 15728656 12582912 0 0 0 0
32 65 180 0 16777215 1 0 0 0 0 0 1 1070141403 1060692878 1056343230 1065353216 1065353216 15728640 12582912 15728640 15728640 15728640 12582912 0 0 0 0
32 65 183 0 16777215 0 0 0 0 0 0 1 1070141403 1065353216 1065353216 1065353216 1065353216 12582912 9437184 15728640 12582912 15728640 9437184 0 0 0 0
32 65 184 0 16777215 0 0 0 0 1 0 1 1069213155 1065353216 1065353216 1065353216 1065353216 12582912 9437184 12582912 15728640 15728640 9437184 0 0 0 0
32 65 185 0 16777215 1 0 0 1 1 0 1 1061752798 1065353216 1044847728 1065353216 1065353216 15728640 12582912 12582912 15728640 15728640 12582912 0 0 0 0
32 66 183 0 16777215 1 0 1 0 1 0 1 1070141403 1044847728 1053236338 1065353216 1065353216 15728640 12582912 15728640 15728640 15728640 12582912 0 0 0 0
32 66 184 0 16777215 1 0 0 1 1 0 1 1040101040 1053236338 1044847728 1065353216 1065353216 15728640 12582912 15728640 15728640 15728640 12582912 0 0 0 0
33 64 186 0 16777215 0 0 0 0 0 0 1 1061752798 1065353216 1065353216 1065353216 1065353216 12582912 9437184 9437184 15728640 15728640 0 0 0 0 0
33 64 187 0 16777215 1 0 0 1 0 0 1 1061752798 1065353216 1052304270 1048886688 1065353216 15728640 12582912 12582912 15728640 15728640 15728640 0 0 0 0
33 65 179 0 16777215 0 0 1 0 0 0 1 1070141403 1065353216 1065353216 1065353216 1065353216 12582912 9437184 15728640 12582912 15728640 12582912 0 0 0 0
33 65 180 0 16777215 0 0 0 0 0 0 1 1070141403 1065353216 1065353216 1065353216 1065353216 12582912 9437184 12582912 12582912 15728640 12582912 0 0 0 0
33 65 185 0 16777215 0 0 0 0 0 0 1 1061752798 1065353216 1065353216 1065353216 1065353216 12582912 9437184 9437184 15728640 15728640 9437184 0 0 0 0
33 65 186 0 16777215 1 0 0 1 1 0 1 1060767022 1065353216 1044847728 1048886688 1065353216 15728640 12582912 12582912 15728640 15728640 15728640 0 0 0 0
33 66 179 0 16777215 1 0 1 0 1 0 1 1070141403 1042983592 1051372202 1060692878 1052304270 15728640 12582912 15728640 15728640 15728640 15728640 0 0 0 0
33 66 180 0 16777215 1 0 0 0 1 0 1 1070141403 1051372202 1051372202 1060692878 1060692878 15728640 12582912 15728640 15728640 15728640 15728640 0 0 0 0
33 66 181 0 16777215 1 0 0 0 1 0 1 1070141403 1051372202 1046711860 1060692878 1060692878 15728640 12582912 15728640 15728640 15728640 15728640 0 0 0 0
33 66 183 0 16777215 0 0 0 0 0 0 1 1070141403 1065353216 1065353216 1065353216 1065353216 12582912 9437184 15728640 12582912 15728640 9437184 0 0 0 0
33 66 184 0 16777215 0 0 0 0 0 0 1 1061752798 1065353216 1065353216 1065353216 1065353216 12582912 9437184 12582912 15728640 15728640 9437184 0 0 0 0
33 66 185 0 16777215 1 0 0 1 1 0 1 1061752798 1065353216 1044847728 1065353216 1065353216 15728640 12582912 12582912 15728640 15728640 12582912 0 0 0 0
33 67 183 0 16777215 1 0 1 0 1 0 1 1070141403 1044847728 1053236338 1065353216 1065353216 15728640 12582912 15728640 15728640 15728640 12582912 0 0 0 0
33 67 184 0 16777215 1 0 0 1 1 0 1 1062738566 1053236338 1044847728 1065353216 1065353216 15728640 12582912 15728640 15728640 15728640 12582912 0 0 0 0
34 66 179 0 16777215 1 0 1 0 0 0 1 1070141403 1052304270 1060692878 1065353216 1065353216 15728640 12582912 0 15728640 15728640 9437184 0 0 0 0
34 66 180 0 16777215 1 0 0 0 0 0 1 1070141403 1060692878 1060692878 1065353216 1065353216 15728640 12582912 15728640 15728640 15728640 9437184 0 0 0 0
34 66 181 0 16777215 1 0 0 0 0 0 1 1070141403 1060692878 1060692878 1065353216 1065353216 15728640 12582912 15728640 15728640 15728640 9437184 0 0 0 0
34 66 185 0 16777215 0 0 0 1 0 0 1 1070141403 1065353216 1065353216 1065353216 1065353216 12582912 9437184 9437184 15728640 15728640 9437184 0 0 0 0
34 67 183 0 16777215 0 0 1 0 0 0 1 1070141403 1065353216 1065353216 1065353216 1065353216 12582912 9437184 15728640 12582912 15728640 12582912 0 0 0 0
34 67 184 0 16777215 0 0 0 0 0 0 1 1061752798 1065353216 1065353216 1065353216 1065353216 12582912 9437184 12582912 15728640 15728640 12582912 0 0 0 0
34 67 185 0 16777215 1 0 0 1 1 0 1 1069213157 1065353216 1044847728 1065353216 1065353216 15728640 12582912 12582912 15728640 15728640 12582912 0 0 0 0
34 68 183 0 16777215 1 0 1 0 1 0 1 1070141403 1042983592 1051372202 1060692878 1057896676 15728640 12582912 15728640 15728640 15728640 15728640 0 0 0 0
34 68 184 0 16777215 1 0 0 1 1 0 1 1062869706 1051372202 1042983596 1057430642 1060692878 15728640 12582912 15728640 15728640 15728640 15728640 0 0 0 0
35 66 179 0 16777215 0 0 0 0 0 0 1 1070141403 1065353216 1065353216 1065353216 1065353216 9437184 9437184 0 9437184 15728640 9437184 0 0 0 0
35 66 180 0 16777215 0 0 0 0 0 0 1 1070141403 1065353216 1065353216 1065353216 1065353216 9437184 9437184 9437184 9437184 15728640 9437184 0 0 0 0
35 66 181 0 16777215 0 0 0 0 0 0 1 1070141403 1065353216 1065353216 1065353216 1065353216 9437184 9437184 9437184 9437184 15728640 9437184 0 0 0 0
35 67 179 0 16777215 0 0 0 0 1 0 1 1070141403 1065353216 1065353216 1065353216 1065353216 12582912 9437184 0 12582912 15728640 12582912 0 0 0 0
35 67 180 0 16777215 0 0 0 0 1 0 1 1070141403 1065353216 1065353216 1065353216 1065353216 12582912 9437184 12582912 12582912 15728640 12582912 0 0 0 0
35 67 181 0 16777215 0 0 0 0 1 0 1 1070141403 1065353216 1065353216 1065353216 1065353216 12582912 9437184 12582912 12582912 15728640 12582912 0 0 0 0
35 67 182 0 16777215 0 0 0 0 1 0 1 -998637568 1065353216 1065353216 1065353216 1065353216 12582912 9437184 12582912 12582912 15728640 12582912 0 0 0 0
35 67 185 0 16777215 0 0 0 1 0 0 1 1070141403 1065353216 1065353216 1065353216 1065353216 12582912 9437184 12582912 15728640 15728640 12582912 0 0 0 0
35 68 179 0 16777215 1 0 0 0 1 0 1 1070141403 1053236338 1053236338 1063333736 1063408031 15728640 12582912 15728640 15728640 15728640 15728640 0 0 0 0
35 68 180 0 16777215 1 0 0 0 1 0 1 1070141403 1053236338 1053236338 1063333736 1063333736 15728640 12582912 15728640 15728640 15728640 15728640 0 0 0 0
35 68 181 0 16777215 1 0 0 0 1 0 1 1070141403 1053236338 1053236338 1063333736 1063333736 15728640 12582912 15728640 15728640 15728640 15728640 0 0 0 0
35 68 182 0 16777215 1 0 0 0 1 0 1 1070141403 1053236338 1057896676 1063333736 1063333736 15728640 12582912 15728640 15728640 15728640 15728640 0 0 0 0
35 68 183 0 16777215 1 0 0 0 0 0 1 1070141403 1057896676 1060692878 1063333736 1063333736 15728640 12582912 15728640 15728640 15728640 15728640 0 0 0 0
35 68 184 0 16777215 1 0 0 0 0 0 1 1066252075 1060692878 1057430642 1062956470 1063333736 15728640 12582912 15728640 15728640 15728640 15728640 0 0 0 0
35 68 185 0 16777215 1 0 0 1 1 0 1 1069098223 1057430642 1042983596 1052304270 1062956470 15728640 12582912 15728640 15728640 15728640 15728640 0 0 0 0
36 64 168 0 16777215 0 0 0 0 0 0 0 -998637568 1065353216 1065353216 1065353216 1065353216 0 0 0 0 0 0 0 0 0 0
36 64 169 0 16777215 0 0 0 0 0 0 0 -998637568 1065353216 1065353216 1065353216 1065353216 0 0 0 0 0 0 0 0 0 0
36 64 170 0 16777215 0 0 0 0 0 0 0 -998637568 1065353216 1065353216 1065353216 1065353216 0 0 0 0 0 0 0 0 0 0
36 64 171 0 16777215 0 0 0 0 0 0 0 -998637568 1065353216 1065353216 1065353216 1065353216 0 0 0 0 0 0 0 0 0 0
36 64 172 0 16777215 0 0 0 0 0 0 0 -998637568 1065353216 1065353216 1065353216 1065353216 0 0 0 0 0 0 0 0 0 0
36 64 173 0 16777215 0 0 0 0 0 0 0 -998637568 1065353216 1065353216 1065353216 1065353216 0 0 0 0 0 0 0 0 0 0
36 64 174 0 16777215 0 0 0 0 0 0 0 -998637568 1065353216 1065353216 1065353216 1065353216 0 0 0 0 0 0 0 0 0 0
36 64 175 0 16777215 0 0 0 0 0 0 0 -998637568 1065353216 1065353216 1065353216 1065353216 0 0 0 0 0 0 0 0 0 0
36 64 176 0 16777215 0 0 0 0 0 0 0 -998637568 1065353216 1065353216 1065353216 1065353216 0 0 0 0 0 0 0 0 0 0
36 64 177 0 16777215 0 0 0 0 0 0 0 -998637568 1065353216 1065353216 1065353216 1065353216 0 0 0 0 0 0 0 0 0 0
36 64 178 0 16777215 0 0 0 0 0 0 0 -998637568 1065353216 1065353216 1065353216 1065353216 0 0 0 3145728 0 0 0 0 0 0
36 64 179 0 16777215 0 0 0 0 0 0 0 -998637568 1065353216 1065353216 1065353216 1065353216 3145728 0 0 3145728 0 0 0 0 0 0
36 64 180 0 16777215 0 0 0 0 0 0 0 -998637568 1065353216 1065353216 1065353216 1065353216 3145728 0 3145728 3145728 0 3145728 0 0 0 0
36 64 181 0 16777215 0 0 0 0 0 0 0 -998637568 1065353216 1065353216 1065353216 1065353216 3145728 0 3145728 3145728 0 3145728 0 0 0 0
36 64 182 0 16777215 0 0 0 0 0 0 0 -998637568 1065353216 1065353216 1065353216 1065353216 3145728 0 3145728 3145728 0 3145728 0 0 0 0
36 64 183 0 16777215 0 0 0 0 0 0 0 -998637568 1065353216 1065353216 1065353216 1065353216 3145728 0 3145728 3145728 0 3145728 0 0 0 0
36 64 184 0 16777215 0 0 0 0 0 0 0 -998637568 1065353216 1065353216 1065353216 1065353216 3145728 0 3145728 0 0 3145728 0 0 0 0
36 65 168 0 16777215 0 0 0 0 0 0 0 -998637568 1065353216 1065353216 1065353216 1065353216 0 0 0 0 0 0 0 0 0 0
36 65 169 0 16777215 0 0 0 0 0 0 0 -998637568 1065353216 1065353216 1065353216 1065353216 0 0 0 0 0 0 0 0 0 0
36 65 170 0 16777215 0 0 0 0 0 0 0 -998637568 1065353216 1065353216 1065353216 1065353216 0 0 0 0 0 0 0 0 0 0
36 65 171 0 16777215 0 0 0 0 0 0 0 -998637568 1065353216 1065353216 1065353216 1065353216 0 0 0 0 0 0 0 0 0 0
36 65 172 0 16777215 0 0 0 0 0 0 0 -998637568 1065353216 1065353216 1065353216 1065353216 0 0 0 0 0 0 0 0 0 0
36 65 173 0 16777215 0 0 0 0 0 0 0 -998637568 1065353216 1065353216 1065353216 1065353216 0 0 0 0 0 0 0 0 0 0
36 65 174 0 16777215 0 0 0 0 0 0 0 -998637568 1065353216 1065353216 1065353216 1065353216 0 0 0 0 0 0 0 0 0 0
36 65 175 0 16777215 0 0 0 0 0 0 0 -998637568 1065353216 1065353216 1065353216 1065353216 0 0 0 0 0 0 0 0 0 0
36 65 176 0 16777215 0 0 0 0 0 0 0 -998637568 1065353216 1065353216 1065353216 1065353216 0 0 0 0 0 1048576 0 0 0 0
36 65 177 0 16777215 0 0 0 0 0 0 0 -998637568 1065353216 1065353216 1065353216 1065353216 0 0 0 3145728 0 2097152 0 0 0 0
36 65 178 0 16777215 0 0 0 0 0 0 0 -998637568 1065353216 1065353216 1065353216 1065353216 3145728 0 0 6291456 0 3145728 0 0 0 0
36 65 179 0 16777215 0 0 0 0 0 0 0 -998637568 1065353216 1065353216 1065353216 1065353216 6291456 3145728 3145728 6291456 9437184 3145728 0 0 0 0
36 65 180 0 16777215 0 0 0 0 0 0 0 -998637568 1065353216 1065353216 1065353216 1065353216 6291456 3145728 6291456 6291456 9437184 6291456 0 0 0 0
36 65 181 0 16777215 0 0 0 0 0 0 0 -998637568 1065353216 1065353216 1065353216 1065353216 6291456 3145728 6291456 6291456 9437184 6291456 0 0 0 0
36 65 182 0 16777215 0 0 0 0 0 0 0 -998637568 1065353216 1065353216 1065353216 1065353216 6291456 3145728 6291456 6291456 0 6291456 0 0 0 0
36 65 183 0 16777215 0 0 0 0 0 0 0 -998637568 1065353216 1065353216 1065353216 1065353216 6291456 3145728 6291456 6291456 0 6291456 0 0 0 0
36 65 184 0 16777215 0 0 0 0 0 0 0 -998637568 1065353216 1065353216 1065353216 1065353216 6291456 3145728 6291456 0 0 6291456 0 0 0 0
36 66 168 0 16777215 0 0 0 0 0 0 0 -998637568 1065353216 1065353216 1065353216 1065353216 0 0 0 0 0 0 0 0 0 0
36 66 169 0 16777215 0 0 0 0 0 0 0 -998637568 1065353216 1065353216 1065353216 1065353216 0 0 0 0 0 0 0 0 0 0
36 66 170 0 16777215 0 0 0 0 0 0 0 -998637568 1065353216 1065353216 1065353216 1065353216 0 0 0 0 0 0 0 0 0 0
36 66 171 0 16777215 0 0 0 0 0 0 0 -998637568 1065353216 1065353216 1065353216 1065353216 0 0 0 0 0 0 0 0 0 0
36 66 172 0 16777215 0 0 0 0 0 0 0 -998637568 1065353216 1065353216 1065353216 1065353216 0 0 0 0 0 0 0 0 0 0
36 66 173 0 16777215 0 0 0 0 0 0 0 -998637568 1065353216 1065353216 1065353216 1065353216 0 0 0 0 0 1048576 0 0 0 0
36 66 174 0 16777215 0 0 0 0 0 0 0 -998637568 1065353216 1065353216 1065353216 1065353216 0 0 0 0 0 2097152 0 0 0 0
36 66 175 0 16777215 0 0 0 0 0 0 0 -998637568 1065353216 1065353216 1065353216 1065353216 0 0 0 1048576 0 3145728 0 0 0 0
36 66 176 0 16777215 0 0 0 0 0 0 0 -998637568 1065353216 1065353216 1065353216 1065353216 1048576 0 0 3145728 0 4194304 0 0 0 0
36 66 177 0 16777215 0 0 0 0 0 0 0 -998637568 1065353216 1065353216 1065353216 1065353216 3145728 0 1048576 6291456 0 5242880 0 0 0 0
36 66 178 0 16777215 0 0 0 0 0 0 0 -998637568 1065353216 1065353216 1065353216 1065353216 6291456 3145728 3145728 9437184 0 6291456 0 0 0 0
36 66 179 0 16777215 0 0 0 0 0 0 0 -998637568 1065353216 1065353216 1065353216 1065353216 9437184 6291456 6291456 9437184 9437184 6291456 0 0 0 0
36 66 180 0 16777215 0 0 0 0 0 0 0 -998637568 1065353216 1065353216 1065353216 1065353216 9437184 6291456 9437184 9437184 9437184 9437184 0 0 0 0
36 66 181 0 16777215 0 0 0 0 0 0 0 -998637568 1065353216 1065353216 1065353216 1065353216 9437184 6291456 9437184 9437184 9437184 9437184 0 0 0 0
36 66 182 0 16777215 0 0 0 0 0 0 0 -998637568 1065353216 1065353216 1065353216 1065353216 9437184 6291456 9437184 9437184 9437184 9437184 0 0 0 0
36 66 183 0 16777215 0 0 0 0 0 0 0 -998637568 1065353216 1065353216 1065353216 1065353216 9437184 6291456 9437184 9437184 0 9437184 0 0 0 0
36 66 184 0 16777215 0 0 0 0 0 0 0 -998637568 1065353216 1065353216 1065353216 1065353216 9437184 6291456 9437184 0 0 9437184 0 0 0 0
36 67 168 0 16777215 0 0 0 0 0 0 0 -998637568 1065353216 1065353216 1065353216 1065353216 0 0 0 0 0 0 0 0 0 0
36 67 169 0 16777215 0 0 0 0 0 0 0 -998637568 1065353216 1065353216 1065353216 1065353216 0 0 0 0 0 0 0 0 0 0
36 67 170 0 16777215 0 0 0 0 0 0 0 -998637568 1065353216 1065353216 1065353216 1065353216 0 0 0 0 0 1048576 0 0 0 0
36 67 171 0 16777215 0 0 0 0 0 0 0 -998637568 1065353216 1065353216 1065353216 1065353216 0 0 0 0 0 2097152 0 0 0 0
36 67 172 0 16777215 0 0 0 0 0 0 0 -998637568 1065353216 1065353216 1065353216 1065353216 0 0 0 1048576 0 3145728 0 0 0 0
36 67 173 0 16777215 0 0 0 0 0 0 0 -998637568 1065353216 1065353216 1065353216 1065353216 1048576 0 0 2097152 0 4194304 0 0 0 0
36 67 174 0 16777215 0 0 0 0 0 0 0 -998637568 1065353216 1065353216 1065353216 1065353216 2097152 0 1048576 3145728 0 5242880 0 0 0 0
36 67 175 0 16777215 0 0 0 0 0 0 0 -998637568 1065353216 1065353216 1065353216 1065353216 3145728 0 2097152 4194304 0 6291456 0 0 0 0
36 67 176 0 16777215 0 0 0 0 0 0 0 -998637568 1065353216 1065353216 1065353216 1065353216 4194304 1048576 3145728 6291456 0 7340032 0 0 0 0
36 67 177 0 16777215 0 0 0 0 0 0 0 -998637568 1065353216 1065353216 1065353216 1065353216 6291456 3145728 4194304 9437184 0 8388608 0 0 0 0
36 67 178 0 16777215 0 0 0 0 0 0 0 -998637568 1065353216 1065353216 1065353216 1065353216 9437184 6291456 6291456 12582912 0 9437184 0 0 0 0
36 67 179 0 16777215 0 0 0 0 0 0 0 -998637568 1065353216 1065353216 1065353216 1065353216 12582912 9437184 9437184 12582912 12582912 9437184 0 0 0 0
36 67 180 0 16777215 0 0 0 0 0 0 0 -998637568 1065353216 1065353216 1065353216 1065353216 12582912 9437184 12582912 12582912 12582912 12582912 0 0 0 0
36 67 181 0 16777215 0 0 0 0 0 0 0 -998637568 1065353216 1065353216 1065353216 1065353216 12582912 9437184 12582912 12582912 12582912 12582912 0 0 0 0
36 67 182 0 16777215 0 0 0 0 0 0 0 -998637568 1065353216 1065353216 1065353216 1065353216 12582912 9437184 12582912 12582912 12582912 12582912 0 0 0 0
36 67 183 0 16777215 0 0 0 0 0 0 0 -998637568 1065353216 1065353216 1065353216 1065353216 12582912 9437184 12582912 12582912 12582912 12582912 0 0 0 0
36 67 184 0 16777215 0 0 0 0 0 0 0 -998637568 1065353216 1065353216 1065353216 1065353216 12582912 9437184 12582912 12582912 12582912 12582912 0 0 0 0
36 68 168 0 16777215 1 0 0 0 0 0 0 -998637568 1063489081 1063489081 1063489081 1063489081 0 0 0 0 0 0 0 0 0 0
36 68 169 0 16777215 1 0 0 0 0 0 0 -998637568 1063489081 1063489081 1063489081 1063489081 0 0 0 0 0 0 0 0 0 0
36 68 170 0 16777215 1 0 0 0 0 0 0 -998637568 1063489081 1063489081 1063489081 1063489081 0 0 0 0 0 1048576 0 0 0 0
36 68 171 0 16777215 1 0 0 0 0 0 0 -998637568 1063489081 1063489081 1063489081 1063489081 0 0 0 0 0 2097152 0 0 0 0
36 68 172 0 16777215 1 0 0 0 0 0 0 -998637568 1063489081 1063489081 1063489081 1063489081 0 0 0 1048576 0 3145728 0 0 0 0
36 68 173 0 16777215 1 0 0 0 0 0 0 -998637568 1063489081 1063489081 1063489081 1063489081 1048576 1048576 0 2097152 0 4194304 0 0 0 0
36 68 174 0 16777215 1 0 0 0 0 0 0 -998637568 1063489081 1063489081 1063489081 1063489081 2097152 2097152 1048576 3145728 0 5242880 0 0 0 0
36 68 175 0 16777215 1 0 0 0 0 0 0 -998637568 1063489081 1063489081 1063489081 1063489081 3145728 3145728 2097152 4194304 0 6291456 0 0 0 0
36 68 176 0 16777215 1 0 0 0 0 0 1 -998637568 1063489081 1063489081 1063489081 1063489081 4194304 4194304 3145728 6291456 0 7340032 0 0 0 0
36 68 177 0 16777215 1 0 0 0 0 0 1 -998637568 1063489081 1063489081 1063489081 1063489081 6291456 6291456 4194304 9437184 14680064 8388608 0 0 0 0
36 68 178 0 16777215 1 0 0 0 0 0 1 -998637568 1063489081 1063408031 1063489081 1063489081 9437184 9437184 6291456 15728640 15728640 9437184 0 0 0 0
36 68 179 0 16777215 1 0 0 0 0 0 1 1070141403 1063408031 1063333736 1063489081 1063489081 15728640 12582912 9437184 15728640 15728640 9437184 0 0 0 0
36 68 180 0 16777215 1 0 0 0 0 0 1 1070141403 1063333736 1063333736 1063489081 1063489081 15728640 12582912 15728640 15728640 15728640 15728640 0 0 0 0
36 68 181 0 16777215 1 0 0 0 0 0 1 1070141403 1063333736 1063333736 1063489081 1063489081 15728640 12582912 15728640 15728640 15728640 15728640 0 0 0 0
36 68 182 0 16777215 1 0 0 0 0 0 1 1070141403 1063333736 1063333736 1063489081 1063489081 15728640 12582912 15728640 15728640 15728640 15728640 0 0 0 0
36 68 183 0 16777215 1 0 0 0 0 0 1 1070141403 1063333736 1063333736 1063489081 1063489081 15728640 12582912 15728640 15728640 15728640 15728640 0 0 0 0
36 68 184 0 16777215 1 0 0 0 0 0 1 1061752798 1063333736 1062956470 1063333736 1063489081 15728640 12582912 15728640 15728640 15728640 15728640 0 0 0 0
36 68 185 0 16777215 1 0 0 1 0 0 1 1061752798 1062956470 1052304270 1053236336 1063333736 15728640 12582912 15728640 15728640 15728640 15728640 0 0 0 0
37 64 168 0 16777215 0 0 0 0 0 0 0 -998637568 1065353216 1065353216 1065353216 1065353216 0 0 0 0 0 0 0 0 0 0
37 64 169 0 16777215 0 0 0 0 0 0 0 -998637568 1065353216 1065353216 1065353216 1065353216 0 0 0 0 0 0 0 0 0 0
37 64 170 0 16777215 0 0 0 0 0 0 0 -998637568 1065353216 1065353216 1065353216 1065353216 0 0 0 0 0 0 0 0 0 0
37 64 171 0 16777215 0 0 0 0 0 0 0 -998637568 1065353216 1065353216 1065353216 1065353216 0 0 0 0 0 0 0 0 0 0
37 64 172 0 16777215 0 0 0 0 0 0 0 -998637568 1065353216 1065353216 1065353216 1065353216 0 0 0 0 0 0 0 0 0 0
37 64 173 0 16777215 0 0 0 0 0 0 0 -998637568 1065353216 1065353216 1065353216 1065353216 0 0 0 0 0 0 0 0 0 0
37 64 174 0 16777215 0 0 0 0 0 0 0 -998637568 1065353216 1065353216 1065353216 1065353216 0 0 0 0 0 0 0 0 0 0
37 64 175 0 16777215 0 0 0 0 0 0 0 -998637568 1065353216 1065353216 1065353216 1065353216 0 0 0 0 0 0 0 0 0 0
37 64 176 0 16777215 0 0 0 0 0 0 0 -998637568 1065353216 1065353216 1065353216 1065353216 0 0 0 0 0 1048576 0 0 0 0
37 64 177 0 16777215 0 0 0 0 0 0 0 -998637568 1065353216 1065353216 1065353216 1065353216 0 0 0 0 0 2097152 0 0 0 0
37 64 178 0 16777215 0 0 0 0 0 0 0 -998637568 1065353216 1065353216 1065353216 1065353216 0 0 0 0 0 3145728 0 0 0 0
37 64 179 0 16777215 0 0 0 0 0 0 0 -998637568 1065353216 1065353216 1065353216 1065353216 0 0 0 3145728 3145728 3145728 0 0 0 0
37 64 180 0 16777215 0 0 0 0 0 0 0 -998637568 1065353216 1065353216 1065353216 1065353216 3145728 0 0 3145728 3145728 3145728 0 0 0 0
37 64 181 0 16777215 0 0 0 0 0 0 0 -998637568 1065353216 1065353216 1065353216 1065353216 3145728 0 3145728 3145728 3145728 3145728 0 0 0 0
37 64 182 0 16777215 0 0 0 0 0 0 0 -998637568 1065353216 1065353216 1065353216 1065353216 3145728 0 3145728 3145728 3145728 3145728 0 0 0 0
37 64 183 0 16777215 0 0 0 0 0 0 0 -998637568 1065353216 1065353216 1065353216 1065353216 3145728 0 3145728 3145728 3145728 3145728 0 0 0 0
37 64 184 0 16777215 0 0 0 0 0 0 0 -998637568 1065353216 1065353216 1065353216 1065353216 3145728 0 3145728 0 3145728 3145728 0 0 0 0
37 65 168 0 16777215 0 0 0 0 0 0 0 -998637568 1065353216 1065353216 1065353216 1065353216 0 0 0 0 0 0 0 0 0 0
37 65 169 0 16777215 0 0 0 0 0 0 0 -998637568 1065353216 1065353216 1065353216 1065353216 0 0 0 0 0 0 0 0 0 0
37 65 170 0 16777215 0 0 0 0 0 0 0 -998637568 1065353216 1065353216 1065353216 1065353216 0 0 0 0 0 0 0 0 0 0
37 65 171 0 16777215 0 0 0 0 0 0 0 -998637568 1065353216 1065353216 1065353216 1065353216 0 0 0 0 0 0 0 0 0 0
37 65 172 0 16777215 0 0 0 0 0 0 0 -998637568 1065353216 1065353216 1065353216 1065353216 0 0 0 0 0 0 0 0 0 0
37 65 173 0 16777215 0 0 0 0 0 0 0 -998637568 1065353216 1065353216 1065353216 1065353216 0 0 0 0 0 1048576 0 0 0 0
37 65 174 0 16777215 0 0 0 0 0 0 0 -998637568 1065353216 1065353216 1065353216 1065353216 0 0 0 0 0 2097152 0 0 0 0
37 65 175 0 16777215 0 0 0 0 0 0 0 -998637568 1065353216 1065353216 1065353216 1065353216 0 0 0 1048576 0 3145728 0 0 0 0
37 65 176 0 16777215 0 0 0 0 0 0 0 -998637568 1065353216 1065353216 1065353216 1065353216 1048576 0 0 2097152 0 4194304 0 0 0 0
37 65 177 0 16777215 0 0 0 0 0 0 0 -998637568 1065353216 1065353216 1065353216 1065353216 2097152 0 1048576 3145728 0 5242880 0 0 0 0
37 65 178 0 16777215 0 0 0 0 0 0 0 -998637568 1065353216 1065353216 1065353216 1065353216 3145728 0 2097152 3145728 3145728 6291456 0 0 0 0
37 65 179 0 16777215 0 0 0 0 0 0 0 -998637568 1065353216 1065353216 1065353216 1065353216 3145728 0 3145728 6291456 6291456 6291456 0 0 0 0
37 65 180 0 16777215 0 0 0 0 0 0 0 -998637568 1065353216 1065353216 1065353216 1065353216 6291456 3145728 3145728 6291456 6291456 6291456 0 0 0 0
37 65 181 0 16777215 0 0 0 0 0 0 0 -998637568 1065353216 1065353216 1065353216 1065353216 6291456 3145728 6291456 6291456 6291456 6291456 0 0 0 0
37 65 182 0 16777215 0 0 0 0 0 0 0 -998637568 1065353216 1065353216 1065353216 1065353216 6291456 3145728 6291456 6291456 6291456 6291456 0 0 0 0
37 65 183 0 16777215 0 0 0 0 0 0 0 -998637568 1065353216 1065353216 1065353216 1065353216 6291456 3145728 6291456 6291456 6291456 6291456 0 0 0 0
37 65 184 0 16777215 0 0 0 0 0 0 0 -998637568 1065353216 1065353216 1065353216 1065353216 6291456 3145728 6291456 0 6291456 6291456 0 0 0 0
37 66 168 0 16777215 0 0 0 0 0 0 0 -998637568 1065353216 1065353216 1065353216 1065353216 0 0 0 0 0 0 0 0 0 0
37 66 169 0 16777215 0 0 0 0 0 0 0 -998637568 1065353216 1065353216 1065353216 1065353216 0 0 0 0 0 0 0 0 0 0
37 66 170 0 16777215 0 0 0 0 0 0 0 -998637568 1065353216 1065353216 1065353216 1065353216 0 0 0 0 0 1048576 0 0 0 0
37 66 171 0 16777215 0 0 0 0 0 0 0 -998637568 1065353216 1065353216 1065353216 1065353216 0 0 0 0 0 2097152 0 0 0 0
37 66 172 0 16777215 0 0 0 0 0 0 0 -998637568 1065353216 1065353216 1065353216 1065353216 0 0 0 1048576 0 3145728 0 0 0 0
37 66 173 0 16777215 0 0 0 0 0 0 0 -998637568 1065353216 1065353216 1065353216 1065353216 1048576 0 0 2097152 0 4194304 0 0 0 0
37 66 174 0 16777215 0 0 0 0 0 0 0 -998637568 1065353216 1065353216 1065353216 1065353216 2097152 0 1048576 3145728 0 5242880 0 0 0 0
37 66 175 0 16777215 0 0 0 0 0 0 0 -998637568 1065353216 1065353216 1065353216 1065353216 3145728 0 2097152 4194304 0 6291456 0 0 0 0
37 66 176 0 16777215 0 0 0 0 0 0 0 -998637568 1065353216 1065353216 1065353216 1065353216 4194304 1048576 3145728 5242880 1048576 7340032 0 0 0 0
37 66 177 0 16777215 0 0 0 0 0 0 0 -998637568 1065353216 1065353216 1065353216 1065353216 5242880 2097152 4194304 6291456 3145728 8388608 0 0 0 0
37 66 178 0 16777215 0 0 0 0 0 0 0 -998637568 1065353216 1065353216 1065353216 1065353216 6291456 3145728 5242880 6291456 6291456 9437184 0 0 0 0
37 66 179 0 16777215 0 0 0 0 0 0 0 -998637568 1065353216 1065353216 1065353216 1065353216 6291456 3145728 6291456 9437184 9437184 9437184 0 0 0 0
37 66 180 0 16777215 0 0 0 0 0 0 0 -998637568 1065353216 1065353216 1065353216 1065353216 9437184 6291456 6291456 9437184 9437184 9437184 0 0 0 0
37 66 181 0 16777215 0 0 0 0 0 0 0 -998637568 1065353216 1065353216 1065353216 1065353216 9437184 6291456 9437184 9437184 9437184 9437184 0 0 0 0
37 66 182 0 16777215 0 0 0 0 0 0 0 -998637568 1065353216 1065353216 1065353216 1065353216 9437184 6291456 9437184 9437184 9437184 9437184 0 0 0 0
37 66 183 0 16777215 0 0 0 0 0 0 0 -998637568 1065353216 1065353216 1065353216 1065353216 9437184 6291456 9437184 9437184 9437184 9437184 0 0 0 0
37 66 184 0 16777215 0 0 0 0 0 0 0 -998637568 1065353216 1065353216 1065353216 1065353216 9437184 6291456 9437184 0 9437184 9437184 0 0 0 0
37 67 168 0 16777215 0 0 0 0 0 0 0 -998637568 1065353216 1065353216 1065353216 1065353216 0 0 0 0 0 0 0 0 0 0
37 67 169 0 16777215 0 0 0 0 0 0 0 -998637568 1065353216 1065353216 1065353216 1065353216 0 0 0 1048576 0 1048576 0 0 0 0
37 67 170 0 16777215 0 0 0 0 0 0 0 -998637568 1065353216 1065353216 1065353216 1065353216 1048576 0 0 2097152 0 4194304 0 0 0 0
37 67 171 0 16777215 0 0 0 0 0 0 0 -998637568 1065353216 1065353216 1065353216 1065353216 2097152 0 1048576 3145728 0 5242880 0 0 0 0
37 67 172 0 16777215 0 0 0 0 0 0 0 -998637568 1065353216 1065353216 1065353216 1065353216 3145728 0 2097152 4194304 0 6291456 0 0 0 0
37 67 173 0 16777215 0 0 0 0 0 0 0 -998637568 1065353216 1065353216 1065353216 1065353216 4194304 1048576 3145728 5242880 1048576 7340032 0 0 0 0
37 67 174 0 16777215 0 0 0 0 0 0 0 -998637568 1065353216 1065353216 1065353216 1065353216 5242880 2097152 4194304 6291456 2097152 8388608 0 0 0 0
37 67 175 0 16777215 0 0 0 0 0 0 0 -998637568 1065353216 1065353216 1065353216 1065353216 6291456 3145728 5242880 7340032 3145728 9437184 0 0 0 0
37 67 176 0 16777215 0 0 0 0 0 0 0 -998637568 1065353216 1065353216 1065353216 1065353216 7340032 4194304 6291456 8388608 4194304 10485760 0 0 0 0
37 67 177 0 16777215 0 0 0 0 0 0 0 -998637568 1065353216 1065353216 1065353216 1065353216 8388608 5242880 7340032 9437184 6291456 11534336 0 0 0 0
37 67 178 0 16777215 0 0 0 0 0 0 0 -998637568 1065353216 1065353216 1065353216 1065353216 9437184 6291456 8388608 9437184 9437184 12582912 0 0 0 0
37 67 179 0 16777215 0 0 0 0 0 0 0 -998637568 1065353216 1065353216 1065353216 1065353216 9437184 6291456 9437184 12582912 12582912 12582912 0 0 0 0
37 67 180 0 16777215 0 0 0 0 0 0 0 -998637568 1065353216 1065353216 1065353216 1065353216 12582912 9437184 9437184 12582912 12582912 12582912 0 0 0 0
37 67 181 0 16777215 0 0 0 0 0 0 0 -998637568 1065353216 1065353216 1065353216 1065353216 12582912 9437184 12582912 12582912 12582912 12582912 0 0 0 0
37 67 182 0 16777215 0 0 0 0 0 0 0 -998637568 1065353216 1065353216 1065353216 1065353216 12582912 9437184 12582912 12582912 12582912 12582912 0 0 0 0
37 67 183 0 16777215 0 0 0 0 0 0 0 -998637568 1065353216 1065353216 1065353216 1065353216 12582912 9437184 12582912 12582912 12582912 12582912 0 0 0 0
37 67 184 0 16777215 0 0 0 0 0 0 0 -998637568 1065353216 1065353216 1065353216 1065353216 12582912 9437184 12582912 12582912 12582912 12582912 0 0 0 0
37 68 168 0 16777215 1 0 0 0 0 0 0 -998637568 1063489081 1063489081 1063489081 1063489081 0 0 0 0 0 0 0 0 0 0
37 68 169 0 16777215 1 0 0 0 0 0 1 -998637568 1063489081 1063489081 1063489081 1063489081 0 0 0 1048576 0 1048576 0 0 0 0
37 68 170 0 16777215 1 0 0 0 0 0 1 -998637568 1063489081 1063489081 1063489081 1063489081 1048576 1048576 0 2097152 0 7340032 0 0 0 0
37 68 171 0 16777215 1 0 0 0 0 0 1 -998637568 1063489081 1063489081 1063489081 1063489081 2097152 2097152 1048576 3145728 0 8388608 0 0 0 0
37 68 172 0 16777215 1 0 0 0 0 0 1 -998637568 1063489081 1063489081 1063489081 1063489081 3145728 3145728 2097152 4194304 0 9437184 0 0 0 0
37 68 173 0 16777215 1 0 0 0 0 0 1 -998637568 1063489081 1063489081 1063489081 1063489081 4194304 4194304 3145728 5242880 1048576 10485760 0 0 0 0
37 68 174 0 16777215 1 0 0 0 0 0 1 -998637568 1063489081 1063489081 1063489081 1063489081 5242880 5242880 4194304 6291456 2097152 11534336 0 0 0 0
37 68 175 0 16777215 1 0 0 0 0 0 1 -998637568 1063489081 1063489081 1063489081 1063489081 6291456 6291456 5242880 7340032 3145728 12582912 0 0 0 0
37 68 176 0 16777215 1 0 0 0 0 0 1 -998637568 1063489081 1063489081 1063489081 1063489081 7340032 7340032 6291456 8388608 4194304 13631488 0 0 0 0
37 68 177 0 16777215 1 0 0 0 0 0 1 -998637568 1063489081 1063489081 1063489081 1063489081 8388608 8388608 7340032 9437184 6291456 14680064 0 0 0 0
37 68 178 0 16777215 1 0 0 0 0 0 1 -998637568 1063489081 1063489081 1063489081 1063489081 9437184 9437184 8388608 9437184 9437184 15728640 0 0 0 0
37 68 179 0 16777215 1 0 0 0 0 0 1 -998637568 1063489081 1063489081 1063489081 1063489081 9437184 9437184 9437184 15728640 15728640 15728640 0 0 0 0
37 68 180 0 16777215 1 0 0 0 0 0 1 -998637568 1063489081 1063489081 1063489081 1063489081 15728640 12582912 9437184 15728640 15728640 15728640 0 0 0 0
37 68 181 0 16777215 1 0 0 0 0 0 1 -998637568 1063489081 1063489081 1063489081 1063489081 15728640 12582912 15728640 15728640 15728640 15728640 0 0 0 0
37 68 182 0 16777215 1 0 0 0 0 0 1 -998637568 1063489081 1063489081 1063489081 1063489081 15728640 12582912 15728640 15728640 15728640 15728640 0 0 0 0
37 68 183 0 16777215 1 0 0 0 0 0 1 -998637568 1063489081 1063489081 1063489081 1063489081 15728640 12582912 15728640 15728640 15728640 15728640 0 0 0 0
37 68 184 0 16777215 1 0 0 0 0 0 1 0 1063489081 1063333736 1063333736 1063489081 15728640 12582912 15728640 15728640 15728640 15728640 0 0 0 0
37 68 185 0 16777215 1 0 0 1 0 0 1 0 1063333736 1053236336 1057896676 1063333736 15728640 12582912 15728640 15728640 15728640 15728640 0 0 0 0
38 64 168 0 16777215 0 0 0 0 0 0 0 -998637568 1065353216 1065353216 1065353216 1065353216 0 0 0 0 0 0 0 0 0 0
38 64 169 0 16777215 0 0 0 0 0 0 0 -998637568 1065353216 1065353216 1065353216 1065353216 0 0 0 0 0 0 0 0 0 0
38 64 170 0 16777215 0 0 0 0 0 0 1 -998637568 1065353216 1065353216 1065353216 1065353216 0 0 0 0 0 0 0 0 0 0
38 64 171 0 16777215 0 0 0 0 0 0 1 -998637568 1065353216 1065353216 1065353216 1065353216 0 0 0 0 0 0 0 0 0 0
38 64 172 0 16777215 0 0 0 0 0 0 1 -998637568 1065353216 1065353216 1065353216 1065353216 0 0 0 0 0 0 0 0 0 0
38 64 173 0 16777215 0 0 0 0 0 0 1 -998637568 1065353216 1065353216 1065353216 1065353216 0 0 0 0 0 1048576 0 0 0 0
38 64 174 0 16777215 0 0 0 0 0 0 1 -998637568 1065353216 1065353216 1065353216 1065353216 0 0 0 0 0 0 0 0 0 0
38 64 175 0 16777215 0 0 0 0 0 0 0 -998637568 1065353216 1065353216 1065353216 1065353216 0 0 0 1048576 0 0 0 0 0 0
38 64 176 0 16777215 0 0 0 0 0 0 0 -998637568 1065353216 1065353216 1065353216 1065353216 1048576 0 0 2097152 0 1048576 0 0 0 0
38 64 177 0 16777215 0 0 0 0 0 0 0 -998637568 1065353216 1065353216 1065353216 1065353216 2097152 0 1048576 3145728 0 2097152 0 0 0 0
38 64 178 0 16777215 0 0 0 0 0 0 0 -998637568 1065353216 1065353216 1065353216 1065353216 3145728 0 2097152 3145728 0 3145728 0 0 0 0
38 64 179 0 16777215 0 0 0 0 0 0 0 -998637568 1065353216 1065353216 1065353216 1065353216 3145728 0 3145728 3145728 0 3145728 0 0 0 0
38 64 180 0 16777215 0 0 0 0 0 0 0 -998637568 1065353216 1065353216 1065353216 1065353216 3145728 0 3145728 3145728 3145728 3145728 0 0 0 0
38 64 181 0 16777215 0 0 0 0 0 0 0 -998637568 1065353216 1065353216 1065353216 1065353216 3145728 0 3145728 3145728 3145728 3145728 0 0 0 0
38 64 182 0 16777215 0 0 0 0 0 0 0 -998637568 1065353216 1065353216 1065353216 1065353216 3145728 0 3145728 3145728 3145728 3145728 0 0 0 0
38 64 183 0 16777215 0 0 0 0 0 0 0 -998637568 1065353216 1065353216 1065353216 1065353216 3145728 0 3145728 3145728 3145728 3145728 0 0 0 0
38 64 184 0 16777215 0 0 0 0 0 0 0 -998637568 1065353216 1065353216 1065353216 1065353216 3145728 0 3145728 0 3145728 3145728 0 0 0 0
38 65 168 0 16777215 0 0 0 0 0 0 0 -998637568 1065353216 1065353216 1065353216 1065353216 0 0 0 0 0 0 0 0 0 0
38 65 169 0 16777215 0 0 0 0 0 0 0 -998637568 1065353216 1065353216 1065353216 1065353216 0 0 0 0 0 0 0 0 0 0
38 65 170 0 16777215 0 0 0 0 0 0 0 -998637568 1065353216 1065353216 1065353216 1065353216 0 0 0 0 0 0 0 0 0 0
38 65 171 0 16777215 0 0 0 0 0 1 0 -998637568 1065353216 1065353216 1065353216 1065353216 0 0 0 0 0 0 0 0 0 1
38 65 172 0 16777215 0 0 0 0 0 1 0 -998637568 1065353216 1065353216 1065353216 1065353216 0 0 0 1048576 0 0 0 0 0 1
38 65 173 0 16777215 0 0 0 0 0 1 0 -998637568 1065353216 1065353216 1065353216 1065353216 1048576 0 0 2097152 0 1048576 0 0 0 1
38 65 174 0 16777215 0 0 0 0 0 0 0 -998637568 1065353216 1065353216 1065353216 1065353216 2097152 0 1048576 3145728 0 2097152 0 0 0 0
38 65 175 0 16777215 0 0 0 0 0 0 0 -998637568 1065353216 1065353216 1065353216 1065353216 3145728 0 2097152 4194304 0 3145728 0 0 0 0
38 65 176 0 16777215 0 0 0 0 0 0 0 -998637568 1065353216 1065353216 1065353216 1065353216 4194304 1048576 3145728 5242880 1048576 4194304 0 0 0 0
38 65 177 0 16777215 0 0 0 0 0 0 0 -998637568 1065353216 1065353216 1065353216 1065353216 5242880 2097152 4194304 6291456 2097152 5242880 0 0 0 0
38 65 178 0 16777215 0 0 0 0 0 0 0 -998637568 1065353216 1065353216 1065353216 1065353216 6291456 3145728 5242880 6291456 3145728 6291456 0 0 0 0
38 65 179 0 16777215 0 0 0 0 0 0 0 -998637568 1065353216 1065353216 1065353216 1065353216 6291456 3145728 6291456 6291456 3145728 6291456 0 0 0 0
38 65 180 0 16777215 0 0 0 0 0 0 0 -998637568 1065353216 1065353216 1065353216 1065353216 6291456 3145728 6291456 6291456 6291456 6291456 0 0 0 0
38 65 181 0 16777215 0 0 0 0 0 0 0 -998637568 1065353216 1065353216 1065353216 1065353216 6291456 3145728 6291456 6291456 6291456 6291456 0 0 0 0
38 65 182 0 16777215 0 0 0 0 0 0 0 -998637568 1065353216 1065353216 1065353216 1065353216 6291456 3145728 6291456 6291456 6291456 6291456 0 0 0 0
38 65 183 0 16777215 0 0 0 0 0 0 0 -998637568 1065353216 1065353216 1065353216 1065353216 6291456 3145728 6291456 6291456 6291456 6291456 0 0 0 0
38 65 184 0 16777215 0 0 0 0 0 0 0 -998637568 1065353216 1065353216 1065353216 1065353216 6291456 3145728 6291456 0 6291456 6291456 0 0 0 0
38 66 168 0 16777215 0 0 0 0 0 0 0 -998637568 1065353216 1065353216 1065353216 1065353216 0 0 0 0 0 0 0 0 0 0
38 66 169 0 16777215 0 0 0 0 0 0 0 -998637568 1065353216 1065353216 1065353216 1065353216 0 0 0 1048576 0 0 0 0 0 0
38 66 170 0 16777215 0 0 0 0 0 0 0 -998637568 1065353216 1065353216 1065353216 1065353216 1048576 0 0 2097152 0 1048576 0 0 0 0
38 66 171 0 16777215 0 0 0 0 0 0 0 -998637568 1065353216 1065353216 1065353216 1065353216 2097152 0 1048576 3145728 0 2097152 0 0 0 0
38 66 172 0 16777215 0 0 0 0 0 0 0 -998637568 1065353216 1065353216 1065353216 1065353216 3145728 0 2097152 4194304 0 3145728 0 0 0 0
38 66 173 0 16777215 0 0 0 0 0 0 0 -998637568 1065353216 1065353216 1065353216 1065353216 4194304 1048576 3145728 5242880 1048576 4194304 0 0 0 0
38 66 174 0 16777215 0 0 0 0 0 0 0 -998637568 1065353216 1065353216 1065353216 1065353216 5242880 2097152 4194304 6291456 2097152 5242880 0 0 0 0
38 66 175 0 16777215 0 0 0 0 0 0 0 -998637568 1065353216 1065353216 1065353216 1065353216 6291456 3145728 5242880 7340032 3145728 6291456 0 0 0 0
38 66 176 0 16777215 0 0 0 0 0 0 0 -998637568 1065353216 1065353216 1065353216 1065353216 7340032 4194304 6291456 8388608 4194304 7340032 0 0 0 0
38 66 177 0 16777215 0 0 0 0 0 0 0 -998637568 1065353216 1065353216 1065353216 1065353216 8388608 5242880 7340032 9437184 5242880 8388608 0 0 0 0
38 66 178 0 16777215 0 0 0 0 0 0 0 -998637568 1065353216 1065353216 1065353216 1065353216 9437184 6291456 8388608 9437184 6291456 9437184 0 0 0 0
38 66 179 0 16777215 0 0 0 0 0 0 0 -998637568 1065353216 1065353216 1065353216 1065353216 9437184 6291456 9437184 9437184 6291456 9437184 0 0 0 0
38 66 180 0 16777215 0 0 0 0 0 0 0 -998637568 1065353216 1065353216 1065353216 1065353216 9437184 6291456 9437184 9437184 9437184 9437184 0 0 0 0
38 66 181 0 16777215 0 0 0 0 0 0 0 -998637568 1065353216 1065353216 1065353216 1065353216 9437184 6291456 9437184 9437184 9437184 9437184 0 0 0 0
38 66 182 0 16777215 0 0 0 0 0 0 0 -998637568 1065353216 1065353216 1065353216 1065353216 9437184 6291456 9437184 9437184 9437184 9437184 0 0 0 0
38 66 183 0 16777215 0 0 0 0 0 0 0 -998637568 1065353216 1065353216 1065353216 1065353216 9437184 6291456 9437184 9437184 9437184 9437184 0 0 0 0
38 66 184 0 16777215 0 0 0 0 0 0 0 -998637568 1065353216 1065353216 1065353216 1065353216 9437184 6291456 9437184 0 9437184 9437184 0 0 0 0
38 67 168 0 16777215 0 0 0 0 0 0 0 -998637568 1065353216 1065353216 1065353216 1065353216 0 0 0 1048576 0 0 0 0 0 0
38 67 169 0 16777215 0 0 0 0 0 0 0 -998637568 1065353216 1065353216 1065353216 1065353216 1048576 0 0 4194304 0 1048576 0 0 0 0
38 67 170 0 16777215 0 0 0 0 0 0 0 -998637568 1065353216 1065353216 1065353216 1065353216 4194304 1048576 1048576 5242880 1048576 4194304 0 0 0 0
38 67 171 0 16777215 0 0 0 0 0 0 0 -998637568 1065353216 1065353216 1065353216 1065353216 5242880 2097152 4194304 6291456 2097152 5242880 0 0 0 0
38 67 172 0 16777215 0 0 0 0 0 0 0 -998637568 1065353216 1065353216 1065353216 1065353216 6291456 3145728 5242880 7340032 3145728 6291456 0 0 0 0
38 67 173 0 16777215 0 0 0 0 0 0 0 -998637568 1065353216 1065353216 1065353216 1065353216 7340032 4194304 6291456 8388608 4194304 7340032 0 0 0 0
38 67 174 0 16777215 0 0 0 0 0 0 0 -998637568 1065353216 1065353216 1065353216 1065353216 8388608 5242880 7340032 9437184 5242880 8388608 0 0 0 0
38 67 175 0 16777215 0 0 0 0 0 0 0 -998637568 1065353216 1065353216 1065353216 1065353216 9437184 6291456 8388608 10485760 6291456 9437184 0 0 0 0
38 67 176 0 16777215 0 0 0 0 0 0 0 -998637568 1065353216 1065353216 1065353216 1065353216 10485760 7340032 9437184 11534336 7340032 10485760 0 0 0 0
38 67 177 0 16777215 0 0 0 0 0 0 0 -998637568 1065353216 1065353216 1065353216 1065353216 11534336 8388608 10485760 12582912 8388608 11534336 0 0 0 0
38 67 178 0 16777215 0 0 0 0 0 0 0 -998637568 1065353216 1065353216 1065353216 1065353216 12582912 9437184 11534336 12582912 9437184 12582912 0 0 0 0
38 67 179 0 16777215 0 0 0 0 0 0 0 -998637568 1065353216 1065353216 1065353216 1065353216 12582912 9437184 12582912 12582912 9437184 12582912 0 0 0 0
38 67 180 0 16777215 0 0 0 0 0 0 0 -998637568 1065353216 1065353216 1065353216 1065353216 12582912 9437184 12582912 12582912 12582912 12582912 0 0 0 0
38 67 181 0 16777215 0 0 0 0 0 0 0 -998637568 1065353216 1065353216 1065353216 1065353216 12582912 9437184 12582912 12582912 12582912 12582912 0 0 0 0
38 67 182 0 16777215 0 0 0 0 0 0 0 -998637568 1065353216 1065353216 1065353216 1065353216 12582912 9437184 12582912 12582912 12582912 12582912 0 0 0 0
38 67 183 0 16777215 0 0 0 0 0 0 0 -998637568 1065353216 1065353216 1065353216 1065353216 12582912 9437184 12582912 12582912 12582912 12582912 0 0 0 0
38 67 184 0 16777215 0 0 0 0 0 0 0 -998637568 1065353216 1065353216 1065353216 1065353216 12582912 9437184 12582912 12582912 12582912 12582912 0 0 0 0
38 67 188 0 16777215 0 0 0 0 1 0 1 0 1065353216 1065353216 1065353216 1065353216 12582912 9437184 12582912 15728640 15728640 15728640 0 0 0 0
38 68 168 0 16777215 1 0 0 0 0 0 0 -998637568 1063489081 1063489081 1063489081 1063489081 0 0 0 1048576 0 0 0 0 0 0
38 68 169 0 16777215 1 0 0 0 0 0 1 -998637568 1063489081 1063489081 1063489081 1063489081 1048576 1048576 0 7340032 0 1048576 0 0 0 0
38 68 170 0 16777215 1 0 0 0 0 0 1 -998637568 1063489081 1063489081 1063489081 1063489081 7340032 4194304 1048576 8388608 1048576 7340032 0 0 0 0
38 68 171 0 16777215 1 0 0 0 0 0 1 -998637568 1063489081 1063489081 1063489081 1063489081 8388608 5242880 7340032 9437184 2097152 8388608 0 0 0 0
38 68 172 0 16777215 1 0 0 0 0 0 1 -998637568 1063489081 1063489081 1063489081 1063489081 9437184 6291456 8388608 10485760 3145728 9437184 0 0 0 0
38 68 173 0 16777215 1 0 0 0 0 0 1 -998637568 1063489081 1063489081 1063489081 1063489081 10485760 7340032 9437184 11534336 4194304 10485760 0 0 0 0
38 68 174 0 16777215 1 0 0 0 0 0 1 -998637568 1063489081 1063489081 1063489081 1063489081 11534336 8388608 10485760 12582912 5242880 11534336 0 0 0 0
38 68 175 0 16777215 1 0 0 0 0 0 1 -998637568 1063489081 1063489081 1063489081 1063489081 12582912 9437184 11534336 13631488 6291456 12582912 0 0 0 0
38 68 176 0 16777215 1 0 0 0 0 0 1 -998637568 1063489081 1063489081 1063489081 1063489081 13631488 10485760 12582912 14680064 7340032 13631488 0 0 0 0
38 68 177 0 16777215 1 0 0 0 0 0 1 -998637568 1063489081 1063489081 1063489081 1063489081 14680064 11534336 13631488 15728640 8388608 14680064 0 0 0 0
38 68 178 0 16777215 1 0 0 0 0 0 1 -998637568 1063489081 1063489081 1063489081 1063489081 15728640 12582912 14680064 15728640 9437184 15728640 0 0 0 0
38 68 179 0 16777215 1 0 0 0 0 0 1 -998637568 1063489081 1063489081 1063489081 1063489081 15728640 12582912 15728640 15728640 9437184 15728640 0 0 0 0
38 68 180 0 16777215 1 0 0 0 0 0 1 -998637568 1063489081 1063489081 1063489081 1063489081 15728640 12582912 15728640 15728640 15728640 15728640 0 0 0 0
38 68 181 0 16777215 1 0 0 0 0 0 1 -998637568 1063489081 1063489081 1063489081 1063489081 15728640 12582912 15728640 15728640 15728640 15728640 0 0 0 0
38 68 182 0 16777215 1 0 0 0 0 0 1 -998637568 1063489081 1063489081 1063489081 1063489081 15728640 12582912 15728640 15728640 15728640 15728640 0 0 0 0
38 68 183 0 16777215 1 0 0 0 0 0 1 -998637568 1063489081 1063489081 1063489081 1063489081 15728640 12582912 15728640 15728640 15728640 15728640 0 0 0 0
38 68 184 0 16777215 1 0 0 0 0 0 1 0 1063489081 1063333736 1063408031 1063489081 15728640 12582912 15728640 15728640 15728640 15728640 0 0 0 0
38 68 185 0 16777215 1 0 0 0 0 0 1 0 1063333736 1057896676 1056343230 1063408031 15728640 12582912 15728640 15728640 15728640 15728640 0 0 0 0
38 68 186 0 16777215 1 0 0 0 1 1 1 0 1057896676 1050440136 1050440136 1056343230 15728640 12582912 15728640 15728640 15728640 15728640 0 0 0 0
38 68 187 0 16777215 1 0 0 0 1 1 1 0 1050440136 1048576000 1048576000 1050440136 15728640 12582912 15728640 15728640 15728640 15728640 0 0 0 0
38 68 188 0 16777215 1 0 0 1 1 1 1 0 1048576000 1038323256 1038323256 1048576000 15728640 12582912 15728640 15728640 15728640 15728640 0 0 0 0
39 64 168 0 16777215 0 0 0 0 0 0 0 -998637568 1065353216 1065353216 1065353216 1065353216 0 0 0 0 0 0 0 0 0 0
39 64 169 0 16777215 0 0 0 0 0 0 0 -998637568 1065353216 1065353216 1065353216 1065353216 0 0 0 0 0 0 0 0 0 0
39 64 170 0 16777215 0 0 0 0 0 0 1 -998637568 1065353216 1065353216 1065353216 1065353216 0 0 0 0 0 0 0 0 0 0
39 64 171 0 16777215 1 0 0 0 0 0 1 -998637568 1065353216 1065353216 1063489081 1065353216 0 0 0 0 0 0 0 0 0 0
39 64 172 0 16777215 1 0 0 0 0 0 1 -998637568 1065353216 1065353216 1063489081 1063489081 0 0 0 1048576 0 0 0 0 0 0
39 64 173 0 16777215 1 0 0 0 0 0 1 -998637568 1065353216 1065353216 1065353216 1063489081 1048576 0 0 0 0 1048576 0 0 0 0
39 64 174 0 16777215 0 0 0 0 0 0 1 -998637568 1065353216 1065353216 1065353216 1065353216 0 0 1048576 0 0 0 0 0 0 0
39 64 175 0 16777215 0 0 0 0 0 0 0 -998637568 1065353216 1065353216 1065353216 1065353216 0 0 0 1048576 0 0 0 0 0 0
39 64 176 0 16777215 0 0 0 0 0 0 0 -998637568 1065353216 1065353216 1065353216 1065353216 1048576 0 0 2097152 1048576 1048576 0 0 0 0
39 64 177 0 16777215 0 0 0 0 0 0 0 -998637568 1065353216 1065353216 1065353216 1065353216 2097152 0 1048576 3145728 2097152 2097152 0 0 0 0
39 64 178 0 16777215 0 0 0 0 0 0 0 -998637568 1065353216 1065353216 1065353216 1065353216 3145728 0 2097152 3145728 3145728 3145728 0 0 0 0
39 64 179 0 16777215 0 0 0 0 0 0 0 -998637568 1065353216 1065353216 1065353216 1065353216 3145728 0 3145728 3145728 3145728 3145728 0 0 0 0
39 64 180 0 16777215 0 0 0 0 0 0 0 -998637568 1065353216 1065353216 1065353216 1065353216 3145728 0 3145728 3145728 3145728 3145728 0 0 0 0
39 64 181 0 16777215 0 0 0 0 0 0 0 -998637568 1065353216 1065353216 1065353216 1065353216 3145728 0 3145728 3145728 3145728 3145728 0 0 0 0
39 64 182 0 16777215 0 0 0 0 0 0 0 -998637568 1065353216 1065353216 1065353216 1065353216 3145728 0 3145728 3145728 3145728 3145728 0 0 0 0
39 64 183 0 16777215 0 0 0 0 0 0 0 -998637568 1065353216 1065353216 1065353216 1065353216 3145728 0 3145728 3145728 3145728 3145728 0 0 0 0
39 64 184 0 16777215 0 0 0 0 0 0 0 -998637568 1065353216 1065353216 1065353216 1065353216 3145728 0 3145728 0 3145728 3145728 0 0 0 0
39 65 168 0 16777215 0 0 0 0 0 0 0 -998637568 1065353216 1065353216 1065353216 1065353216 0 0 0 0 0 0 0 0 0 0
39 65 169 0 16777215 0 0 0 0 0 0 0 -998637568 1065353216 1065353216 1065353216 1065353216 0 0 0 0 0 0 0 0 0 0
39 65 170 0 16777215 0 0 0 1 0 0 0 -998637568 1065353216 1065353216 1065353216 1065353216 0 0 0 0 0 0 0 1 0 0
39 65 174 0 16777215 0 0 1 0 0 0 0 -998637568 1065353216 1065353216 1065353216 1065353216 2097152 0 1048576 3145728 2097152 2097152 1 0 0 0
39 65 175 0 16777215 0 0 0 0 0 0 0 -998637568 1065353216 1065353216 1065353216 1065353216 3145728 0 2097152 4194304 3145728 3145728 0 0 0 0
39 65 176 0 16777215 0 0 0 0 0 0 0 -998637568 1065353216 1065353216 1065353216 1065353216 4194304 1048576 3145728 5242880 4194304 4194304 0 0 0 0
39 65 177 0 16777215 0 0 0 0 0 0 0 -998637568 1065353216 1065353216 1065353216 1065353216 5242880 2097152 4194304 6291456 5242880 5242880 0 0 0 0
39 65 178 0 16777215 0 0 0 0 0 0 0 -998637568 1065353216 1065353216 1065353216 1065353216 6291456 3145728 5242880 6291456 6291456 6291456 0 0 0 0
39 65 179 0 16777215 0 0 0 0 0 0 0 -998637568 1065353216 1065353216 1065353216 1065353216 6291456 3145728 6291456 6291456 6291456 6291456 0 0 0 0
39 65 180 0 16777215 0 0 0 0 0 0 0 -998637568 1065353216 1065353216 1065353216 1065353216 6291456 3145728 6291456 6291456 6291456 6291456 0 0 0 0
39 65 181 0 16777215 0 0 0 0 0 0 0 -998637568 1065353216 1065353216 1065353216 1065353216 6291456 3145728 6291456 6291456 6291456 6291456 0 0 0 0
39 65 182 0 16777215 0 0 0 0 0 0 0 -998637568 1065353216 1065353216 1065353216 1065353216 6291456 3145728 6291456 6291456 6291456 6291456 0 0 0 0
39 65 183 0 16777215 0 0 0 0 0 0 0 -998637568 1065353216 1065353216 1065353216 1065353216 6291456 3145728 6291456 6291456 6291456 6291456 0 0 0 0
39 65 184 0 16777215 0 0 0 0 0 0 0 -998637568 1065353216 1065353216 1065353216 1065353216 6291456 3145728 6291456 0 6291456 6291456 0 0 0 0
39 66 168 0 16777215 0 0 0 0 0 0 0 -998637568 1065353216 1065353216 1065353216 1065353216 0 0 0 0 0 0 0 0 0 0
39 66 169 0 16777215 0 0 0 0 0 0 0 -998637568 1065353216 1065353216 1065353216 1065353216 0 0 0 1048576 0 0 0 0 0 0
39 66 170 0 16777215 0 0 0 0 0 0 0 -998637568 1065353216 1065353216 1065353216 1065353216 1048576 0 0 2097152 1048576 2097152 0 0 0 0
39 66 171 0 16777215 0 1 0 0 0 0 0 -998637568 1065353216 1065353216 1065353216 1065353216 2097152 0 1048576 3145728 2097152 2097152 0 0 0 0
39 66 172 0 16777215 0 1 0 0 0 0 0 -998637568 1065353216 1065353216 1065353216 1065353216 3145728 0 2097152 4194304 3145728 3145728 0 0 0 0
39 66 173 0 16777215 0 1 0 0 0 0 0 -998637568 1065353216 1065353216 1065353216 1065353216 4194304 1048576 3145728 5242880 4194304 4194304 0 0 0 0
39 66 174 0 16777215 0 0 0 0 0 0 0 -998637568 1065353216 1065353216 1065353216 1065353216 5242880 2097152 4194304 6291456 5242880 5242880 0 0 0 0
39 66 175 0 16777215 0 0 0 0 0 0 0 -998637568 1065353216 1065353216 1065353216 1065353216 6291456 3145728 5242880 7340032 6291456 6291456 0 0 0 0
39 66 176 0 16777215 0 0 0 0 0 0 0 -998637568 1065353216 1065353216 1065353216 1065353216 7340032 4194304 6291456 8388608 7340032 7340032 0 0 0 0
39 66 177 0 16777215 0 0 0 0 0 0 0 -998637568 1065353216 1065353216 1065353216 1065353216 8388608 5242880 7340032 9437184 8388608 8388608 0 0 0 0
39 66 178 0 16777215 0 0 0 0 0 0 0 -998637568 1065353216 1065353216 1065353216 1065353216 9437184 6291456 8388608 9437184 9437184 9437184 0 0 0 0
39 66 179 0 16777215 0 0 0 0 0 0 0 -998637568 1065353216 1065353216 1065353216 1065353216 9437184 6291456 9437184 9437184 9437184 9437184 0 0 0 0
39 66 180 0 16777215 0 0 0 0 0 0 0 -998637568 1065353216 1065353216 1065353216 1065353216 9437184 6291456 9437184 9437184 9437184 9437184 0 0 0 0
39 66 181 0 16777215 0 0 0 0 0 0 0 -998637568 1065353216 1065353216 1065353216 1065353216 9437184 6291456 9437184 9437184 9437184 9437184 0 0 0 0
39 66 182 0 16777215 0 0 0 0 0 0 0 -998637568 1065353216 1065353216 1065353216 1065353216 9437184 6291456 9437184 9437184 9437184 9437184 0 0 0 0
39 66 183 0 16777215 0 0 0 0 0 0 0 -998637568 1065353216 1065353216 1065353216 1065353216 9437184 6291456 9437184 9437184 9437184 9437184 0 0 0 0
39 66 184 0 16777215 0 0 0 0 0 0 0 -998637568 1065353216 1065353216 1065353216 1065353216 9437184 6291456 9437184 0 9437184 9437184 0 0 0 0
39 67 168 0 16777215 0 0 0 0 0 0 0 -998637568 1065353216 1065353216 1065353216 1065353216 0 0 0 1048576 0 0 0 0 0 0
39 67 169 0 16777215 0 0 0 0 0 0 0 -998637568 1065353216 1065353216 1065353216 1065353216 1048576 0 0 4194304 1048576 2097152 0 0 0 0
39 67 170 0 16777215 0 0 0 0 0 0 0 -998637568 1065353216 1065353216 1065353216 1065353216 4194304 1048576 1048576 5242880 4194304 5242880 0 0 0 0
39 67 171 0 16777215 0 0 0 0 0 0 0 -998637568 1065353216 1065353216 1065353216 1065353216 5242880 2097152 4194304 6291456 5242880 5242880 0 0 0 0
39 67 172 0 16777215 0 0 0 0 0 0 0 -998637568 1065353216 1065353216 1065353216 1065353216 6291456 3145728 5242880 7340032 6291456 6291456 0 0 0 0
39 67 173 0 16777215 0 0 0 0 0 0 0 -998637568 1065353216 1065353216 1065353216 1065353216 7340032 4194304 6291456 8388608 7340032 7340032 0 0 0 0
39 67 174 0 16777215 0 0 0 0 0 0 0 -998637568 1065353216 1065353216 1065353216 1065353216 8388608 5242880 7340032 9437184 8388608 8388608 0 0 0 0
39 67 175 0 16777215 0 0 0 0 0 0 0 -998637568 1065353216 1065353216 1065353216 1065353216 9437184 6291456 8388608 10485760 9437184 9437184 0 0 0 0
39 67 176 0 16777215 0 0 0 0 0 0 0 -998637568 1065353216 1065353216 1065353216 1065353216 10485760 7340032 9437184 11534336 10485760 10485760 0 0 0 0
39 67 177 0 16777215 0 0 0 0 0 0 0 -998637568 1065353216 1065353216 1065353216 1065353216 11534336 8388608 10485760 12582912 11534336 11534336 0 0 0 0
39 67 178 0 16777215 0 0 0 0 0 0 0 -998637568 1065353216 1065353216 1065353216 1065353216 12582912 9437184 11534336 12582912 12582912 12582912 0 0 0 0
39 67 179 0 16777215 0 0 0 0 0 0 0 -998637568 1065353216 1065353216 1065353216 1065353216 12582912 9437184 12582912 12582912 12582912 12582912 0 0 0 0
39 67 180 0 16777215 0 0 0 0 0 0 0 -998637568 1065353216 1065353216 1065353216 1065353216 12582912 9437184 12582912 12582912 12582912 12582912 0 0 0 0
39 67 181 0 16777215 0 0 0 0 0 0 0 -998637568 1065353216 1065353216 1065353216 1065353216 12582912 9437184 12582912 12582912 12582912 12582912 0 0 0 0
39 67 182 0 16777215 0 0 0 0 0 0 0 -998637568 1065353216 1065353216 1065353216 1065353216 12582912 9437184 12582912 12582912 12582912 12582912 0 0 0 0
39 67 183 0 16777215 0 0 0 0 0 0 0 -998637568 1065353216 1065353216 1065353216 1065353216 12582912 9437184 12582912 12582912 12582912 12582912 0 0 0 0
39 67 184 0 16777215 0 0 0 0 0 0 0 -998637568 1065353216 1065353216 1065353216 1065353216 12582912 9437184 12582912 0 12582912 12582912 0 0 0 0
39 68 168 0 16777215 1 0 0 0 0 0 0 -998637568 1063489081 1063489081 1063489081 1063489081 0 0 0 1048576 0 0 0 0 0 0
39 68 169 0 16777215 1 0 0 0 0 0 1 -998637568 1063489081 1063489081 1063489081 1063489081 1048576 1048576 0 7340032 1048576 2097152 0 0 0 0
39 68 170 0 16777215 1 0 0 0 0 0 1 -998637568 1063489081 1063489081 1063489081 1063489081 7340032 4194304 1048576 8388608 7340032 8388608 0 0 0 0
39 68 171 0 16777215 1 0 0 0 0 0 1 -998637568 1063489081 1063489081 1063489081 1063489081 8388608 5242880 7340032 9437184 8388608 8388608 0 0 0 0
39 68 172 0 16777215 1 0 0 0 0 0 1 -998637568 1063489081 1063489081 1063489081 1063489081 9437184 6291456 8388608 10485760 9437184 9437184 0 0 0 0
39 68 173 0 16777215 1 0 0 0 0 0 1 -998637568 1063489081 1063489081 1063489081 1063489081 10485760 7340032 9437184 11534336 10485760 10485760 0 0 0 0
39 68 174 0 16777215 1 0 0 0 0 0 1 -998637568 1063489081 1063489081 1063489081 1063489081 11534336 8388608 10485760 12582912 11534336 11534336 0 0 0 0
39 68 175 0 16777215 1 0 0 0 0 0 1 -998637568 1063489081 1063489081 1063489081 1063489081 12582912 9437184 11534336 13631488 12582912 12582912 0 0 0 0
39 68 176 0 16777215 1 0 0 0 0 0 1 -998637568 1063489081 1063489081 1063489081 1063489081 13631488 10485760 12582912 14680064 13631488 13631488 0 0 0 0
39 68 177 0 16777215 1 0 0 0 0 0 1 -998637568 1063489081 1063489081 1063489081 1063489081 14680064 11534336 13631488 15728640 14680064 14680064 0 0 0 0
39 68 178 0 16777215 1 0 0 0 0 0 1 -998637568 1063489081 1063489081 1063489081 1063489081 15728640 12582912 14680064 15728640 15728640 15728640 0 0 0 0
39 68 179 0 16777215 1 0 0 0 0 0 1 -998637568 1063489081 1063489081 1063489081 1063489081 15728640 12582912 15728640 15728640 15728640 15728640 0 0 0 0
39 68 180 0 16777215 1 0 0 0 0 0 1 -998637568 1063489081 1063489081 1063489081 1063489081 15728640 12582912 15728640 15728640 15728640 15728640 0 0 0 0
39 68 181 0 16777215 1 0 0 0 0 0 1 -998637568 1063489081 1063489081 1063489081 1063489081 15728640 12582912 15728640 15728640 15728640 15728640 0 0 0 0
39 68 182 0 16777215 1 0 0 0 0 0 1 -998637568 1063489081 1063489081 1063489081 1063489081 15728640 12582912 15728640 15728640 15728640 15728640 0 0 0 0
39 68 183 0 16777215 1 0 0 0 0 0 1 -998637568 1063489081 1063489081 1063489081 1063489081 15728640 12582912 15728640 15728640 15728640 15728640 0 0 0 0
39 68 184 0 16777215 1 0 0 0 0 0 1 -998637568 1063489081 1063408031 1063408031 1063489081 15728640 12582912 15728640 15728640 15728640 15728640 0 0 0 0
40 64 168 0 16777215 0 0 0 0 0 0 0 -998637568 1065353216 1065353216 1065353216 1065353216 0 0 0 0 0 0 0 0 0 0
40 64 169 0 16777215 0 0 0 0 0 0 0 -998637568 1065353216 1065353216 1065353216 1065353216 0 0 0 0 0 0 0 0 0 0
40 64 170 0 16777215 0 0 0 0 0 0 1 -998637568 1065353216 1065353216 1065353216 1065353216 0 0 0 0 0 0 0 0 0 0
40 64 171 0 16777215 1 0 0 0 0 0 1 -998637568 1065353216 1063489081 1063489081 1065353216 0 0 0 0 0 0 0 0 0 0
40 64 172 0 16777215 1 0 0 0 0 0 1 -998637568 1063489081 1063489081 1063489081 1063489081 0 0 0 1048576 0 0 0 0 0 0
40 64 173 0 16777215 1 0 0 0 0 0 1 -998637568 1063489081 1065353216 1065353216 1063489081 1048576 0 0 0 1048576 1048576 0 0 0 0
40 64 174 0 16777215 0 0 0 0 0 0 1 -998637568 1065353216 1065353216 1065353216 1065353216 0 0 1048576 0 0 0 0 0 0 0
40 64 175 0 16777215 0 0 0 0 0 0 0 -998637568 1065353216 1065353216 1065353216 1065353216 0 0 0 1048576 0 0 0 0 0 0
40 64 176 0 16777215 0 0 0 0 0 0 0 -998637568 1065353216 1065353216 1065353216 1065353216 1048576 0 0 2097152 1048576 1048576 0 0 0 0
40 64 177 0 16777215 0 0 0 0 0 0 0 -998637568 1065353216 1065353216 1065353216 1065353216 2097152 0 1048576 3145728 2097152 2097152 0 0 0 0
40 64 178 0 16777215 0 0 0 0 0 0 0 -998637568 1065353216 1065353216 1065353216 1065353216 3145728 0 2097152 3145728 3145728 3145728 0 0 0 0
40 64 179 0 16777215 0 0 0 0 0 0 0 -998637568 1065353216 1065353216 1065353216 1065353216 3145728 0 3145728 3145728 3145728 3145728 0 0 0 0
40 64 180 0 16777215 0 0 0 0 0 0 0 -998637568 1065353216 1065353216 1065353216 1065353216 3145728 0 3145728 3145728 3145728 3145728 0 0 0 0
40 64 181 0 16777215 0 0 0 0 0 0 0 -998637568 1065353216 1065353216 1065353216 1065353216 3145728 0 3145728 3145728 3145728 3145728 0 0 0 0
40 64 182 0 16777215 0 0 0 0 0 0 0 -998637568 1065353216 1065353216 1065353216 1065353216 3145728 0 3145728 3145728 3145728 3145728 0 0 0 0
40 64 183 0 16777215 0 0 0 0 0 0 0 -998637568 1065353216 1065353216 1065353216 1065353216 3145728 0 3145728 3145728 3145728 3145728 0 0 0 0
40 64 184 0 16777215 0 0 0 0 0 0 0 -998637568 1065353216 1065353216 1065353216 1065353216 3145728 0 3145728 0 3145728 3145728 0 0 0 0
40 65 168 0 16777215 0 0 0 0 0 0 0 -998637568 1065353216 1065353216 1065353216 1065353216 0 0 0 0 0 0 0 0 0 0
40 65 169 0 16777215 0 0 0 0 0 0 0 -998637568 1065353216 1065353216 1065353216 1065353216 0 0 0 0 0 0 0 0 0 0
40 65 170 0 16777215 0 0 0 1 0 0 0 -998637568 1065353216 1065353216 1065353216 1065353216 0 0 0 0 0 0 0 1 0 0
40 65 174 0 16777215 0 0 1 0 0 0 0 -998637568 1065353216 1065353216 1065353216 1065353216 2097152 0 1048576 3145728 2097152 2097152 1 0 0 0
40 65 175 0 16777215 0 0 0 0 0 0 0 -998637568 1065353216 1065353216 1065353216 1065353216 3145728 0 2097152 4194304 3145728 3145728 0 0 0 0
40 65 176 0 16777215 0 0 0 0 0 0 0 -998637568 1065353216 1065353216 1065353216 1065353216 4194304 1048576 3145728 5242880 4194304 4194304 0 0 0 0
40 65 177 0 16777215 0 0 0 0 0 0 0 -998637568 1065353216 1065353216 1065353216 1065353216 5242880 2097152 4194304 6291456 5242880 5242880 0 0 0 0
40 65 178 0 16777215 0 0 0 0 0 0 0 -998637568 1065353216 1065353216 1065353216 1065353216 6291456 3145728 5242880 6291456 6291456 6291456 0 0 0 0
40 65 179 0 16777215 0 0 0 0 0 0 0 -998637568 1065353216 1065353216 1065353216 1065353216 6291456 3145728 6291456 6291456 6291456 6291456 0 0 0 0
40 65 180 0 16777215 0 0 0 0 0 0 0 -998637568 1065353216 1065353216 1065353216 1065353216 6291456 3145728 6291456 6291456 6291456 6291456 0 0 0 0
40 65 181 0 16777215 0 0 0 0 0 0 0 -998637568 1065353216 1065353216 1065353216 1065353216 6291456 3145728 6291456 6291456 6291456 6291456 0 0 0 0
40 65 182 0 16777215 0 0 0 0 0 0 0 -998637568 1065353216 1065353216 1065353216 1065353216 6291456 3145728 6291456 6291456 6291456 6291456 0 0 0 0
40 65 183 0 16777215 0 0 0 0 0 0 0 -998637568 1065353216 1065353216 1065353216 1065353216 6291456 3145728 6291456 6291456 6291456 6291456 0 0 0 0
40 65 184 0 16777215 0 0 0 0 0 0 0 -998637568 1065353216 1065353216 1065353216 1065353216 6291456 3145728 6291456 0 6291456 6291456 0 0 0 0
40 66 168 0 16777215 0 0 0 0 0 0 0 -998637568 1065353216 1065353216 1065353216 1065353216 0 0 0 0 0 0 0 0 0 0
40 66 169 0 16777215 0 0 0 0 0 0 0 -998637568 1065353216 1065353216 1065353216 1065353216 0 0 0 2097152 0 0 0 0 0 0
40 66 170 0 16777215 0 0 0 0 0 0 0 -998637568 1065353216 1065353216 1065353216 1065353216 2097152 0 0 2097152 1048576 3145728 0 0 0 0
40 66 171 0 16777215 0 1 0 0 0 0 0 -998637568 1065353216 1065353216 1065353216 1065353216 2097152 0 2097152 3145728 2097152 3145728 0 0 0 0
40 66 172 0 16777215 0 1 0 0 0 0 0 -998637568 1065353216 1065353216 1065353216 1065353216 3145728 0 2097152 4194304 3145728 3145728 0 0 0 0
40 66 173 0 16777215 0 1 0 0 0 0 0 -998637568 1065353216 1065353216 1065353216 1065353216 4194304 1048576 3145728 5242880 4194304 4194304 0 0 0 0
40 66 174 0 16777215 0 0 0 0 0 0 0 -998637568 1065353216 1065353216 1065353216 1065353216 5242880 2097152 4194304 6291456 5242880 5242880 0 0 0 0
40 66 175 0 16777215 0 0 0 0 0 0 0 -998637568 1065353216 1065353216 1065353216 1065353216 6291456 3145728 5242880 7340032 6291456 6291456 0 0 0 0
40 66 176 0 16777215 0 0 0 0 0 0 0 -998637568 1065353216 1065353216 1065353216 1065353216 7340032 4194304 6291456 8388608 7340032 7340032 0 0 0 0
40 66 177 0 16777215 0 0 0 0 0 0 0 -998637568 1065353216 1065353216 1065353216 1065353216 8388608 5242880 7340032 9437184 8388608 8388608 0 0 0 0
40 66 178 0 16777215 0 0 0 0 0 0 0 -998637568 1065353216 1065353216 1065353216 1065353216 9437184 6291456 8388608 9437184 9437184 9437184 0 0 0 0
40 66 179 0 16777215 0 0 0 0 0 0 0 -998637568 1065353216 1065353216 1065353216 1065353216 9437184 6291456 9437184 9437184 9437184 9437184 0 0 0 0
40 66 180 0 16777215 0 0 0 0 0 0 0 -998637568 1065353216 1065353216 1065353216 1065353216 9437184 6291456 9437184 9437184 9437184 9437184 0 0 0 0
40 66 181 0 16777215 0 0 0 0 0 0 0 -998637568 1065353216 1065353216 1065353216 1065353216 9437184 6291456 9437184 9437184 9437184 9437184 0 0 0 0
40 66 182 0 16777215 0 0 0 0 0 0 0 -998637568 1065353216 1065353216 1065353216 1065353216 9437184 6291456 9437184 9437184 9437184 9437184 0 0 0 0
40 66 183 0 16777215 0 0 0 0 0 0 0 -998637568 1065353216 1065353216 1065353216 1065353216 9437184 6291456 9437184 9437184 9437184 9437184 0 0 0 0
40 66 184 0 16777215 0 0 0 0 0 0 0 -998637568 1065353216 1065353216 1065353216 1065353216 9437184 6291456 9437184 0 9437184 9437184 0 0 0 0
40 67 168 0 16777215 0 0 0 0 0 0 0 -998637568 1065353216 1065353216 1065353216 1065353216 0 0 0 2097152 0 0 0 0 0 0
40 67 169 0 16777215 0 0 0 0 0 0 0 -998637568 1065353216 1065353216 1065353216 1065353216 2097152 0 0 5242880 1048576 3145728 0 0 0 0
40 67 170 0 16777215 0 0 0 0 0 0 0 -998637568 1065353216 1065353216 1065353216 1065353216 5242880 2097152 2097152 5242880 4194304 6291456 0 0 0 0
40 67 171 0 16777215 0 0 0 0 0 0 0 -998637568 1065353216 1065353216 1065353216 1065353216 5242880 2097152 5242880 6291456 5242880 6291456 0 0 0 0
40 67 172 0 16777215 0 0 0 0 0 0 0 -998637568 1065353216 1065353216 1065353216 1065353216 6291456 3145728 5242880 7340032 6291456 6291456 0 0 0 0
40 67 173 0 16777215 0 0 0 0 0 0 0 -998637568 1065353216 1065353216 1065353216 1065353216 7340032 4194304 6291456 8388608 7340032 7340032 0 0 0 0
40 67 174 0 16777215 0 0 0 0 0 0 0 -998637568 1065353216 1065353216 1065353216 1065353216 8388608 5242880 7340032 9437184 8388608 8388608 0 0 0 0
40 67 175 0 16777215 0 0 0 0 0 0 0 -998637568 1065353216 1065353216 1065353216 1065353216 9437184 6291456 8388608 10485760 9437184 9437184 0 0 0 0
40 67 176 0 16777215 0 0 0 0 0 0 0 -998637568 1065353216 1065353216 1065353216 1065353216 10485760 7340032 9437184 11534336 10485760 10485760 0 0 0 0
40 67 177 0 16777215 0 0 0 0 0 0 0 -998637568 1065353216 1065353216 1065353216 1065353216 11534336 8388608 10485760 12582912 11534336 11534336 0 0 0 0
40 67 178 0 16777215 0 0 0 0 0 0 0 -998637568 1065353216 1065353216 1065353216 1065353216 12582912 9437184 11534336 12582912 12582912 12582912 0 0 0 0
40 67 179 0 16777215 0 0 0 0 0 0 0 -998637568 1065353216 1065353216 1065353216 1065353216 12582912 9437184 12582912 12582912 12582912 12582912 0 0 0 0
40 67 180 0 16777215 0 0 0 0 0 0 0 -998637568 1065353216 1065353216 1065353216 1065353216 12582912 9437184 12582912 12582912 12582912 12582912 0 0 0 0
40 67 181 0 16777215 0 0 0 0 0 0 0 -998637568 1065353216 1065353216 1065353216 1065353216 12582912 9437184 12582912 12582912 12582912 12582912 0 0 0 0
40 67 182 0 16777215 0 0 0 0 0 0 0 -998637568 1065353216 1065353216 1065353216 1065353216 12582912 9437184 12582912 12582912 12582912 12582912 0 0 0 0
40 67 183 0 16777215 0 0 0 0 0 0 0 -998637568 1065353216 1065353216 1065353216 1065353216 12582912 9437184 12582912 12582912 12582912 12582912 0 0 0 0
40 67 184 0 16777215 0 0 0 0 0 0 0 -998637568 1065353216 1065353216 1065353216 1065353216 12582912 9437184 12582912 12582912 12582912 12582912 0 0 0 0
40 68 168 0 16777215 1 0 0 0 0 0 0 -998637568 1063489081 1063489081 1063489081 1063489081 0 0 0 2097152 0 0 0 0 0 0
40 68 169 0 16777215 1 0 0 0 0 0 1 -998637568 1063489081 1063489081 1063489081 1063489081 2097152 2097152 0 8388608 1048576 3145728 0 0 0 0
40 68 170 0 16777215 1 0 0 0 0 0 1 -998637568 1063489081 1063489081 1063489081 1063489081 8388608 5242880 2097152 8388608 7340032 9437184 0 0 0 0
40 68 171 0 16777215 1 0 0 0 0 0 1 -998637568 1063489081 1063489081 1063489081 1063489081 8388608 5242880 8388608 9437184 8388608 9437184 0 0 0 0
40 68 172 0 16777215 1 0 0 0 0 0 1 -998637568 1063489081 1063489081 1063489081 1063489081 9437184 6291456 8388608 10485760 9437184 9437184 0 0 0 0
40 68 173 0 16777215 1 0 0 0 0 0 1 -998637568 1063489081 1063489081 1063489081 1063489081 10485760 7340032 9437184 11534336 10485760 10485760 0 0 0 0
40 68 174 0 16777215 1 0 0 0 0 0 1 -998637568 1063489081 1063489081 1063489081 1063489081 11534336 8388608 10485760 12582912 11534336 11534336 0 0 0 0
40 68 175 0 16777215 1 0 0 0 0 0 1 -998637568 1063489081 1063489081 1063489081 1063489081 12582912 9437184 11534336 13631488 12582912 12582912 0 0 0 0
40 68 176 0 16777215 1 0 0 0 0 0 1 -998637568 1063489081 1063489081 1063489081 1063489081 13631488 10485760 12582912 14680064 13631488 13631488 0 0 0 0
40 68 177 0 16777215 1 0 0 0 0 0 1 -998637568 1063489081 1063489081 1063489081 1063489081 14680064 11534336 13631488 15728640 14680064 14680064 0 0 0 0
40 68 178 0 16777215 1 0 0 0 0 0 1 -998637568 1063489081 1063489081 1063489081 1063489081 15728640 12582912 14680064 15728640 15728640 15728640 0 0 0 0
40 68 179 0 16777215 1 0 0 0 0 0 1 -998637568 1063489081 1063489081 1063489081 1063489081 15728640 12582912 15728640 15728640 15728640 15728640 0 0 0 0
40 68 180 0 16777215 1 0 0 0 0 0 1 -998637568 1063489081 1063489081 1063489081 1063489081 15728640 12582912 15728640 15728640 15728640 15728640 0 0 0 0
40 68 181 0 16777215 1 0 0 0 0 0 1 -998637568 1063489081 1063489081 1063489081 1063489081 15728640 12582912 15728640 15728640 15728640 15728640 0 0 0 0
40 68 182 0 16777215 1 0 0 0 0 0 1 -998637568 1063489081 1063489081 1063489081 1063489081 15728640 12582912 15728640 15728640 15728640 15728640 0 0 0 0
40 68 183 0 16777215 1 0 0 0 0 0 1 -998637568 1063489081 1063489081 1063489081 1063489081 15728640 12582912 15728640 15728640 15728640 15728640 0 0 0 0
40 68 184 0 16777215 1 0 0 0 0 0 1 0 1063489081 1063408031 1063333736 1063489081 15728640 12582912 15728640 15728640 15728640 15728640 0 0 0 0
40 68 185 0 16777215 1 0 0 0 0 0 1 0 1063408031 1053236338 1061003568 1063333736 15728640 12582912 15728640 15728640 15728640 15728640 0 0 0 0
41 64 168 0 16777215 0 0 0 0 0 0 0 -998637568 1065353216 1065353216 1065353216 1065353216 0 0 0 0 0 0 0 0 0 0
41 64 169 0 16777215 0 0 0 0 0 0 0 -998637568 1065353216 1065353216 1065353216 1065353216 0 0 0 0 0 0 0 0 0 0
41 64 170 0 16777215 0 0 0 0 0 0 1 -998637568 1065353216 1065353216 1065353216 1065353216 0 0 0 0 0 0 0 0 0 0
41 64 171 0 16777215 1 0 0 0 0 0 1 -998637568 1065353216 1063489081 1065353216 1065353216 0 0 0 0 0 0 0 0 0 0
41 64 172 0 16777215 1 0 0 0 0 0 1 -998637568 1063489081 1063489081 1065353216 1065353216 0 0 0 1048576 0 0 0 0 0 0
41 64 173 0 16777215 1 0 0 0 0 0 1 -998637568 1063489081 1065353216 1065353216 1065353216 1048576 0 0 0 1048576 0 0 0 0 0
41 64 174 0 16777215 0 0 0 0 0 0 1 -998637568 1065353216 1065353216 1065353216 1065353216 0 0 1048576 0 0 0 0 0 0 0
41 64 175 0 16777215 0 0 0 0 0 0 0 -998637568 1065353216 1065353216 1065353216 1065353216 0 0 0 1048576 0 0 0 0 0 0
41 64 176 0 16777215 0 0 0 0 0 0 0 -998637568 1065353216 1065353216 1065353216 1065353216 1048576 0 0 2097152 1048576 1048576 0 0 0 0
41 64 177 0 16777215 0 0 0 0 0 0 0 -998637568 1065353216 1065353216 1065353216 1065353216 2097152 0 1048576 3145728 2097152 2097152 0 0 0 0
41 64 178 0 16777215 0 0 0 0 0 0 0 -998637568 1065353216 1065353216 1065353216 1065353216 3145728 0 2097152 3145728 3145728 3145728 0 0 0 0
41 64 179 0 16777215 0 0 0 0 0 0 0 -998637568 1065353216 1065353216 1065353216 1065353216 3145728 0 3145728 3145728 3145728 3145728 0 0 0 0
41 64 180 0 16777215 0 0 0 0 0 0 0 -998637568 1065353216 1065353216 1065353216 1065353216 3145728 0 3145728 3145728 3145728 3145728 0 0 0 0
41 64 181 0 16777215 0 0 0 0 0 0 0 -998637568 1065353216 1065353216 1065353216 1065353216 3145728 0 3145728 3145728 3145728 3145728 0 0 0 0
41 64 182 0 16777215 0 0 0 0 0 0 0 -998637568 1065353216 1065353216 1065353216 1065353216 3145728 0 3145728 3145728 3145728 3145728 0 0 0 0
41 64 183 0 16777215 0 0 0 0 0 0 0 -998637568 1065353216 1065353216 1065353216 1065353216 3145728 0 3145728 3145728 3145728 3145728 0 0 0 0
41 64 184 0 16777215 0 0 0 0 0 0 0 -998637568 1065353216 1065353216 1065353216 1065353216 3145728 0 3145728 0 3145728 3145728 0 0 0 0
41 65 168 0 16777215 0 0 0 0 0 0 0 -998637568 1065353216 1065353216 1065353216 1065353216 0 0 0 0 0 0 0 0 0 0
41 65 169 0 16777215 0 0 0 0 0 0 0 -998637568 1065353216 1065353216 1065353216 1065353216 0 0 0 0 0 0 0 0 0 0
41 65 170 0 16777215 0 0 0 1 0 0 0 -998637568 1065353216 1065353216 1065353216 1065353216 0 0 0 0 0 1048576 0 1 0 0
41 65 174 0 16777215 0 0 1 0 0 0 0 -998637568 1065353216 1065353216 1065353216 1065353216 2097152 0 1048576 3145728 2097152 2097152 1 0 0 0
41 65 175 0 16777215 0 0 0 0 0 0 0 -998637568 1065353216 1065353216 1065353216 1065353216 3145728 0 2097152 4194304 3145728 3145728 0 0 0 0
41 65 176 0 16777215 0 0 0 0 0 0 0 -998637568 1065353216 1065353216 1065353216 1065353216 4194304 1048576 3145728 5242880 4194304 4194304 0 0 0 0
41 65 177 0 16777215 0 0 0 0 0 0 0 -998637568 1065353216 1065353216 1065353216 1065353216 5242880 2097152 4194304 6291456 5242880 5242880 0 0 0 0
41 65 178 0 16777215 0 0 0 0 0 0 0 -998637568 1065353216 1065353216 1065353216 1065353216 6291456 3145728 5242880 6291456 6291456 6291456 0 0 0 0
41 65 179 0 16777215 0 0 0 0 0 0 0 -998637568 1065353216 1065353216 1065353216 1065353216 6291456 3145728 6291456 6291456 6291456 6291456 0 0 0 0
41 65 180 0 16777215 0 0 0 0 0 0 0 -998637568 1065353216 1065353216 1065353216 1065353216 6291456 3145728 6291456 6291456 6291456 6291456 0 0 0 0
41 65 181 0 16777215 0 0 0 0 0 0 0 -998637568 1065353216 1065353216 1065353216 1065353216 6291456 3145728 6291456 6291456 6291456 6291456 0 0 0 0
41 65 182 0 16777215 0 0 0 0 0 0 0 -998637568 1065353216 1065353216 1065353216 1065353216 6291456 3145728 6291456 6291456 6291456 6291456 0 0 0 0
41 65 183 0 16777215 0 0 0 0 0 0 0 -998637568 1065353216 1065353216 1065353216 1065353216 6291456 3145728 6291456 6291456 6291456 6291456 0 0 0 0
41 65 184 0 16777215 0 0 0 0 0 0 0 -998637568 1065353216 1065353216 1065353216 1065353216 6291456 3145728 6291456 0 6291456 6291456 0 0 0 0
41 66 168 0 16777215 0 0 0 0 0 0 0 -998637568 1065353216 1065353216 1065353216 1065353216 0 0 0 0 0 0 0 0 0 0
41 66 169 0 16777215 0 0 0 0 0 0 0 -998637568 1065353216 1065353216 1065353216 1065353216 0 0 0 3145728 0 1048576 0 0 0 0
41 66 170 0 16777215 0 0 0 0 0 0 0 -998637568 1065353216 1065353216 1065353216 1065353216 3145728 0 0 3145728 2097152 4194304 0 0 0 0
41 66 171 0 16777215 0 1 0 0 0 0 0 -998637568 1065353216 1065353216 1065353216 1065353216 3145728 0 3145728 3145728 2097152 4194304 0 0 0 0
41 66 172 0 16777215 0 1 0 0 0 0 0 -998637568 1065353216 1065353216 1065353216 1065353216 3145728 0 3145728 4194304 3145728 4194304 0 0 0 0
41 66 173 0 16777215 0 1 0 0 0 0 0 -998637568 1065353216 1065353216 1065353216 1065353216 4194304 1048576 3145728 5242880 4194304 4194304 0 0 0 0
41 66 174 0 16777215 0 0 0 0 0 0 0 -998637568 1065353216 1065353216 1065353216 1065353216 5242880 2097152 4194304 6291456 5242880 5242880 0 0 0 0
41 66 175 0 16777215 0 0 0 0 0 0 0 -998637568 1065353216 1065353216 1065353216 1065353216 6291456 3145728 5242880 7340032 6291456 6291456 0 0 0 0
41 66 176 0 16777215 0 0 0 0 0 0 0 -998637568 1065353216 1065353216 1065353216 1065353216 7340032 4194304 6291456 8388608 7340032 7340032 0 0 0 0
41 66 177 0 16777215 0 0 0 0 0 0 0 -998637568 1065353216 1065353216 1065353216 1065353216 8388608 5242880 7340032 9437184 8388608 8388608 0 0 0 0
41 66 178 0 16777215 0 0 0 0 0 0 0 -998637568 1065353216 1065353216 1065353216 1065353216 9437184 6291456 8388608 9437184 9437184 9437184 0 0 0 0
41 66 179 0 16777215 0 0 0 0 0 0 0 -998637568 1065353216 1065353216 1065353216 1065353216 9437184 6291456 9437184 9437184 9437184 9437184 0 0 0 0
41 66 180 0 16777215 0 0 0 0 0 0 0 -998637568 1065353216 1065353216 1065353216 1065353216 9437184 6291456 9437184 9437184 9437184 9437184 0 0 0 0
41 66 181 0 16777215 0 0 0 0 0 0 0 -998637568 1065353216 1065353216 1065353216 1065353216 9437184 6291456 9437184 9437184 9437184 9437184 0 0 0 0
41 66 182 0 16777215 0 0 0 0 0 0 0 -998637568 1065353216 1065353216 1065353216 1065353216 9437184 6291456 9437184 9437184 9437184 9437184 0 0 0 0
41 66 183 0 16777215 0 0 0 0 0 0 0 -998637568 1065353216 1065353216 1065353216 1065353216 9437184 6291456 9437184 9437184 9437184 9437184 0 0 0 0
41 66 184 0 16777215 0 0 0 0 0 0 0 -998637568 1065353216 1065353216 1065353216 1065353216 9437184 6291456 9437184 0 9437184 9437184 0 0 0 0
41 67 168 0 16777215 0 0 0 0 0 0 0 -998637568 1065353216 1065353216 1065353216 1065353216 0 0 0 3145728 0 1048576 0 0 0 0
41 67 169 0 16777215 0 0 0 0 0 0 0 -998637568 1065353216 1065353216 1065353216 1065353216 3145728 0 0 6291456 2097152 4194304 0 0 0 0
41 67 170 0 16777215 0 0 0 0 0 0 0 -998637568 1065353216 1065353216 1065353216 1065353216 6291456 3145728 3145728 6291456 5242880 7340032 0 0 0 0
41 67 171 0 16777215 0 0 0 0 0 0 0 -998637568 1065353216 1065353216 1065353216 1065353216 6291456 3145728 6291456 6291456 5242880 7340032 0 0 0 0
41 67 172 0 16777215 0 0 0 0 0 0 0 -998637568 1065353216 1065353216 1065353216 1065353216 6291456 3145728 6291456 7340032 6291456 7340032 0 0 0 0
41 67 173 0 16777215 0 0 0 0 0 0 0 -998637568 1065353216 1065353216 1065353216 1065353216 7340032 4194304 6291456 8388608 7340032 7340032 0 0 0 0
41 67 174 0 16777215 0 0 0 0 0 0 0 -998637568 1065353216 1065353216 1065353216 1065353216 8388608 5242880 7340032 9437184 8388608 8388608 0 0 0 0
41 67 175 0 16777215 0 0 0 0 0 0 0 -998637568 1065353216 1065353216 1065353216 1065353216 9437184 6291456 8388608 10485760 9437184 9437184 0 0 0 0
41 67 176 0 16777215 0 0 0 0 0 0 0 -998637568 1065353216 1065353216 1065353216 1065353216 10485760 7340032 9437184 11534336 10485760 10485760 0 0 0 0
41 67 177 0 16777215 0 0 0 0 0 0 0 -998637568 1065353216 1065353216 1065353216 1065353216 11534336 8388608 10485760 12582912 11534336 11534336 0 0 0 0
41 67 178 0 16777215 0 0 0 0 0 0 0 -998637568 1065353216 1065353216 1065353216 1065353216 12582912 9437184 11534336 12582912 12582912 12582912 0 0 0 0
41 67 179 0 16777215 0 0 0 0 0 0 0 -998637568 1065353216 1065353216 1065353216 1065353216 12582912 9437184 12582912 12582912 12582912 12582912 0 0 0 0
41 67 180 0 16777215 0 0 0 0 0 0 0 -998637568 1065353216 1065353216 1065353216 1065353216 12582912 9437184 12582912 12582912 12582912 12582912 0 0 0 0
41 67 181 0 16777215 0 0 0 0 0 0 0 -998637568 1065353216 1065353216 1065353216 1065353216 12582912 9437184 12582912 12582912 12582912 12582912 0 0 0 0
41 67 182 0 16777215 0 0 0 0 0 0 0 -998637568 1065353216 1065353216 1065353216 1065353216 12582912 9437184 12582912 12582912 12582912 12582912 0 0 0 0
41 67 183 0 16777215 0 0 0 0 0 0 0 -998637568 1065353216 1065353216 1065353216 1065353216 12582912 9437184 12582912 12582912 12582912 12582912 0 0 0 0
41 67 184 0 16777215 0 0 0 0 0 0 0 -998637568 1065353216 1065353216 1065353216 1065353216 12582912 9437184 12582912 12582912 12582912 12582912 0 0 0 0
41 68 168 0 16777215 1 0 0 0 0 0 0 -998637568 1063489081 1063489081 1063489081 1063489081 0 0 0 3145728 0 1048576 0 0 0 0
41 68 169 0 16777215 1 0 0 0 0 0 1 -998637568 1063489081 1063489081 1063489081 1063489081 3145728 3145728 0 9437184 2097152 4194304 0 0 0 0
41 68 170 0 16777215 1 0 0 0 0 0 1 -998637568 1063489081 1063489081 1063489081 1063489081 9437184 6291456 3145728 9437184 8388608 10485760 0 0 0 0
41 68 171 0 16777215 1 0 0 0 0 0 1 -998637568 1063489081 1063489081 1063489081 1063489081 9437184 6291456 9437184 9437184 8388608 10485760 0 0 0 0
41 68 172 0 16777215 1 0 0 0 0 0 1 -998637568 1063489081 1063489081 1063489081 1063489081 9437184 6291456 9437184 10485760 9437184 10485760 0 0 0 0
41 68 173 0 16777215 1 0 0 0 0 0 1 -998637568 1063489081 1063489081 1063489081 1063489081 10485760 7340032 9437184 11534336 10485760 10485760 0 0 0 0
41 68 174 0 16777215 1 0 0 0 0 0 1 -998637568 1063489081 1063489081 1063489081 1063489081 11534336 8388608 10485760 12582912 11534336 11534336 0 0 0 0
41 68 175 0 16777215 1 0 0 0 0 0 1 -998637568 1063489081 1063489081 1063489081 1063489081 12582912 9437184 11534336 13631488 12582912 12582912 0 0 0 0
41 68 176 0 16777215 1 0 0 0 0 0 1 -998637568 1063489081 1063489081 1063489081 1063489081 13631488 10485760 12582912 14680064 13631488 13631488 0 0 0 0
41 68 177 0 16777215 1 0 0 0 0 0 1 -998637568 1063489081 1063489081 1063489081 1063489081 14680064 11534336 13631488 15728640 14680064 14680064 0 0 0 0
41 68 178 0 16777215 1 0 0 0 0 0 1 -998637568 1063489081 1063489081 1063489081 1063489081 15728640 12582912 14680064 15728640 15728640 15728640 0 0 0 0
41 68 179 0 16777215 1 0 0 0 0 0 1 -998637568 1063489081 1063489081 1063489081 1063489081 15728640 12582912 15728640 15728640 15728640 15728640 0 0 0 0
41 68 180 0 16777215 1 0 0 0 0 0 1 -998637568 1063489081 1063489081 1063489081 1063489081 15728640 12582912 15728640 15728640 15728640 15728640 0 0 0 0
41 68 181 0 16777215 1 0 0 0 0 0 1 -998637568 1063489081 1063489081 1063489081 1063489081 15728640 12582912 15728640 15728640 15728640 15728640 0 0 0 0
41 68 182 0 16777215 1 0 0 0 0 0 1 -998637568 1063489081 1063489081 1063489081 1063489081 15728640 12582912 15728640 15728640 15728640 15728640 0 0 0 0
41 68 183 0 16777215 1 0 0 0 0 0 1 -998637568 1063489081 1063489081 1063489081 1063489081 15728640 12582912 15728640 15728640 15728640 15728640 0 0 0 0
41 68 184 0 16777215 1 0 0 0 0 0 1 0 1063489081 1063333736 1063333736 1063489081 15728640 12582912 15728640 15728640 15728640 15728640 0 0 0 0
41 68 185 0 16777215 1 0 0 0 0 0 1 0 1063333736 1061003568 1060692878 1063333736 15728640 12582912 15728640 15728640 15728640 15728640 0 0 0 0
41 68 186 0 16777215 1 0 0 1 0 0 1 0 1061003568 1046711868 1051372204 1060692878 15728640 12582912 15728640 15728640 15728640 15728640 0 0 0 0
42 64 168 0 16777215 0 0 0 0 0 0 0 -998637568 1065353216 1065353216 1065353216 1065353216 0 0 0 0 0 0 0 0 0 0
42 64 169 0 16777215 0 0 0 0 0 0 0 -998637568 1065353216 1065353216 1065353216 1065353216 0 0 0 0 0 0 0 0 0 0
42 64 170 0 16777215 0 0 0 0 0 0 1 -998637568 1065353216 1065353216 1065353216 1065353216 0 0 0 0 0 0 0 0 0 0
42 64 171 0 16777215 0 0 0 0 0 0 1 -998637568 1065353216 1065353216 1065353216 1065353216 0 0 0 0 0 0 0 0 0 0
42 64 172 0 16777215 0 0 0 0 0 0 1 -998637568 1065353216 1065353216 1065353216 1065353216 0 0 0 0 0 0 0 0 0 0
42 64 173 0 16777215 0 0 0 0 0 0 1 -998637568 1065353216 1065353216 1065353216 1065353216 0 0 0 0 1048576 0 0 0 0 0
42 64 174 0 16777215 0 0 0 0 0 0 1 -998637568 1065353216 1065353216 1065353216 1065353216 0 0 0 0 0 0 0 0 0 0
42 64 175 0 16777215 0 0 0 0 0 0 0 -998637568 1065353216 1065353216 1065353216 1065353216 0 0 0 1048576 0 0 0 0 0 0
42 64 176 0 16777215 0 0 0 0 0 0 0 -998637568 1065353216 1065353216 1065353216 1065353216 1048576 0 0 2097152 1048576 1048576 0 0 0 0
42 64 177 0 16777215 0 0 0 0 0 0 0 -998637568 1065353216 1065353216 1065353216 1065353216 2097152 0 1048576 3145728 2097152 2097152 0 0 0 0
42 64 178 0 16777215 0 0 0 0 0 0 1 -998637568 1065353216 1065353216 1065353216 1065353216 3145728 0 2097152 3145728 3145728 3145728 0 0 0 0
42 64 179 0 16777215 0 0 0 0 0 0 1 -998637568 1065353216 1065353216 1065353216 1065353216 3145728 0 3145728 3145728 3145728 6291456 0 0 0 0
42 64 180 0 16777215 0 0 0 0 0 0 1 -998637568 1065353216 1065353216 1065353216 1065353216 3145728 0 3145728 3145728 3145728 6291456 0 0 0 0
42 64 181 0 16777215 0 0 0 0 0 0 1 -998637568 1065353216 1065353216 1065353216 1065353216 3145728 0 3145728 3145728 3145728 6291456 0 0 0 0
42 64 182 0 16777215 0 0 0 0 0 0 1 -998637568 1065353216 1065353216 1065353216 1065353216 3145728 0 3145728 3145728 3145728 3145728 0 0 0 0
42 64 183 0 16777215 0 0 0 0 0 0 0 -998637568 1065353216 1065353216 1065353216 1065353216 3145728 0 3145728 3145728 3145728 6291456 0 0 0 0
42 64 184 0 16777215 0 0 0 0 0 0 0 -998637568 1065353216 1065353216 1065353216 1065353216 3145728 0 3145728 0 3145728 3145728 0 0 0 0
42 65 168 0 16777215 0 0 0 0 0 0 0 -998637568 1065353216 1065353216 1065353216 1065353216 0 0 0 0 0 0 0 0 0 0
42 65 169 0 16777215 0 0 0 0 0 0 0 -998637568 1065353216 1065353216 1065353216 1065353216 0 0 0 1048576 0 0 0 0 0 0
42 65 170 0 16777215 0 0 0 0 0 0 0 -998637568 1065353216 1065353216 1065353216 1065353216 1048576 0 0 1048576 0 2097152 0 0 0 0
42 65 171 0 16777215 0 0 0 0 1 0 0 -998637568 1065353216 1065353216 1065353216 1065353216 1048576 0 1048576 1048576 0 2097152 0 0 1 0
42 65 172 0 16777215 0 0 0 0 1 0 0 -998637568 1065353216 1065353216 1065353216 1065353216 1048576 0 1048576 1048576 0 2097152 0 0 1 0
42 65 173 0 16777215 0 0 0 0 1 0 0 -998637568 1065353216 1065353216 1065353216 1065353216 1048576 0 1048576 2097152 1048576 2097152 0 0 1 0
42 65 174 0 16777215 0 0 0 0 0 0 0 -998637568 1065353216 1065353216 1065353216 1065353216 2097152 0 1048576 3145728 2097152 2097152 0 0 0 0
42 65 175 0 16777215 0 0 0 0 0 0 0 -998637568 1065353216 1065353216 1065353216 1065353216 3145728 0 2097152 4194304 3145728 3145728 0 0 0 0
42 65 176 0 16777215 0 0 0 0 0 0 0 -998637568 1065353216 1065353216 1065353216 1065353216 4194304 1048576 3145728 5242880 4194304 4194304 0 0 0 0
42 65 177 0 16777215 0 0 0 0 0 0 0 -998637568 1065353216 1065353216 1065353216 1065353216 5242880 2097152 4194304 6291456 5242880 5242880 0 0 0 0
42 65 178 0 16777215 0 0 0 0 0 0 0 -998637568 1065353216 1065353216 1065353216 1065353216 6291456 3145728 5242880 6291456 6291456 6291456 0 0 0 0
42 65 179 0 16777215 0 0 0 0 0 1 0 -998637568 1065353216 1065353216 1065353216 1065353216 6291456 3145728 6291456 6291456 6291456 6291456 0 0 0 1
42 65 180 0 16777215 0 0 0 0 0 1 0 -998637568 1065353216 1065353216 1065353216 1065353216 6291456 3145728 6291456 6291456 6291456 6291456 0 0 0 1
42 65 181 0 16777215 0 0 0 0 0 1 0 -998637568 1065353216 1065353216 1065353216 1065353216 6291456 3145728 6291456 6291456 6291456 6291456 0 0 0 1
42 65 182 0 16777215 0 0 0 0 0 0 0 -998637568 1065353216 1065353216 1065353216 1065353216 6291456 3145728 6291456 6291456 6291456 6291456 0 0 0 0
42 65 183 0 16777215 0 0 0 0 0 0 0 -998637568 1065353216 1065353216 1065353216 1065353216 6291456 3145728 6291456 6291456 6291456 9437184 0 0 0 0
42 65 184 0 16777215 0 0 0 0 0 0 0 -998637568 1065353216 1065353216 1065353216 1065353216 6291456 3145728 6291456 0 6291456 6291456 0 0 0 0
42 66 168 0 16777215 0 0 0 0 0 0 0 -998637568 1065353216 1065353216 1065353216 1065353216 0 0 0 1048576 0 0 0 0 0 0
42 66 169 0 16777215 0 0 0 0 0 0 0 -998637568 1065353216 1065353216 1065353216 1065353216 1048576 0 0 4194304 0 2097152 0 0 0 0
42 66 170 0 16777215 0 0 0 0 0 0 0 -998637568 1065353216 1065353216 1065353216 1065353216 4194304 1048576 1048576 4194304 3145728 5242880 0 0 0 0
42 66 171 0 16777215 0 0 0 0 0 0 0 -998637568 1065353216 1065353216 1065353216 1065353216 4194304 1048576 4194304 4194304 3145728 5242880 0 0 0 0
42 66 172 0 16777215 0 0 0 0 0 0 0 -998637568 1065353216 1065353216 1065353216 1065353216 4194304 1048576 4194304 4194304 3145728 5242880 0 0 0 0
42 66 173 0 16777215 0 0 0 0 0 0 0 -998637568 1065353216 1065353216 1065353216 1065353216 4194304 1048576 4194304 5242880 4194304 5242880 0 0 0 0
42 66 174 0 16777215 0 0 0 0 0 0 0 -998637568 1065353216 1065353216 1065353216 1065353216 5242880 2097152 4194304 6291456 5242880 5242880 0 0 0 0
42 66 175 0 16777215 0 0 0 0 0 0 0 -998637568 1065353216 1065353216 1065353216 1065353216 6291456 3145728 5242880 7340032 6291456 6291456 0 0 0 0
42 66 176 0 16777215 0 0 0 0 0 0 0 -998637568 1065353216 1065353216 1065353216 1065353216 7340032 4194304 6291456 8388608 7340032 7340032 0 0 0 0
42 66 177 0 16777215 0 0 0 0 0 0 0 -998637568 1065353216 1065353216 1065353216 1065353216 8388608 5242880 7340032 9437184 8388608 8388608 0 0 0 0
42 66 178 0 16777215 0 0 0 0 0 0 0 -998637568 1065353216 1065353216 1065353216 1065353216 9437184 6291456 8388608 9437184 9437184 9437184 0 0 0 0
42 66 179 0 16777215 0 0 0 0 0 0 0 -998637568 1065353216 1065353216 1065353216 1065353216 9437184 6291456 9437184 9437184 9437184 9437184 0 0 0 0
42 66 180 0 16777215 0 0 0 0 0 0 0 -998637568 1065353216 1065353216 1065353216 1065353216 9437184 6291456 9437184 9437184 9437184 9437184 0 0 0 0
42 66 181 0 16777215 0 0 0 0 0 0 0 -998637568 1065353216 1065353216 1065353216 1065353216 9437184 6291456 9437184 9437184 9437184 9437184 0 0 0 0
42 66 182 0 16777215 0 0 0 0 0 0 0 -998637568 1065353216 1065353216 1065353216 1065353216 9437184 6291456 9437184 9437184 9437184 9437184 0 0 0 0
42 66 183 0 16777215 0 0 0 0 0 0 0 -998637568 1065353216 1065353216 1065353216 1065353216 9437184 6291456 9437184 9437184 9437184 9437184 0 0 0 0
42 66 184 0 16777215 0 0 0 0 0 0 0 -998637568 1065353216 1065353216 1065353216 1065353216 9437184 6291456 9437184 0 9437184 9437184 0 0 0 0
42 67 168 0 16777215 0 0 0 0 0 0 0 -998637568 1065353216 1065353216 1065353216 1065353216 1048576 0 0 4194304 0 2097152 0 0 0 0
42 67 169 0 16777215 0 0 0 0 0 0 0 -998637568 1065353216 1065353216 1065353216 1065353216 4194304 1048576 1048576 7340032 3145728 5242880 0 0 0 0
42 67 170 0 16777215 0 0 0 0 0 0 0 -998637568 1065353216 1065353216 1065353216 1065353216 7340032 4194304 4194304 7340032 6291456 8388608 0 0 0 0
42 67 171 0 16777215 0 0 0 0 0 0 0 -998637568 1065353216 1065353216 1065353216 1065353216 7340032 4194304 7340032 7340032 6291456 8388608 0 0 0 0
42 67 172 0 16777215 0 0 0 0 0 0 0 -998637568 1065353216 1065353216 1065353216 1065353216 7340032 4194304 7340032 7340032 6291456 8388608 0 0 0 0
42 67 173 0 16777215 0 0 0 0 0 0 0 -998637568 1065353216 1065353216 1065353216 1065353216 7340032 4194304 7340032 8388608 7340032 8388608 0 0 0 0
42 67 174 0 16777215 0 0 0 0 0 0 0 -998637568 1065353216 1065353216 1065353216 1065353216 8388608 5242880 7340032 9437184 8388608 8388608 0 0 0 0
42 67 175 0 16777215 0 0 0 0 0 0 0 -998637568 1065353216 1065353216 1065353216 1065353216 9437184 6291456 8388608 10485760 9437184 9437184 0 0 0 0
42 67 176 0 16777215 0 0 0 0 0 0 0 -998637568 1065353216 1065353216 1065353216 1065353216 10485760 7340032 9437184 11534336 10485760 10485760 0 0 0 0
42 67 177 0 16777215 0 0 0 0 0 0 0 -998637568 1065353216 1065353216 1065353216 1065353216 11534336 8388608 10485760 12582912 11534336 11534336 0 0 0 0
42 67 178 0 16777215 0 0 0 0 0 0 0 -998637568 1065353216 1065353216 1065353216 1065353216 12582912 9437184 11534336 12582912 12582912 12582912 0 0 0 0
42 67 179 0 16777215 0 0 0 0 0 0 0 -998637568 1065353216 1065353216 1065353216 1065353216 12582912 9437184 12582912 12582912 12582912 12582912 0 0 0 0
42 67 180 0 16777215 0 0 0 0 0 0 0 -998637568 1065353216 1065353216 1065353216 1065353216 12582912 9437184 12582912 12582912 12582912 12582912 0 0 0 0
42 67 181 0 16777215 0 0 0 0 0 0 0 -998637568 1065353216 1065353216 1065353216 1065353216 12582912 9437184 12582912 12582912 12582912 12582912 0 0 0 0
42 67 182 0 16777215 0 0 0 0 0 0 0 -998637568 1065353216 1065353216 1065353216 1065353216 12582912 9437184 12582912 12582912 12582912 12582912 0 0 0 0
42 67 183 0 16777215 0 0 0 0 0 0 0 -998637568 1065353216 1065353216 1065353216 1065353216 12582912 9437184 12582912 12582912 12582912 12582912 0 0 0 0
42 67 184 0 16777215 0 0 0 0 0 0 0 -998637568 1065353216 1065353216 1065353216 1065353216 12582912 9437184 12582912 12582912 12582912 12582912 0 0 0 0
42 67 186 0 16777215 0 0 0 1 0 0 1 -1077342245 1065353216 1065353216 1065353216 1065353216 12582912 9437184 12582912 15728640 12582912 15728640 0 0 0 0
42 68 168 0 16777215 1 0 0 0 0 0 0 -998637568 1063489081 1063489081 1063489081 1063489081 1048576 1048576 0 4194304 0 2097152 0 0 0 0
42 68 169 0 16777215 1 0 0 0 0 0 1 -998637568 1063489081 1063489081 1063489081 1063489081 4194304 4194304 1048576 10485760 3145728 5242880 0 0 0 0
42 68 170 0 16777215 1 0 0 0 0 0 1 -998637568 1063489081 1063489081 1063489081 1063489081 10485760 7340032 4194304 10485760 9437184 11534336 0 0 0 0
42 68 171 0 16777215 1 0 0 0 0 0 1 -998637568 1063489081 1063489081 1063489081 1063489081 10485760 7340032 10485760 10485760 9437184 11534336 0 0 0 0
42 68 172 0 16777215 1 0 0 0 0 0 1 -998637568 1063489081 1063489081 1063489081 1063489081 10485760 7340032 10485760 10485760 9437184 11534336 0 0 0 0
42 68 173 0 16777215 1 0 0 0 0 0 1 -998637568 1063489081 1063489081 1063489081 1063489081 10485760 7340032 10485760 11534336 10485760 11534336 0 0 0 0
42 68 174 0 16777215 1 0 0 0 0 0 1 -998637568 1063489081 1063489081 1063489081 1063489081 11534336 8388608 10485760 12582912 11534336 11534336 0 0 0 0
42 68 175 0 16777215 1 0 0 0 0 0 1 -998637568 1063489081 1063489081 1063489081 1063489081 12582912 9437184 11534336 13631488 12582912 12582912 0 0 0 0
42 68 176 0 16777215 1 0 0 0 0 0 1 -998637568 1063489081 1063489081 1063489081 1063489081 13631488 10485760 12582912 14680064 13631488 13631488 0 0 0 0
42 68 177 0 16777215 1 0 0 0 0 0 1 -998637568 1063489081 1063489081 1063489081 1063489081 14680064 11534336 13631488 15728640 14680064 14680064 0 0 0 0
42 68 178 0 16777215 1 0 0 0 0 0 1 -998637568 1063489081 1063489081 1063489081 1063489081 15728640 12582912 14680064 15728640 15728640 15728640 0 0 0 0
42 68 179 0 16777215 1 0 0 0 0 0 1 -998637568 1063489081 1063489081 1063489081 1063489081 15728640 12582912 15728640 15728640 15728640 15728640 0 0 0 0
42 68 180 0 16777215 1 0 0 0 0 0 1 -998637568 1063489081 1063489081 1063489081 1063489081 15728640 12582912 15728640 15728640 15728640 15728640 0 0 0 0
42 68 181 0 16777215 1 0 0 0 0 0 1 -998637568 1063489081 1063489081 1063489081 1063489081 15728640 12582912 15728640 15728640 15728640 15728640 0 0 0 0
42 68 182 0 16777215 1 0 0 0 0 0 1 -998637568 1063489081 1063489081 1063489081 1063489081 15728640 12582912 15728640 15728640 15728640 15728640 0 0 0 0
42 68 183 0 16777215 1 0 0 0 0 0 1 -998637568 1063489081 1063489081 1063489081 1063489081 15728640 12582912 15728640 15728640 15728640 15728640 0 0 0 0
42 68 184 0 16777215 1 0 0 0 0 0 1 0 1063489081 1063333736 1063333736 1063489081 15728640 12582912 15728640 15728640 15728640 15728640 0 0 0 0
42 68 185 0 16777215 1 0 0 0 0 0 1 0 1063333736 1060692878 1057896676 1063333736 15728640 12582912 15728640 15728640 15728640 15728640 0 0 0 0
42 68 186 0 16777215 1 0 0 1 0 1 1 -1078532552 1060692878 1051372204 1042983596 1057896676 15728640 12582912 15728640 15728640 15728640 15728640 0 0 0 0
43 64 168 0 16777215 0 0 0 0 0 0 0 -998637568 1065353216 1065353216 1065353216 1065353216 0 0 0 0 0 0 0 0 0 0
43 64 169 0 16777215 0 0 0 0 0 0 0 -998637568 1065353216 1065353216 1065353216 1065353216 0 0 0 0 0 0 0 0 0 0
43 64 170 0 16777215 0 0 0 0 0 0 0 -998637568 1065353216 1065353216 1065353216 1065353216 0 0 0 0 0 0 0 0 0 0
43 64 171 0 16777215 0 0 0 0 0 0 0 -998637568 1065353216 1065353216 1065353216 1065353216 0 0 0 0 0 0 0 0 0 0
43 64 172 0 16777215 0 0 0 0 0 0 0 -998637568 1065353216 1065353216 1065353216 1065353216 0 0 0 0 0 0 0 0 0 0
43 64 173 0 16777215 0 0 0 0 0 0 0 -998637568 1065353216 1065353216 1065353216 1065353216 0 0 0 0 0 0 0 0 0 0
43 64 174 0 16777215 0 0 0 0 0 0 0 -998637568 1065353216 1065353216 1065353216 1065353216 0 0 0 0 0 0 0 0 0 0
43 64 175 0 16777215 0 0 0 0 0 0 0 -998637568 1065353216 1065353216 1065353216 1065353216 0 0 0 1048576 0 0 0 0 0 0
43 64 176 0 16777215 0 0 0 0 0 0 0 -998637568 1065353216 1065353216 1065353216 1065353216 1048576 0 0 2097152 1048576 1048576 0 0 0 0
43 64 177 0 16777215 0 0 0 0 0 0 0 -998637568 1065353216 1065353216 1065353216 1065353216 2097152 0 1048576 3145728 2097152 2097152 0 0 0 0
43 64 178 0 16777215 0 0 0 0 0 0 1 -998637568 1065353216 1065353216 1065353216 1065353216 3145728 0 2097152 6291456 3145728 3145728 0 0 0 0
43 64 179 0 16777215 1 0 0 0 0 0 1 -998637568 1065353216 1065353216 1063489081 1065353216 6291456 2097152 3145728 6291456 3145728 6291456 0 0 0 0
43 64 180 0 16777215 1 0 0 0 0 0 1 -998637568 1065353216 1065353216 1063489081 1063489081 6291456 2097152 6291456 6291456 3145728 6291456 0 0 0 0
43 64 181 0 16777215 1 0 0 0 0 0 1 -998637568 1065353216 1065353216 1065353216 1063489081 6291456 2097152 6291456 3145728 3145728 6291456 0 0 0 0
43 64 182 0 16777215 0 0 0 0 0 0 1 -998637568 1065353216 1065353216 1065353216 1065353216 3145728 0 6291456 6291456 3145728 3145728 0 0 0 0
43 64 183 0 16777215 0 0 0 0 0 0 0 -998637568 1065353216 1065353216 1065353216 1065353216 6291456 3145728 3145728 3145728 3145728 3145728 0 0 0 0
43 64 184 0 16777215 0 0 0 0 0 0 0 -998637568 1065353216 1065353216 1065353216 1065353216 3145728 0 6291456 0 3145728 3145728 0 0 0 0
43 65 168 0 16777215 0 0 0 0 0 0 0 -998637568 1065353216 1065353216 1065353216 1065353216 0 0 0 0 0 0 0 0 0 0
43 65 169 0 16777215 0 0 0 0 0 0 0 -998637568 1065353216 1065353216 1065353216 1065353216 0 0 0 2097152 0 0 0 0 0 0
43 65 170 0 16777215 0 0 0 0 0 0 0 -998637568 1065353216 1065353216 1065353216 1065353216 2097152 0 0 2097152 1048576 3145728 0 0 0 0
43 65 171 0 16777215 0 0 0 0 0 0 0 -998637568 1065353216 1065353216 1065353216 1065353216 2097152 0 2097152 2097152 1048576 3145728 0 0 0 0
43 65 172 0 16777215 0 0 0 0 0 0 0 -998637568 1065353216 1065353216 1065353216 1065353216 2097152 0 2097152 2097152 1048576 3145728 0 0 0 0
43 65 173 0 16777215 0 0 0 0 0 0 0 -998637568 1065353216 1065353216 1065353216 1065353216 2097152 0 2097152 2097152 1048576 3145728 0 0 0 0
43 65 174 0 16777215 0 0 0 0 0 0 0 -998637568 1065353216 1065353216 1065353216 1065353216 2097152 0 2097152 3145728 2097152 3145728 0 0 0 0
43 65 175 0 16777215 0 0 0 0 0 0 0 -998637568 1065353216 1065353216 1065353216 1065353216 3145728 0 2097152 4194304 3145728 3145728 0 0 0 0
43 65 176 0 16777215 0 0 0 0 0 0 0 -998637568 1065353216 1065353216 1065353216 1065353216 4194304 1048576 3145728 5242880 4194304 4194304 0 0 0 0
43 65 177 0 16777215 0 0 0 0 0 0 0 -998637568 1065353216 1065353216 1065353216 1065353216 5242880 2097152 4194304 6291456 5242880 5242880 0 0 0 0
43 65 178 0 16777215 0 0 0 1 0 0 0 -998637568 1065353216 1065353216 1065353216 1065353216 6291456 3145728 5242880 6291456 6291456 6291456 0 1 0 0
43 65 182 0 16777215 0 0 1 0 0 0 0 -998637568 1065353216 1065353216 1065353216 1065353216 6291456 3145728 6291456 9437184 6291456 6291456 1 0 0 0
43 65 183 0 16777215 0 0 0 0 0 0 0 -998637568 1065353216 1065353216 1065353216 1065353216 9437184 6291456 6291456 6291456 6291456 6291456 0 0 0 0
43 65 184 0 16777215 0 0 0 0 0 0 0 -998637568 1065353216 1065353216 1065353216 1065353216 6291456 3145728 9437184 0 6291456 6291456 0 0 0 0
43 66 168 0 16777215 0 0 0 0 0 0 0 -998637568 1065353216 1065353216 1065353216 1065353216 0 0 0 2097152 0 0 0 0 0 0
43 66 169 0 16777215 0 0 0 0 0 0 0 -998637568 1065353216 1065353216 1065353216 1065353216 2097152 0 0 5242880 1048576 3145728 0 0 0 0
43 66 170 0 16777215 0 0 0 0 0 0 0 -998637568 1065353216 1065353216 1065353216 1065353216 5242880 2097152 2097152 5242880 4194304 6291456 0 0 0 0
43 66 171 0 16777215 0 0 0 0 0 0 0 -998637568 1065353216 1065353216 1065353216 1065353216 5242880 2097152 5242880 5242880 4194304 6291456 0 0 0 0
43 66 172 0 16777215 0 0 0 0 0 0 0 -998637568 1065353216 1065353216 1065353216 1065353216 5242880 2097152 5242880 5242880 4194304 6291456 0 0 0 0
43 66 173 0 16777215 0 0 0 0 0 0 0 -998637568 1065353216 1065353216 1065353216 1065353216 5242880 2097152 5242880 5242880 4194304 6291456 0 0 0 0
43 66 174 0 16777215 0 0 0 0 0 0 0 -998637568 1065353216 1065353216 1065353216 1065353216 5242880 2097152 5242880 6291456 5242880 6291456 0 0 0 0
43 66 175 0 16777215 0 0 0 0 0 0 0 -998637568 1065353216 1065353216 1065353216 1065353216 6291456 3145728 5242880 7340032 6291456 6291456 0 0 0 0
43 66 176 0 16777215 0 0 0 0 0 0 0 -998637568 1065353216 1065353216 1065353216 1065353216 7340032 4194304 6291456 8388608 7340032 7340032 0 0 0 0
43 66 177 0 16777215 0 0 0 0 0 0 0 -998637568 1065353216 1065353216 1065353216 1065353216 8388608 5242880 7340032 9437184 8388608 8388608 0 0 0 0
43 66 178 0 16777215 0 0 0 0 0 0 0 -998637568 1065353216 1065353216 1065353216 1065353216 9437184 6291456 8388608 9437184 9437184 9437184 0 0 0 0
43 66 179 0 16777215 0 1 0 0 0 0 0 -998637568 1065353216 1065353216 1065353216 1065353216 9437184 6291456 9437184 9437184 9437184 9437184 0 0 0 0
43 66 180 0 16777215 0 1 0 0 0 0 0 -998637568 1065353216 1065353216 1065353216 1065353216 9437184 6291456 9437184 9437184 9437184 9437184 0 0 0 0
43 66 181 0 16777215 0 1 0 0 0 0 0 -998637568 1065353216 1065353216 1065353216 1065353216 9437184 6291456 9437184 9437184 9437184 9437184 0 0 0 0
43 66 182 0 16777215 0 0 0 0 0 0 0 -998637568 1065353216 1065353216 1065353216 1065353216 9437184 6291456 9437184 9437184 9437184 9437184 0 0 0 0
43 66 183 0 16777215 0 0 0 0 0 0 0 -998637568 1065353216 1065353216 1065353216 1065353216 9437184 9437184 9437184 9437184 9437184 9437184 0 0 0 0
43 66 184 0 16777215 0 0 0 0 0 0 0 -998637568 1065353216 1065353216 1065353216 1065353216 9437184 6291456 9437184 9437184 9437184 9437184 0 0 0 0
43 66 186 0 16777215 0 0 0 1 0 0 1 -1077342245 1065353216 1065353216 1065353216 1065353216 12582912 9437184 9437184 15728640 9437184 15728640 0 0 0 0
43 67 168 0 16777215 0 0 0 0 0 0 0 -998637568 1065353216 1065353216 1065353216 1065353216 2097152 0 0 5242880 1048576 3145728 0 0 0 0
43 67 169 0 16777215 0 0 0 0 0 0 0 -998637568 1065353216 1065353216 1065353216 1065353216 5242880 2097152 2097152 8388608 4194304 6291456 0 0 0 0
43 67 170 0 16777215 0 0 0 0 0 0 0 -998637568 1065353216 1065353216 1065353216 1065353216 8388608 5242880 5242880 8388608 7340032 9437184 0 0 0 0
43 67 171 0 16777215 0 0 0 0 0 0 0 -998637568 1065353216 1065353216 1065353216 1065353216 8388608 5242880 8388608 8388608 7340032 9437184 0 0 0 0
43 67 172 0 16777215 0 0 0 0 0 0 0 -998637568 1065353216 1065353216 1065353216 1065353216 8388608 5242880 8388608 8388608 7340032 9437184 0 0 0 0
43 67 173 0 16777215 0 0 0 0 0 0 0 -998637568 1065353216 1065353216 1065353216 1065353216 8388608 5242880 8388608 8388608 7340032 9437184 0 0 0 0
43 67 174 0 16777215 0 0 0 0 0 0 0 -998637568 1065353216 1065353216 1065353216 1065353216 8388608 5242880 8388608 9437184 8388608 9437184 0 0 0 0
43 67 175 0 16777215 0 0 0 0 0 0 0 -998637568 1065353216 1065353216 1065353216 1065353216 9437184 6291456 8388608 10485760 9437184 9437184 0 0 0 0
43 67 176 0 16777215 0 0 0 0 0 0 0 -998637568 1065353216 1065353216 1065353216 1065353216 10485760 7340032 9437184 11534336 10485760 10485760 0 0 0 0
43 67 177 0 16777215 0 0 0 0 0 0 0 -998637568 1065353216 1065353216 1065353216 1065353216 11534336 8388608 10485760 12582912 11534336 11534336 0 0 0 0
43 67 178 0 16777215 0 0 0 0 0 0 0 -998637568 1065353216 1065353216 1065353216 1065353216 12582912 9437184 11534336 12582912 12582912 12582912 0 0 0 0
43 67 179 0 16777215 0 0 0 0 0 0 0 -998637568 1065353216 1065353216 1065353216 1065353216 12582912 9437184 12582912 12582912 12582912 12582912 0 0 0 0
43 67 180 0 16777215 0 0 0 0 0 0 0 -998637568 1065353216 1065353216 1065353216 1065353216 12582912 9437184 12582912 12582912 12582912 12582912 0 0 0 0
43 67 181 0 16777215 0 0 0 0 0 0 0 -998637568 1065353216 1065353216 1065353216 1065353216 12582912 9437184 12582912 12582912 12582912 12582912 0 0 0 0
43 67 182 0 16777215 0 0 0 0 0 0 0 -998637568 1065353216 1065353216 1065353216 1065353216 12582912 9437184 12582912 12582912 12582912 12582912 0 0 0 0
43 67 183 0 16777215 0 0 0 0 0 0 0 -998637568 1065353216 1065353216 1065353216 1065353216 12582912 9437184 12582912 12582912 12582912 12582912 0 0 0 0
43 67 184 0 16777215 0 0 0 0 0 0 0 -998637568 1065353216 1065353216 1065353216 1065353216 12582912 9437184 12582912 12582912 12582912 12582912 0 0 0 0
43 67 185 0 16777215 0 0 0 0 0 0 1 0 1065353216 1065353216 1065353216 1065353216 12582912 9437184 12582912 15728640 12582912 12582912 0 0 0 0
43 67 186 0 16777215 1 0 0 1 0 1 1 -1078270490 1065353216 1065353216 1044847728 1065353216 15728640 12582912 12582912 15728640 12582912 15728640 0 0 0 0
43 68 168 0 16777215 1 0 0 0 0 0 0 -998637568 1063489081 1063489081 1063489081 1063489081 2097152 2097152 0 5242880 1048576 3145728 0 0 0 0
43 68 169 0 16777215 1 0 0 0 0 0 1 -998637568 1063489081 1063489081 1063489081 1063489081 5242880 5242880 2097152 11534336 4194304 6291456 0 0 0 0
43 68 170 0 16777215 1 0 0 0 0 0 1 -998637568 1063489081 1063489081 1063489081 1063489081 11534336 8388608 5242880 11534336 10485760 12582912 0 0 0 0
43 68 171 0 16777215 1 0 0 0 0 0 1 -998637568 1063489081 1063489081 1063489081 1063489081 11534336 8388608 11534336 11534336 10485760 12582912 0 0 0 0
43 68 172 0 16777215 1 0 0 0 0 0 1 -998637568 1063489081 1063489081 1063489081 1063489081 11534336 8388608 11534336 11534336 10485760 12582912 0 0 0 0
43 68 173 0 16777215 1 0 0 0 0 0 1 -998637568 1063489081 1063489081 1063489081 1063489081 11534336 8388608 11534336 11534336 10485760 12582912 0 0 0 0
43 68 174 0 16777215 1 0 0 0 0 0 1 -998637568 1063489081 1063489081 1063489081 1063489081 11534336 8388608 11534336 12582912 11534336 12582912 0 0 0 0
43 68 175 0 16777215 1 0 0 0 0 0 1 -998637568 1063489081 1063489081 1063489081 1063489081 12582912 9437184 11534336 13631488 12582912 12582912 0 0 0 0
43 68 176 0 16777215 1 0 0 0 0 0 1 -998637568 1063489081 1063489081 1063489081 1063489081 13631488 10485760 12582912 14680064 13631488 13631488 0 0 0 0
43 68 177 0 16777215 1 0 0 0 0 0 1 -998637568 1063489081 1063489081 1063489081 1063489081 14680064 11534336 13631488 15728640 14680064 14680064 0 0 0 0
43 68 178 0 16777215 1 0 0 0 0 0 1 -998637568 1063489081 1063489081 1063489081 1063489081 15728640 12582912 14680064 15728640 15728640 15728640 0 0 0 0
43 68 179 0 16777215 1 0 0 0 0 0 1 -998637568 1063489081 1063489081 1063489081 1063489081 15728640 12582912 15728640 15728640 15728640 15728640 0 0 0 0
43 68 180 0 16777215 1 0 0 0 0 0 1 -998637568 1063489081 1063489081 1063489081 1063489081 15728640 12582912 15728640 15728640 15728640 15728640 0 0 0 0
43 68 181 0 16777215 1 0 0 0 0 0 1 -998637568 1063489081 1063489081 1063489081 1063489081 15728640 12582912 15728640 15728640 15728640 15728640 0 0 0 0
43 68 182 0 16777215 1 0 0 0 0 0 1 -998637568 1063489081 1063489081 1063489081 1063489081 15728640 12582912 15728640 15728640 15728640 15728640 0 0 0 0
43 68 183 0 16777215 1 0 0 0 0 0 1 -998637568 1063489081 1063489081 1063489081 1063489081 15728640 12582912 15728640 15728640 15728640 15728640 0 0 0 0
43 68 184 0 16777215 1 0 0 0 0 0 1 0 1063489081 1063333736 1063333736 1063489081 15728640 12582912 15728640 15728640 15728640 15728640 0 0 0 0
43 68 185 0 16777215 1 0 0 1 0 0 1 0 1063333736 1057896676 1053236336 1063333736 15728640 12582912 15728640 15728640 15728640 15728640 0 0 0 0
44 64 168 0 16777215 0 0 0 0 0 0 0 -998637568 1065353216 1065353216 1065353216 1065353216 0 0 0 0 0 0 0 0 0 0
44 64 169 0 16777215 0 0 0 0 0 0 0 -998637568 1065353216 1065353216 1065353216 1065353216 0 0 0 0 0 0 0 0 0 0
44 64 170 0 16777215 0 0 0 0 0 0 0 -998637568 1065353216 1065353216 1065353216 1065353216 0 0 0 0 0 1048576 0 0 0 0
44 64 171 0 16777215 0 0 0 0 0 0 0 -998637568 1065353216 1065353216 1065353216 1065353216 0 0 0 0 0 1048576 0 0 0 0
44 64 172 0 16777215 0 0 0 0 0 0 0 -998637568 1065353216 1065353216 1065353216 1065353216 0 0 0 0 0 1048576 0 0 0 0
44 64 173 0 16777215 0 0 0 0 0 0 0 -998637568 1065353216 1065353216 1065353216 1065353216 0 0 0 0 0 1048576 0 0 0 0
44 64 174 0 16777215 0 0 0 0 0 0 0 -998637568 1065353216 1065353216 1065353216 1065353216 0 0 0 0 0 1048576 0 0 0 0
44 64 175 0 16777215 0 0 0 0 0 0 0 -998637568 1065353216 1065353216 1065353216 1065353216 0 0 0 1048576 0 1048576 0 0 0 0
44 64 176 0 16777215 0 0 0 0 0 0 0 -998637568 1065353216 1065353216 1065353216 1065353216 1048576 0 0 2097152 1048576 1048576 0 0 0 0
44 64 177 0 16777215 0 0 0 0 0 0 0 -998637568 1065353216 1065353216 1065353216 1065353216 2097152 0 1048576 3145728 2097152 2097152 0 0 0 0
44 64 178 0 16777215 0 0 0 0 0 0 1 -998637568 1065353216 1065353216 1065353216 1065353216 3145728 0 2097152 6291456 3145728 3145728 0 0 0 0
44 64 179 0 16777215 1 0 0 0 0 0 1 -998637568 1065353216 1063489081 1063489081 1065353216 6291456 2097152 3145728 6291456 6291456 6291456 0 0 0 0
44 64 180 0 16777215 1 0 0 0 0 0 1 -998637568 1063489081 1063489081 1063489081 1063489081 6291456 2097152 6291456 6291456 6291456 6291456 0 0 0 0
44 64 181 0 16777215 1 0 0 0 0 0 1 -998637568 1063489081 1065353216 1065353216 1063489081 6291456 2097152 6291456 3145728 6291456 6291456 0 0 0 0
44 64 182 0 16777215 0 0 0 0 0 0 1 -998637568 1065353216 1065353216 1065353216 1065353216 3145728 0 6291456 3145728 3145728 3145728 0 0 0 0
44 64 183 0 16777215 0 0 0 0 0 0 0 -998637568 1065353216 1065353216 1065353216 1065353216 3145728 0 3145728 3145728 6291456 3145728 0 0 0 0
44 64 184 0 16777215 0 0 0 0 0 0 0 -998637568 1065353216 1065353216 1065353216 1065353216 3145728 0 3145728 6291456 3145728 6291456 0 0 0 0
44 64 187 0 16777215 0 0 0 0 0 0 1 -1085730850 1065353216 1065353216 1065353216 1065353216 12582912 9437184 9437184 15728640 0 15728640 0 0 0 0
44 64 188 0 16777215 1 0 0 0 0 0 1 -1091738944 1065353216 1060692878 1059760810 1065353216 15728640 12582912 12582912 15728640 15728640 15728640 0 0 0 0
44 65 168 0 16777215 0 0 0 0 0 0 0 -998637568 1065353216 1065353216 1065353216 1065353216 0 0 0 0 0 0 0 0 0 0
44 65 169 0 16777215 0 0 0 0 0 0 0 -998637568 1065353216 1065353216 1065353216 1065353216 0 0 0 3145728 0 1048576 0 0 0 0
44 65 170 0 16777215 0 0 0 0 0 0 0 -998637568 1065353216 1065353216 1065353216 1065353216 3145728 0 0 3145728 2097152 4194304 0 0 0 0
44 65 171 0 16777215 0 0 0 0 0 0 0 -998637568 1065353216 1065353216 1065353216 1065353216 3145728 0 3145728 3145728 2097152 4194304 0 0 0 0
44 65 172 0 16777215 0 0 0 0 0 0 0 -998637568 1065353216 1065353216 1065353216 1065353216 3145728 0 3145728 3145728 2097152 4194304 0 0 0 0
44 65 173 0 16777215 0 0 0 0 0 0 0 -998637568 1065353216 1065353216 1065353216 1065353216 3145728 0 3145728 3145728 2097152 4194304 0 0 0 0
44 65 174 0 16777215 0 0 0 0 0 0 0 -998637568 1065353216 1065353216 1065353216 1065353216 3145728 0 3145728 3145728 2097152 4194304 0 0 0 0
44 65 175 0 16777215 0 0 0 0 0 0 0 -998637568 1065353216 1065353216 1065353216 1065353216 3145728 0 3145728 4194304 3145728 4194304 0 0 0 0
44 65 176 0 16777215 0 0 0 0 0 0 0 -998637568 1065353216 1065353216 1065353216 1065353216 4194304 1048576 3145728 5242880 4194304 4194304 0 0 0 0
44 65 177 0 16777215 0 0 0 0 0 0 0 -998637568 1065353216 1065353216 1065353216 1065353216 5242880 2097152 4194304 6291456 5242880 5242880 0 0 0 0
44 65 178 0 16777215 0 0 0 1 0 0 0 -998637568 1065353216 1065353216 1065353216 1065353216 6291456 3145728 5242880 6291456 6291456 6291456 0 1 0 0
44 65 182 0 16777215 0 0 1 0 0 0 0 -998637568 1065353216 1065353216 1065353216 1065353216 6291456 3145728 6291456 6291456 6291456 6291456 1 0 0 0
44 65 183 0 16777215 0 0 0 0 0 0 0 -998637568 1065353216 1065353216 1065353216 1065353216 6291456 3145728 6291456 6291456 9437184 6291456 0 0 0 0
44 65 184 0 16777215 0 0 0 0 0 0 0 -998637568 1065353216 1065353216 1065353216 1065353216 6291456 3145728 6291456 9437184 6291456 9437184 0 0 0 0
44 65 185 0 16777215 0 0 0 0 0 0 1 -998637568 1065353216 1065353216 1065353216 1065353216 9437184 6291456 6291456 12582912 0 12582912 0 0 0 0
44 65 186 0 16777215 0 0 0 0 0 0 1 -1085730850 1065353216 1065353216 1065353216 1065353216 12582912 9437184 9437184 15728640 9437184 15728640 0 0 0 0
44 65 187 0 16777215 1 0 0 1 0 1 1 -1086716623 1065353216 1048886688 1044847728 1065353216 15728640 12582912 12582912 15728640 15728640 15728640 0 0 0 0
44 66 168 0 16777215 0 0 0 0 0 0 0 -998637568 1065353216 1065353216 1065353216 1065353216 0 0 0 3145728 0 1048576 0 0 0 0
44 66 169 0 16777215 0 0 0 0 0 0 0 -998637568 1065353216 1065353216 1065353216 1065353216 3145728 0 0 6291456 2097152 4194304 0 0 0 0
44 66 170 0 16777215 0 0 0 0 0 0 0 -998637568 1065353216 1065353216 1065353216 1065353216 6291456 3145728 3145728 6291456 5242880 7340032 0 0 0 0
44 66 171 0 16777215 0 0 0 0 0 0 0 -998637568 1065353216 1065353216 1065353216 1065353216 6291456 3145728 6291456 6291456 5242880 7340032 0 0 0 0
44 66 172 0 16777215 0 0 0 0 0 0 0 -998637568 1065353216 1065353216 1065353216 1065353216 6291456 3145728 6291456 6291456 5242880 7340032 0 0 0 0
44 66 173 0 16777215 0 0 0 0 0 0 0 -998637568 1065353216 1065353216 1065353216 1065353216 6291456 3145728 6291456 6291456 5242880 7340032 0 0 0 0
44 66 174 0 16777215 0 0 0 0 0 0 0 -998637568 1065353216 1065353216 1065353216 1065353216 6291456 3145728 6291456 6291456 5242880 7340032 0 0 0 0
44 66 175 0 16777215 0 0 0 0 0 0 0 -998637568 1065353216 1065353216 1065353216 1065353216 6291456 3145728 6291456 7340032 6291456 7340032 0 0 0 0
44 66 176 0 16777215 0 0 0 0 0 0 0 -998637568 1065353216 1065353216 1065353216 1065353216 7340032 4194304 6291456 8388608 7340032 7340032 0 0 0 0
44 66 177 0 16777215 0 0 0 0 0 0 0 -998637568 1065353216 1065353216 1065353216 1065353216 8388608 5242880 7340032 9437184 8388608 8388608 0 0 0 0
44 66 178 0 16777215 0 0 0 0 0 0 0 -998637568 1065353216 1065353216 1065353216 1065353216 9437184 6291456 8388608 9437184 9437184 9437184 0 0 0 0
44 66 179 0 16777215 0 1 0 0 0 0 0 -998637568 1065353216 1065353216 1065353216 1065353216 9437184 6291456 9437184 9437184 9437184 9437184 0 0 0 0
44 66 180 0 16777215 0 1 0 0 0 0 0 -998637568 1065353216 1065353216 1065353216 1065353216 9437184 6291456 9437184 9437184 9437184 9437184 0 0 0 0
44 66 181 0 16777215 0 1 0 0 0 0 0 -998637568 1065353216 1065353216 1065353216 1065353216 9437184 6291456 9437184 9437184 9437184 9437184 0 0 0 0
44 66 182 0 16777215 0 0 0 0 0 0 0 -998637568 1065353216 1065353216 1065353216 1065353216 9437184 6291456 9437184 9437184 9437184 9437184 0 0 0 0
44 66 183 0 16777215 0 0 0 0 0 0 0 -998637568 1065353216 1065353216 1065353216 1065353216 9437184 6291456 9437184 9437184 9437184 9437184 0 0 0 0
44 66 184 0 16777215 0 0 0 0 0 0 0 -998637568 1065353216 1065353216 1065353216 1065353216 9437184 6291456 9437184 12582912 9437184 9437184 0 0 0 0
44 66 185 0 16777215 0 0 0 0 0 0 1 0 1065353216 1065353216 1065353216 1065353216 12582912 9437184 9437184 15728640 9437184 12582912 0 0 0 0
44 66 186 0 16777215 1 0 0 1 0 1 1 -1085730850 1065353216 1065353216 1044847728 1065353216 15728640 12582912 12582912 15728640 12582912 15728640 0 0 0 0
44 67 168 0 16777215 0 0 0 0 0 0 0 -998637568 1065353216 1065353216 1065353216 1065353216 3145728 0 0 6291456 2097152 4194304 0 0 0 0
44 67 169 0 16777215 0 0 0 0 0 0 0 -998637568 1065353216 1065353216 1065353216 1065353216 6291456 3145728 3145728 9437184 5242880 7340032 0 0 0 0
44 67 170 0 16777215 0 0 0 0 0 0 0 -998637568 1065353216 1065353216 1065353216 1065353216 9437184 6291456 6291456 9437184 8388608 10485760 0 0 0 0
44 67 171 0 16777215 0 0 0 0 0 0 0 -998637568 1065353216 1065353216 1065353216 1065353216 9437184 6291456 9437184 9437184 8388608 10485760 0 0 0 0
44 67 172 0 16777215 0 0 0 0 0 0 0 -998637568 1065353216 1065353216 1065353216 1065353216 9437184 6291456 9437184 9437184 8388608 10485760 0 0 0 0
44 67 173 0 16777215 0 0 0 0 0 0 0 -998637568 1065353216 1065353216 1065353216 1065353216 9437184 6291456 9437184 9437184 8388608 10485760 0 0 0 0
44 67 174 0 16777215 0 0 0 0 0 0 0 -998637568 1065353216 1065353216 1065353216 1065353216 9437184 6291456 9437184 9437184 8388608 10485760 0 0 0 0
44 67 175 0 16777215 0 0 0 0 0 0 0 -998637568 1065353216 1065353216 1065353216 1065353216 9437184 6291456 9437184 10485760 9437184 10485760 0 0 0 0
44 67 176 0 16777215 0 0 0 0 0 0 0 -998637568 1065353216 1065353216 1065353216 1065353216 10485760 7340032 9437184 11534336 10485760 10485760 0 0 0 0
44 67 177 0 16777215 0 0 0 0 0 0 0 -998637568 1065353216 1065353216 1065353216 1065353216 11534336 8388608 10485760 12582912 11534336 11534336 0 0 0 0
44 67 178 0 16777215 0 0 0 0 0 0 0 -998637568 1065353216 1065353216 1065353216 1065353216 12582912 9437184 11534336 12582912 12582912 12582912 0 0 0 0
44 67 179 0 16777215 0 0 0 0 0 0 0 -998637568 1065353216 1065353216 1065353216 1065353216 12582912 9437184 12582912 12582912 12582912 12582912 0 0 0 0
44 67 180 0 16777215 0 0 0 0 0 0 0 -998637568 1065353216 1065353216 1065353216 1065353216 12582912 9437184 12582912 12582912 12582912 12582912 0 0 0 0
44 67 181 0 16777215 0 0 0 0 0 0 0 -998637568 1065353216 1065353216 1065353216 1065353216 12582912 9437184 12582912 12582912 12582912 12582912 0 0 0 0
44 67 182 0 16777215 0 0 0 0 0 0 0 -998637568 1065353216 1065353216 1065353216 1065353216 12582912 9437184 12582912 12582912 12582912 12582912 0 0 0 0
44 67 183 0 16777215 0 0 0 0 0 0 0 -998637568 1065353216 1065353216 1065353216 1065353216 12582912 9437184 12582912 12582912 12582912 12582912 0 0 0 0
44 67 184 0 16777215 0 0 0 0 0 0 0 -998637568 1065353216 1065353216 1065353216 1065353216 12582912 9437184 12582912 12582912 12582912 12582912 0 0 0 0
44 67 185 0 16777215 0 0 0 1 0 0 1 0 1065353216 1065353216 1065353216 1065353216 12582912 12582912 12582912 15728640 12582912 12582912 0 0 0 0
44 68 168 0 16777215 1 0 0 0 0 0 0 -998637568 1063489081 1063489081 1063489081 1063489081 3145728 3145728 0 6291456 2097152 4194304 0 0 0 0
44 68 169 0 16777215 1 0 0 0 0 0 1 -998637568 1063489081 1063489081 1063489081 1063489081 6291456 6291456 3145728 12582912 5242880 7340032 0 0 0 0
44 68 170 0 16777215 1 0 0 0 0 0 1 -998637568 1063489081 1063489081 1063489081 1063489081 12582912 9437184 6291456 12582912 11534336 13631488 0 0 0 0
44 68 171 0 16777215 1 0 0 0 0 0 1 -998637568 1063489081 1063489081 1063489081 1063489081 12582912 9437184 12582912 12582912 11534336 13631488 0 0 0 0
44 68 172 0 16777215 1 0 0 0 0 0 1 -998637568 1063489081 1063489081 1063489081 1063489081 12582912 9437184 12582912 12582912 11534336 13631488 0 0 0 0
44 68 173 0 16777215 1 0 0 0 0 0 1 -998637568 1063489081 1063489081 1063489081 1063489081 12582912 9437184 12582912 12582912 11534336 13631488 0 0 0 0
44 68 174 0 16777215 1 0 0 0 0 0 1 -998637568 1063489081 1063489081 1063489081 1063489081 12582912 9437184 12582912 12582912 11534336 13631488 0 0 0 0
44 68 175 0 16777215 1 0 0 0 0 0 1 -998637568 1063489081 1063489081 1063489081 1063489081 12582912 9437184 12582912 13631488 12582912 13631488 0 0 0 0
44 68 176 0 16777215 1 0 0 0 0 0 1 -998637568 1063489081 1063489081 1063489081 1063489081 13631488 10485760 12582912 14680064 13631488 13631488 0 0 0 0
44 68 177 0 16777215 1 0 0 0 0 0 1 -998637568 1063489081 1063489081 1063489081 1063489081 14680064 11534336 13631488 15728640 14680064 14680064 0 0 0 0
44 68 178 0 16777215 1 0 0 0 0 0 1 -998637568 1063489081 1063489081 1063489081 1063489081 15728640 12582912 14680064 15728640 15728640 15728640 0 0 0 0
44 68 179 0 16777215 1 0 0 0 0 0 1 -998637568 1063489081 1063489081 1063489081 1063489081 15728640 12582912 15728640 15728640 15728640 15728640 0 0 0 0
44 68 180 0 16777215 1 0 0 0 0 0 1 -998637568 1063489081 1063489081 1063489081 1063489081 15728640 12582912 15728640 15728640 15728640 15728640 0 0 0 0
44 68 181 0 16777215 1 0 0 0 0 0 1 -998637568 1063489081 1063489081 1063489081 1063489081 15728640 12582912 15728640 15728640 15728640 15728640 0 0 0 0
44 68 182 0 16777215 1 0 0 0 0 0 1 -998637568 1063489081 1063489081 1063489081 1063489081 15728640 12582912 15728640 15728640 15728640 15728640 0 0 0 0
44 68 183 0 16777215 1 0 0 0 0 0 1 -998637568 1063489081 1063489081 1063489081 1063489081 15728640 12582912 15728640 15728640 15728640 15728640 0 0 0 0
44 68 184 0 16777215 1 0 0 0 0 0 1 0 1063489081 1063333736 1063333736 1063489081 15728640 12582912 15728640 15728640 15728640 15728640 0 0 0 0
44 68 185 0 16777215 1 0 0 1 0 0 1 0 1063333736 1053236336 1053236336 1063333736 15728640 12582912 15728640 15728640 15728640 15728640 0 0 0 0
45 64 168 0 16777215 0 0 0 0 0 0 0 -998637568 1065353216 1065353216 1065353216 1065353216 0 0 0 0 0 0 0 0 0 0
45 64 169 0 16777215 0 0 0 0 0 0 0 -998637568 1065353216 1065353216 1065353216 1065353216 0 0 0 1048576 0 0 0 0 0 0
45 64 170 0 16777215 0 0 0 0 0 0 1 -998637568 1065353216 1065353216 1065353216 1065353216 1048576 0 0 1048576 0 2097152 0 0 0 0
45 64 171 0 16777215 0 0 0 0 0 0 1 -998637568 1065353216 1065353216 1065353216 1065353216 1048576 0 1048576 1048576 0 2097152 0 0 0 0
45 64 172 0 16777215 0 0 0 0 0 0 1 -998637568 1065353216 1065353216 1065353216 1065353216 1048576 0 1048576 1048576 0 1048576 0 0 0 0
45 64 173 0 16777215 0 0 0 0 0 0 1 -998637568 1065353216 1065353216 1065353216 1065353216 1048576 0 1048576 1048576 0 2097152 0 0 0 0
45 64 174 0 16777215 0 0 0 0 0 0 1 -998637568 1065353216 1065353216 1065353216 1065353216 1048576 0 1048576 1048576 0 2097152 0 0 0 0
45 64 175 0 16777215 0 0 0 0 0 0 0 -998637568 1065353216 1065353216 1065353216 1065353216 1048576 0 1048576 1048576 0 2097152 0 0 0 0
45 64 176 0 16777215 0 0 0 0 0 0 0 -998637568 1065353216 1065353216 1065353216 1065353216 1048576 0 1048576 2097152 1048576 2097152 0 0 0 0
45 64 177 0 16777215 0 0 0 0 0 0 0 -998637568 1065353216 1065353216 1065353216 1065353216 2097152 0 1048576 3145728 2097152 2097152 0 0 0 0
45 64 178 0 16777215 0 0 0 0 0 0 1 -998637568 1065353216 1065353216 1065353216 1065353216 3145728 0 2097152 6291456 3145728 3145728 0 0 0 0
45 64 179 0 16777215 1 0 0 0 0 0 1 -998637568 1065353216 1063489081 1065353216 1065353216 6291456 2097152 3145728 6291456 6291456 5242880 0 0 0 0
45 64 180 0 16777215 1 0 0 0 0 0 1 -998637568 1063489081 1063489081 1065353216 1065353216 6291456 2097152 6291456 6291456 6291456 5242880 0 0 0 0
45 64 181 0 16777215 1 0 0 0 0 0 1 -998637568 1063489081 1065353216 1065353216 1065353216 6291456 2097152 6291456 3145728 6291456 5242880 0 0 0 0
45 64 182 0 16777215 0 0 0 0 0 0 1 -998637568 1065353216 1065353216 1065353216 1065353216 3145728 0 6291456 3145728 3145728 3145728 0 0 0 0
45 64 183 0 16777215 0 0 0 0 0 0 0 -998637568 1065353216 1065353216 1065353216 1065353216 3145728 0 3145728 6291456 3145728 6291456 0 0 0 0
45 64 184 0 16777215 0 0 0 0 0 0 0 -998637568 1065353216 1065353216 1065353216 1065353216 6291456 3145728 3145728 9437184 3145728 9437184 0 0 0 0
45 64 186 0 16777215 0 0 0 0 0 0 1 -1085730850 1065353216 1065353216 1065353216 1065353216 12582912 9437184 9437184 15728640 9437184 15728640 0 0 0 0
45 64 187 0 16777215 1 0 0 0 0 0 1 -1085730850 1065353216 1065353216 1059760810 1065353216 15728640 12582912 12582912 15728640 12582912 15728640 0 0 0 0
45 64 188 0 16777215 1 0 0 0 0 0 1 -1085730850 1065353216 1059760810 1057896676 1059760810 15728640 12582912 15728640 15728640 15728640 15728640 0 0 0 0
45 65 168 0 16777215 0 0 0 0 0 0 0 -998637568 1065353216 1065353216 1065353216 1065353216 0 0 0 1048576 0 0 0 0 0 0
45 65 169 0 16777215 0 0 0 0 0 0 0 -998637568 1065353216 1065353216 1065353216 1065353216 1048576 0 0 4194304 0 3145728 0 0 0 0
45 65 170 0 16777215 0 0 0 0 0 0 0 -998637568 1065353216 1065353216 1065353216 1065353216 4194304 1048576 1048576 4194304 3145728 5242880 0 0 0 0
45 65 171 0 16777215 0 0 0 0 0 1 0 -998637568 1065353216 1065353216 1065353216 1065353216 4194304 1048576 4194304 4194304 3145728 2097152 0 0 0 1
45 65 172 0 16777215 0 0 0 0 0 1 0 -998637568 1065353216 1065353216 1065353216 1065353216 4194304 1048576 4194304 4194304 3145728 1048576 0 0 0 1
45 65 173 0 16777215 0 0 0 0 0 1 0 -998637568 1065353216 1065353216 1065353216 1065353216 4194304 1048576 4194304 4194304 3145728 2097152 0 0 0 1
45 65 174 0 16777215 0 0 0 0 0 0 0 -998637568 1065353216 1065353216 1065353216 1065353216 4194304 1048576 4194304 4194304 3145728 5242880 0 0 0 0
45 65 175 0 16777215 0 0 0 0 0 0 0 -998637568 1065353216 1065353216 1065353216 1065353216 4194304 1048576 4194304 4194304 3145728 5242880 0 0 0 0
45 65 176 0 16777215 0 0 0 0 0 0 0 -998637568 1065353216 1065353216 1065353216 1065353216 4194304 1048576 4194304 5242880 4194304 5242880 0 0 0 0
45 65 177 0 16777215 0 0 0 0 0 0 0 -998637568 1065353216 1065353216 1065353216 1065353216 5242880 2097152 4194304 6291456 5242880 5242880 0 0 0 0
45 65 178 0 16777215 0 0 0 1 0 0 1 -998637568 1065353216 1065353216 1065353216 1065353216 6291456 3145728 5242880 6291456 6291456 6291456 0 1 0 0
45 65 182 0 16777215 0 0 1 0 0 0 1 -998637568 1065353216 1065353216 1065353216 1065353216 6291456 3145728 6291456 6291456 6291456 6291456 1 0 0 0
45 65 183 0 16777215 0 0 0 0 0 0 0 -998637568 1065353216 1065353216 1065353216 1065353216 6291456 3145728 6291456 9437184 6291456 9437184 0 0 0 0
45 65 184 0 16777215 0 0 0 0 0 0 0 -998637568 1065353216 1065353216 1065353216 1065353216 9437184 6291456 6291456 12582912 6291456 9437184 0 0 0 0
45 65 185 0 16777215 0 0 0 0 0 0 1 0 1065353216 1065353216 1065353216 1065353216 12582912 9437184 9437184 15728640 9437184 12582912 0 0 0 0
45 65 186 0 16777215 1 0 0 1 0 1 1 -1085730850 1065353216 1065353216 1044847728 1065353216 15728640 12582912 12582912 15728640 12582912 15728640 0 0 0 0
45 66 168 0 16777215 0 0 0 0 0 0 0 -998637568 1065353216 1065353216 1065353216 1065353216 1048576 0 0 4194304 0 3145728 0 0 0 0
45 66 169 0 16777215 0 0 0 0 0 0 0 -998637568 1065353216 1065353216 1065353216 1065353216 4194304 1048576 1048576 7340032 3145728 6291456 0 0 0 0
45 66 170 0 16777215 0 0 0 0 0 0 0 -998637568 1065353216 1065353216 1065353216 1065353216 7340032 4194304 4194304 7340032 6291456 8388608 0 0 0 0
45 66 171 0 16777215 0 0 0 0 0 0 0 -998637568 1065353216 1065353216 1065353216 1065353216 7340032 4194304 7340032 7340032 6291456 8388608 0 0 0 0
45 66 172 0 16777215 0 0 0 0 0 0 0 -998637568 1065353216 1065353216 1065353216 1065353216 7340032 4194304 7340032 7340032 6291456 8388608 0 0 0 0
45 66 173 0 16777215 0 0 0 0 0 0 0 -998637568 1065353216 1065353216 1065353216 1065353216 7340032 4194304 7340032 7340032 6291456 8388608 0 0 0 0
45 66 174 0 16777215 0 0 0 0 0 0 0 -998637568 1065353216 1065353216 1065353216 1065353216 7340032 4194304 7340032 7340032 6291456 8388608 0 0 0 0
45 66 175 0 16777215 0 0 0 0 0 0 0 -998637568 1065353216 1065353216 1065353216 1065353216 7340032 4194304 7340032 7340032 6291456 8388608 0 0 0 0
45 66 176 0 16777215 0 0 0 0 0 0 0 -998637568 1065353216 1065353216 1065353216 1065353216 7340032 4194304 7340032 8388608 7340032 8388608 0 0 0 0
45 66 177 0 16777215 0 0 0 0 0 0 0 -998637568 1065353216 1065353216 1065353216 1065353216 8388608 5242880 7340032 9437184 8388608 8388608 0 0 0 0
45 66 178 0 16777215 0 0 0 0 0 0 0 -998637568 1065353216 1065353216 1065353216 1065353216 9437184 6291456 8388608 9437184 9437184 9437184 0 0 0 0
45 66 179 0 16777215 0 1 0 0 0 1 0 -998637568 1065353216 1065353216 1065353216 1065353216 9437184 6291456 9437184 9437184 9437184 9437184 0 0 0 1
45 66 180 0 16777215 0 1 0 0 0 1 0 -998637568 1065353216 1065353216 1065353216 1065353216 9437184 6291456 9437184 9437184 9437184 9437184 0 0 0 1
45 66 181 0 16777215 0 1 0 0 0 1 0 -998637568 1065353216 1065353216 1065353216 1065353216 9437184 6291456 9437184 9437184 9437184 9437184 0 0 0 1
45 66 182 0 16777215 0 0 0 0 0 0 0 -998637568 1065353216 1065353216 1065353216 1065353216 9437184 6291456 9437184 9437184 9437184 9437184 0 0 0 0
45 66 183 0 16777215 0 0 0 0 0 0 0 -998637568 1065353216 1065353216 1065353216 1065353216 9437184 6291456 9437184 9437184 9437184 9437184 0 0 0 0
45 66 184 0 16777215 0 0 0 0 0 0 0 -998637568 1065353216 1065353216 1065353216 1065353216 9437184 9437184 9437184 12582912 9437184 9437184 0 0 0 0
45 66 185 0 16777215 0 0 0 1 0 0 1 0 1065353216 1065353216 1065353216 1065353216 12582912 12582912 9437184 15728640 12582912 12582912 0 0 0 0
45 67 168 0 16777215 0 0 0 0 0 0 0 -998637568 1065353216 1065353216 1065353216 1065353216 4194304 1048576 0 7340032 3145728 6291456 0 0 0 0
45 67 169 0 16777215 0 0 0 0 0 0 0 -998637568 1065353216 1065353216 1065353216 1065353216 7340032 4194304 4194304 10485760 6291456 9437184 0 0 0 0
45 67 170 0 16777215 0 0 0 0 0 0 0 -998637568 1065353216 1065353216 1065353216 1065353216 10485760 7340032 7340032 10485760 9437184 11534336 0 0 0 0
45 67 171 0 16777215 0 0 0 0 0 0 0 -998637568 1065353216 1065353216 1065353216 1065353216 10485760 7340032 10485760 10485760 9437184 11534336 0 0 0 0
45 67 172 0 16777215 0 0 0 0 0 0 0 -998637568 1065353216 1065353216 1065353216 1065353216 10485760 7340032 10485760 10485760 9437184 11534336 0 0 0 0
45 67 173 0 16777215 0 0 0 0 0 0 0 -998637568 1065353216 1065353216 1065353216 1065353216 10485760 7340032 10485760 10485760 9437184 11534336 0 0 0 0
45 67 174 0 16777215 0 0 0 0 0 0 0 -998637568 1065353216 1065353216 1065353216 1065353216 10485760 7340032 10485760 10485760 9437184 11534336 0 0 0 0
45 67 175 0 16777215 0 0 0 0 0 0 0 -998637568 1065353216 1065353216 1065353216 1065353216 10485760 7340032 10485760 10485760 9437184 11534336 0 0 0 0
45 67 176 0 16777215 0 0 0 0 0 0 0 -998637568 1065353216 1065353216 1065353216 1065353216 10485760 7340032 10485760 11534336 10485760 11534336 0 0 0 0
45 67 177 0 16777215 0 0 0 0 0 0 0 -998637568 1065353216 1065353216 1065353216 1065353216 11534336 8388608 10485760 12582912 11534336 11534336 0 0 0 0
45 67 178 0 16777215 0 0 0 0 0 0 0 -998637568 1065353216 1065353216 1065353216 1065353216 12582912 9437184 11534336 12582912 12582912 12582912 0 0 0 0
45 67 179 0 16777215 0 0 0 0 0 0 0 -998637568 1065353216 1065353216 1065353216 1065353216 12582912 9437184 12582912 12582912 12582912 12582912 0 0 0 0
45 67 180 0 16777215 0 0 0 0 0 0 0 -998637568 1065353216 1065353216 1065353216 1065353216 12582912 9437184 12582912 12582912 12582912 12582912 0 0 0 0
45 67 181 0 16777215 0 0 0 0 0 0 0 -998637568 1065353216 1065353216 1065353216 1065353216 12582912 9437184 12582912 12582912 12582912 12582912 0 0 0 0
45 67 182 0 16777215 0 0 0 0 0 0 0 -998637568 1065353216 1065353216 1065353216 1065353216 12582912 9437184 12582912 12582912 12582912 12582912 0 0 0 0
45 67 183 0 16777215 0 0 0 0 0 0 0 -998637568 1065353216 1065353216 1065353216 1065353216 12582912 9437184 12582912 12582912 12582912 12582912 0 0 0 0
45 67 184 0 16777215 0 0 0 0 0 0 0 -998637568 1065353216 1065353216 1065353216 1065353216 12582912 9437184 12582912 12582912 12582912 12582912 0 0 0 0
45 67 185 0 16777215 0 0 0 1 0 0 1 -998637568 1065353216 1065353216 1065353216 1065353216 12582912 12582912 12582912 15728640 12582912 12582912 0 0 0 0
45 68 168 0 16777215 1 0 0 0 0 0 0 -998637568 1063489081 1063489081 1063489081 1063489081 4194304 4194304 0 7340032 3145728 6291456 0 0 0 0
45 68 169 0 16777215 1 0 0 0 0 0 1 -998637568 1063489081 1063489081 1063489081 1063489081 7340032 7340032 4194304 13631488 6291456 9437184 0 0 0 0
45 68 170 0 16777215 1 0 0 0 0 0 1 -998637568 1063489081 1063489081 1063489081 1063489081 13631488 10485760 7340032 13631488 12582912 14680064 0 0 0 0
45 68 171 0 16777215 1 0 0 0 0 0 1 -998637568 1063489081 1063489081 1063489081 1063489081 13631488 10485760 13631488 13631488 12582912 14680064 0 0 0 0
45 68 172 0 16777215 1 0 0 0 0 0 1 -998637568 1063489081 1063489081 1063489081 1063489081 13631488 10485760 13631488 13631488 12582912 14680064 0 0 0 0
45 68 173 0 16777215 1 0 0 0 0 0 1 -998637568 1063489081 1063489081 1063489081 1063489081 13631488 10485760 13631488 13631488 12582912 14680064 0 0 0 0
45 68 174 0 16777215 1 0 0 0 0 0 1 -998637568 1063489081 1063489081 1063489081 1063489081 13631488 10485760 13631488 13631488 12582912 14680064 0 0 0 0
45 68 175 0 16777215 1 0 0 0 0 0 1 -998637568 1063489081 1063489081 1063489081 1063489081 13631488 10485760 13631488 13631488 12582912 14680064 0 0 0 0
45 68 176 0 16777215 1 0 0 0 0 0 1 -998637568 1063489081 1063489081 1063489081 1063489081 13631488 10485760 13631488 14680064 13631488 14680064 0 0 0 0
45 68 177 0 16777215 1 0 0 0 0 0 1 -998637568 1063489081 1063489081 1063489081 1063489081 14680064 11534336 13631488 15728640 14680064 14680064 0 0 0 0
45 68 178 0 16777215 1 0 0 0 0 0 1 -998637568 1063489081 1063489081 1063489081 1063489081 15728640 12582912 14680064 15728640 15728640 15728640 0 0 0 0
45 68 179 0 16777215 1 0 0 0 0 0 1 -998637568 1063489081 1063489081 1063489081 1063489081 15728640 12582912 15728640 15728640 15728640 15728640 0 0 0 0
45 68 180 0 16777215 1 0 0 0 0 0 1 -998637568 1063489081 1063489081 1063489081 1063489081 15728640 12582912 15728640 15728640 15728640 15728640 0 0 0 0
45 68 181 0 16777215 1 0 0 0 0 0 1 -998637568 1063489081 1063489081 1063489081 1063489081 15728640 12582912 15728640 15728640 15728640 15728640 0 0 0 0
45 68 182 0 16777215 1 0 0 0 0 0 1 -998637568 1063489081 1063489081 1063489081 1063489081 15728640 12582912 15728640 15728640 15728640 15728640 0 0 0 0
45 68 183 0 16777215 1 0 0 0 0 0 1 -998637568 1063489081 1063489081 1063489081 1063489081 15728640 12582912 15728640 15728640 15728640 15728640 0 0 0 0
45 68 184 0 16777215 1 0 0 0 0 0 1 0 1063489081 1063333736 1063333736 1063489081 15728640 12582912 15728640 15728640 15728640 15728640 0 0 0 0
45 68 185 0 16777215 1 0 0 1 0 0 1 0 1063333736 1053236336 1053236336 1063333736 15728640 12582912 15728640 15728640 15728640 15728640 0 0 0 0
46 64 168 0 16777215 0 0 0 0 0 0 0 -998637568 1065353216 1065353216 1065353216 1065353216 0 0 0 0 0 0 0 0 0 0
46 64 169 0 16777215 0 0 0 0 0 0 0 -998637568 1065353216 1065353216 1065353216 1065353216 0 0 0 2097152 0 3145728 0 0 0 0
46 64 170 0 16777215 0 0 0 0 0 0 1 -998637568 1065353216 1065353216 1065353216 1065353216 2097152 0 0 2097152 1048576 3145728 0 0 0 0
46 64 171 0 16777215 1 0 0 0 0 0 1 -998637568 1065353216 1065353216 1063489081 1065353216 2097152 0 2097152 1048576 1048576 3145728 0 0 0 0
46 64 172 0 16777215 1 0 0 0 0 0 1 -998637568 1065353216 1065353216 1063489081 1063489081 1048576 0 2097152 2097152 1048576 2097152 0 0 0 0
46 64 173 0 16777215 1 0 0 0 0 0 1 -998637568 1065353216 1065353216 1065353216 1063489081 2097152 0 1048576 2097152 1048576 3145728 0 0 0 0
46 64 174 0 16777215 0 0 0 0 0 0 1 -998637568 1065353216 1065353216 1065353216 1065353216 2097152 0 2097152 2097152 1048576 3145728 0 0 0 0
46 64 175 0 16777215 0 0 0 0 0 0 0 -998637568 1065353216 1065353216 1065353216 1065353216 2097152 0 2097152 2097152 1048576 3145728 0 0 0 0
46 64 176 0 16777215 0 0 0 0 0 0 0 -998637568 1065353216 1065353216 1065353216 1065353216 2097152 0 2097152 2097152 1048576 3145728 0 0 0 0
46 64 177 0 16777215 0 0 0 0 0 0 0 -998637568 1065353216 1065353216 1065353216 1065353216 2097152 0 2097152 3145728 2097152 3145728 0 0 0 0
46 64 178 0 16777215 0 0 0 0 0 0 1 -998637568 1065353216 1065353216 1065353216 1065353216 3145728 0 2097152 5242880 3145728 3145728 0 0 0 0
46 64 179 0 16777215 0 0 0 0 0 0 1 -998637568 1065353216 1065353216 1065353216 1065353216 5242880 2097152 3145728 5242880 6291456 3145728 0 0 0 0
46 64 180 0 16777215 0 0 0 0 0 0 1 -998637568 1065353216 1065353216 1065353216 1065353216 5242880 2097152 5242880 5242880 6291456 3145728 0 0 0 0
46 64 181 0 16777215 0 0 0 0 0 0 1 -998637568 1065353216 1065353216 1065353216 1065353216 5242880 2097152 5242880 3145728 6291456 3145728 0 0 0 0
46 64 182 0 16777215 0 0 0 0 0 0 1 -998637568 1065353216 1065353216 1065353216 1065353216 3145728 0 5242880 6291456 3145728 3145728 0 0 0 0
46 64 183 0 16777215 0 0 0 0 0 0 0 -998637568 1065353216 1065353216 1065353216 1065353216 6291456 3145728 3145728 9437184 3145728 6291456 0 0 0 0
46 64 184 0 16777215 0 0 0 0 0 0 0 -998637568 1065353216 1065353216 1065353216 1065353216 9437184 6291456 6291456 12582912 6291456 9437184 0 0 0 0
46 64 185 0 16777215 0 0 0 0 0 0 1 0 1065353216 1065353216 1065353216 1065353216 12582912 9437184 9437184 15728640 9437184 12582912 0 0 0 0
46 64 186 0 16777215 1 0 0 0 0 0 1 -1091738944 1065353216 1065353216 1060692878 1065353216 15728640 12582912 12582912 15728640 12582912 15728640 0 0 0 0
46 64 187 0 16777215 1 0 0 0 0 0 1 -1091738944 1065353216 1059760810 1058828743 1060692878 15728640 12582912 15728640 15728640 15728640 15728640 0 0 0 0
46 64 188 0 16777215 1 0 0 0 0 0 1 -1091738944 1059760810 1057896676 1056964608 1058828743 15728640 12582912 15728640 15728640 15728640 15728640 0 0 0 0
46 65 168 0 16777215 0 0 0 0 0 0 0 -998637568 1065353216 1065353216 1065353216 1065353216 0 0 0 3145728 0 3145728 0 0 0 0
46 65 169 0 16777215 0 0 0 0 0 0 0 -998637568 1065353216 1065353216 1065353216 1065353216 3145728 0 0 5242880 1048576 6291456 0 0 0 0
46 65 170 0 16777215 0 0 0 1 0 0 0 -998637568 1065353216 1065353216 1065353216 1065353216 5242880 2097152 3145728 2097152 4194304 6291456 0 1 0 0
46 65 174 0 16777215 0 0 1 0 0 0 0 -998637568 1065353216 1065353216 1065353216 1065353216 5242880 2097152 2097152 5242880 4194304 6291456 1 0 0 0
46 65 175 0 16777215 0 0 0 0 0 0 0 -998637568 1065353216 1065353216 1065353216 1065353216 5242880 2097152 5242880 5242880 4194304 6291456 0 0 0 0
46 65 176 0 16777215 0 0 0 0 0 0 0 -998637568 1065353216 1065353216 1065353216 1065353216 5242880 2097152 5242880 5242880 4194304 6291456 0 0 0 0
46 65 177 0 16777215 0 0 0 0 0 0 0 -998637568 1065353216 1065353216 1065353216 1065353216 5242880 2097152 5242880 6291456 5242880 6291456 0 0 0 0
46 65 178 0 16777215 0 0 0 0 0 0 1 -998637568 1065353216 1065353216 1065353216 1065353216 6291456 3145728 5242880 9437184 6291456 6291456 0 0 0 0
46 65 179 0 16777215 1 0 0 0 1 0 1 -998637568 1065353216 1065353216 1065353216 1065353216 9437184 5242880 6291456 9437184 6291456 6291456 0 0 1 0
46 65 180 0 16777215 1 0 0 0 1 0 1 -998637568 1065353216 1065353216 1065353216 1065353216 9437184 5242880 9437184 9437184 6291456 6291456 0 0 1 0
46 65 181 0 16777215 1 0 0 0 1 0 1 -998637568 1065353216 1065353216 1065353216 1065353216 9437184 5242880 9437184 6291456 6291456 6291456 0 0 1 0
46 65 182 0 16777215 0 0 0 0 0 0 1 -998637568 1065353216 1065353216 1065353216 1065353216 6291456 3145728 9437184 9437184 6291456 6291456 0 0 0 0
46 65 183 0 16777215 0 0 0 0 0 0 0 -998637568 1065353216 1065353216 1065353216 1065353216 9437184 6291456 6291456 9437184 6291456 6291456 0 0 0 0
46 65 184 0 16777215 0 0 0 0 0 0 0 -998637568 1065353216 1065353216 1065353216 1065353216 9437184 9437184 9437184 12582912 9437184 9437184 0 0 0 0
46 65 185 0 16777215 0 0 0 1 0 0 1 0 1065353216 1065353216 1065353216 1065353216 12582912 12582912 9437184 15728640 12582912 12582912 0 0 0 0
46 66 168 0 16777215 0 0 0 0 0 0 0 -998637568 1065353216 1065353216 1065353216 1065353216 3145728 0 0 6291456 1048576 6291456 0 0 0 0
46 66 169 0 16777215 0 0 0 0 0 0 0 -998637568 1065353216 1065353216 1065353216 1065353216 6291456 3145728 3145728 8388608 4194304 9437184 0 0 0 0
46 66 170 0 16777215 0 0 0 0 0 0 0 -998637568 1065353216 1065353216 1065353216 1065353216 8388608 5242880 6291456 8388608 7340032 9437184 0 0 0 0
46 66 174 0 16777215 0 0 0 0 0 0 0 -998637568 1065353216 1065353216 1065353216 1065353216 8388608 5242880 8388608 8388608 7340032 9437184 0 0 0 0
46 66 175 0 16777215 0 0 0 0 0 0 0 -998637568 1065353216 1065353216 1065353216 1065353216 8388608 5242880 8388608 8388608 7340032 9437184 0 0 0 0
46 66 176 0 16777215 0 0 0 0 0 0 0 -998637568 1065353216 1065353216 1065353216 1065353216 8388608 5242880 8388608 8388608 7340032 9437184 0 0 0 0
46 66 177 0 16777215 0 0 0 0 0 0 0 -998637568 1065353216 1065353216 1065353216 1065353216 8388608 5242880 8388608 9437184 8388608 9437184 0 0 0 0
46 66 178 0 16777215 0 0 0 1 0 0 0 -998637568 1065353216 1065353216 1065353216 1065353216 9437184 6291456 8388608 9437184 9437184 9437184 0 1 0 0
46 66 182 0 16777215 0 0 1 0 0 0 0 -998637568 1065353216 1065353216 1065353216 1065353216 9437184 6291456 9437184 9437184 9437184 9437184 1 0 0 0
46 66 183 0 16777215 0 0 0 0 0 0 0 -998637568 1065353216 1065353216 1065353216 1065353216 9437184 9437184 9437184 9437184 9437184 9437184 0 0 0 0
46 66 184 0 16777215 0 0 0 0 0 0 0 -998637568 1065353216 1065353216 1065353216 1065353216 9437184 9437184 9437184 12582912 9437184 9437184 0 0 0 0
46 66 185 0 16777215 0 0 0 1 0 0 1 -998637568 1065353216 1065353216 1065353216 1065353216 12582912 12582912 9437184 15728640 12582912 12582912 0 0 0 0
46 67 168 0 16777215 0 0 0 0 0 0 0 -998637568 1065353216 1065353216 1065353216 1065353216 6291456 3145728 0 9437184 4194304 9437184 0 0 0 0
46 67 169 0 16777215 0 0 0 0 0 0 0 -998637568 1065353216 1065353216 1065353216 1065353216 9437184 6291456 6291456 11534336 7340032 12582912 0 0 0 0
46 67 170 0 16777215 0 0 0 0 0 0 0 -998637568 1065353216 1065353216 1065353216 1065353216 11534336 8388608 9437184 11534336 10485760 12582912 0 0 0 0
46 67 171 0 16777215 0 0 0 0 0 0 0 -998637568 1065353216 1065353216 1065353216 1065353216 11534336 8388608 11534336 11534336 10485760 12582912 0 0 0 0
46 67 172 0 16777215 0 0 0 0 0 0 0 -998637568 1065353216 1065353216 1065353216 1065353216 11534336 8388608 11534336 11534336 10485760 12582912 0 0 0 0
46 67 173 0 16777215 0 0 0 0 0 0 0 -998637568 1065353216 1065353216 1065353216 1065353216 11534336 8388608 11534336 11534336 10485760 12582912 0 0 0 0
46 67 174 0 16777215 0 0 0 0 0 0 0 -998637568 1065353216 1065353216 1065353216 1065353216 11534336 8388608 11534336 11534336 10485760 12582912 0 0 0 0
46 67 175 0 16777215 0 0 0 0 0 0 0 -998637568 1065353216 1065353216 1065353216 1065353216 11534336 8388608 11534336 11534336 10485760 12582912 0 0 0 0
46 67 176 0 16777215 0 0 0 0 0 0 0 -998637568 1065353216 1065353216 1065353216 1065353216 11534336 8388608 11534336 11534336 10485760 12582912 0 0 0 0
46 67 177 0 16777215 0 0 0 0 0 0 0 -998637568 1065353216 1065353216 1065353216 1065353216 11534336 8388608 11534336 12582912 11534336 12582912 0 0 0 0
46 67 178 0 16777215 0 0 0 0 0 0 0 -998637568 1065353216 1065353216 1065353216 1065353216 12582912 9437184 11534336 12582912 12582912 12582912 0 0 0 0
46 67 179 0 16777215 0 1 0 0 0 0 0 -998637568 1065353216 1065353216 1065353216 1065353216 12582912 9437184 12582912 12582912 12582912 12582912 0 0 0 0
46 67 180 0 16777215 0 1 0 0 0 0 0 -998637568 1065353216 1065353216 1065353216 1065353216 12582912 9437184 12582912 12582912 12582912 12582912 0 0 0 0
46 67 181 0 16777215 0 1 0 0 0 0 0 -998637568 1065353216 1065353216 1065353216 1065353216 12582912 9437184 12582912 12582912 12582912 12582912 0 0 0 0
46 67 182 0 16777215 0 0 0 0 0 0 0 -998637568 1065353216 1065353216 1065353216 1065353216 12582912 9437184 12582912 12582912 12582912 12582912 0 0 0 0
46 67 183 0 16777215 0 0 0 0 0 0 0 -998637568 1065353216 1065353216 1065353216 1065353216 12582912 9437184 12582912 12582912 12582912 12582912 0 0 0 0
46 67 184 0 16777215 0 0 0 0 0 0 0 -998637568 1065353216 1065353216 1065353216 1065353216 12582912 9437184 12582912 12582912 12582912 12582912 0 0 0 0
46 67 185 0 16777215 0 0 0 1 0 0 1 -998637568 1065353216 1065353216 1065353216 1065353216 12582912 12582912 12582912 15728640 12582912 12582912 0 0 0 0
46 68 168 0 16777215 1 0 0 0 0 0 1 -998637568 1063489081 1063489081 1063489081 1063489081 6291456 6291456 0 9437184 4194304 9437184 0 0 0 0
46 68 169 0 16777215 1 0 0 0 0 0 1 -998637568 1063489081 1063489081 1063489081 1063489081 9437184 9437184 6291456 14680064 7340032 15728640 0 0 0 0
46 68 170 0 16777215 1 0 0 0 0 0 1 -998637568 1063489081 1063489081 1063489081 1063489081 14680064 11534336 9437184 14680064 13631488 15728640 0 0 0 0
46 68 171 0 16777215 1 0 0 0 0 0 1 -998637568 1063489081 1063489081 1063489081 1063489081 14680064 11534336 14680064 14680064 13631488 15728640 0 0 0 0
46 68 172 0 16777215 1 0 0 0 0 0 1 -998637568 1063489081 1063489081 1063489081 1063489081 14680064 11534336 14680064 14680064 13631488 15728640 0 0 0 0
46 68 173 0 16777215 1 0 0 0 0 0 1 -998637568 1063489081 1063489081 1063489081 1063489081 14680064 11534336 14680064 14680064 13631488 15728640 0 0 0 0
46 68 174 0 16777215 1 0 0 0 0 0 1 -998637568 1063489081 1063489081 1063489081 1063489081 14680064 11534336 14680064 14680064 13631488 15728640 0 0 0 0
46 68 175 0 16777215 1 0 0 0 0 0 1 -998637568 1063489081 1063489081 1063489081 1063489081 14680064 11534336 14680064 14680064 13631488 15728640 0 0 0 0
46 68 176 0 16777215 1 0 0 0 0 0 1 -998637568 1063489081 1063489081 1063489081 1063489081 14680064 11534336 14680064 14680064 13631488 15728640 0 0 0 0
46 68 177 0 16777215 1 0 0 0 0 0 1 -998637568 1063489081 1063489081 1063489081 1063489081 14680064 11534336 14680064 15728640 14680064 15728640 0 0 0 0
46 68 178 0 16777215 1 0 0 0 0 0 1 -998637568 1063489081 1063489081 1063489081 1063489081 15728640 12582912 14680064 15728640 15728640 15728640 0 0 0 0
46 68 179 0 16777215 1 0 0 0 0 0 1 -998637568 1063489081 1063489081 1063489081 1063489081 15728640 12582912 15728640 15728640 15728640 15728640 0 0 0 0
46 68 180 0 16777215 1 0 0 0 0 0 1 -998637568 1063489081 1063489081 1063489081 1063489081 15728640 12582912 15728640 15728640 15728640 15728640 0 0 0 0
46 68 181 0 16777215 1 0 0 0 0 0 1 -998637568 1063489081 1063489081 1063489081 1063489081 15728640 12582912 15728640 15728640 15728640 15728640 0 0 0 0
46 68 182 0 16777215 1 0 0 0 0 0 1 -998637568 1063489081 1063489081 1063489081 1063489081 15728640 12582912 15728640 15728640 15728640 15728640 0 0 0 0
46 68 183 0 16777215 1 0 0 0 0 0 1 -998637568 1063489081 1063489081 1063489081 1063489081 15728640 12582912 15728640 15728640 15728640 15728640 0 0 0 0
46 68 184 0 16777215 1 0 0 0 0 0 1 0 1063489081 1063333736 1063333736 1063489081 15728640 12582912 15728640 15728640 15728640 15728640 0 0 0 0
46 68 185 0 16777215 1 0 0 1 0 0 1 0 1063333736 1053236336 1053236336 1063333736 15728640 12582912 15728640 15728640 15728640 15728640 0 0 0 0
47 64 168 0 16777215 0 0 0 0 0 0 0 -998637568 1065353216 1065353216 1065353216 1065353216 0 0 0 3145728 0 3145728 0 0 0 0
47 64 169 0 16777215 0 0 0 0 0 0 0 -998637568 1065353216 1065353216 1065353216 1065353216 3145728 0 0 3145728 0 3145728 0 0 0 0
47 64 170 0 16777215 0 0 0 0 0 0 1 -998637568 1065353216 1065353216 1065353216 1065353216 3145728 0 3145728 3145728 2097152 3145728 0 0 0 0
47 64 171 0 16777215 1 0 0 0 0 0 1 -998637568 1065353216 1063489081 1063489081 1065353216 3145728 0 3145728 2097152 2097152 3145728 0 0 0 0
47 64 172 0 16777215 1 0 0 0 0 0 1 -998637568 1063489081 1063489081 1063489081 1063489081 2097152 0 3145728 3145728 1048576 3145728 0 0 0 0
47 64 173 0 16777215 1 0 0 0 0 0 1 -998637568 1063489081 1065353216 1065353216 1063489081 3145728 0 2097152 3145728 2097152 3145728 0 0 0 0
47 64 174 0 16777215 0 0 0 0 0 0 1 -998637568 1065353216 1065353216 1065353216 1065353216 3145728 0 3145728 3145728 2097152 3145728 0 0 0 0
47 64 175 0 16777215 0 0 0 0 0 0 0 -998637568 1065353216 1065353216 1065353216 1065353216 3145728 0 3145728 3145728 2097152 3145728 0 0 0 0
47 64 176 0 16777215 0 0 0 0 0 0 0 -998637568 1065353216 1065353216 1065353216 1065353216 3145728 0 3145728 3145728 2097152 3145728 0 0 0 0
47 64 177 0 16777215 0 0 0 0 0 0 0 -998637568 1065353216 1065353216 1065353216 1065353216 3145728 0 3145728 3145728 2097152 3145728 0 0 0 0
47 64 178 0 16777215 0 0 0 0 0 0 0 -998637568 1065353216 1065353216 1065353216 1065353216 3145728 0 3145728 3145728 3145728 3145728 0 0 0 0
47 64 179 0 16777215 0 0 0 0 0 0 0 -998637568 1065353216 1065353216 1065353216 1065353216 3145728 0 3145728 3145728 5242880 3145728 0 0 0 0
47 64 180 0 16777215 0 0 0 0 0 0 0 -998637568 1065353216 1065353216 1065353216 1065353216 3145728 0 3145728 3145728 5242880 3145728 0 0 0 0
47 64 181 0 16777215 0 0 0 0 0 0 0 -998637568 1065353216 1065353216 1065353216 1065353216 3145728 0 3145728 3145728 5242880 3145728 0 0 0 0
47 64 182 0 16777215 0 0 0 0 0 0 0 -998637568 1065353216 1065353216 1065353216 1065353216 3145728 0 3145728 6291456 3145728 3145728 0 0 0 0
47 64 183 0 16777215 0 0 0 0 0 0 0 -998637568 1065353216 1065353216 1065353216 1065353216 6291456 3145728 3145728 9437184 6291456 6291456 0 0 0 0
47 64 184 0 16777215 0 0 0 0 0 0 0 -998637568 1065353216 1065353216 1065353216 1065353216 9437184 6291456 6291456 12582912 9437184 9437184 0 0 0 0
47 64 185 0 16777215 0 0 0 0 0 0 1 0 1065353216 1065353216 1065353216 1065353216 12582912 9437184 9437184 15728640 12582912 12582912 0 0 0 0
47 64 186 0 16777215 1 0 0 0 0 0 1 0 1065353216 1060692878 1060692878 1065353216 15728640 12582912 12582912 15728640 15728640 15728640 0 0 0 0
47 64 187 0 16777215 1 0 0 0 0 0 1 0 1060692878 1058828743 1058828743 1060692878 15728640 12582912 15728640 15728640 15728640 15728640 0 0 0 0
47 64 188 0 16777215 1 0 0 0 0 0 1 0 1058828743 1056964608 1056964608 1058828743 15728640 12582912 15728640 15728640 15728640 15728640 0 0 0 0
47 65 168 0 16777215 0 0 0 0 0 0 0 -998637568 1065353216 1065353216 1065353216 1065353216 3145728 0 0 6291456 0 6291456 0 0 0 0
47 65 169 0 16777215 0 0 0 0 0 0 0 -998637568 1065353216 1065353216 1065353216 1065353216 6291456 3145728 3145728 6291456 3145728 6291456 0 0 0 0
47 65 170 0 16777215 0 0 0 1 0 0 0 -998637568 1065353216 1065353216 1065353216 1065353216 6291456 3145728 6291456 3145728 5242880 6291456 0 1 0 0
47 65 174 0 16777215 0 0 1 0 0 0 0 -998637568 1065353216 1065353216 1065353216 1065353216 6291456 3145728 3145728 6291456 5242880 6291456 1 0 0 0
47 65 175 0 16777215 0 0 0 0 0 0 0 -998637568 1065353216 1065353216 1065353216 1065353216 6291456 3145728 6291456 6291456 5242880 6291456 0 0 0 0
47 65 176 0 16777215 0 0 0 0 0 0 0 -998637568 1065353216 1065353216 1065353216 1065353216 6291456 3145728 6291456 6291456 5242880 6291456 0 0 0 0
47 65 177 0 16777215 0 0 0 0 0 0 0 -998637568 1065353216 1065353216 1065353216 1065353216 6291456 3145728 6291456 6291456 5242880 6291456 0 0 0 0
47 65 178 0 16777215 0 0 0 0 0 0 1 -998637568 1065353216 1065353216 1065353216 1065353216 6291456 3145728 6291456 6291456 6291456 6291456 0 0 0 0
47 65 179 0 16777215 0 0 0 0 0 0 1 -998637568 1065353216 1065353216 1065353216 1065353216 6291456 3145728 6291456 6291456 9437184 6291456 0 0 0 0
47 65 180 0 16777215 0 0 0 0 0 0 1 -998637568 1065353216 1065353216 1065353216 1065353216 6291456 3145728 6291456 6291456 9437184 6291456 0 0 0 0
47 65 181 0 16777215 0 0 0 0 0 0 1 -998637568 1065353216 1065353216 1065353216 1065353216 6291456 3145728 6291456 6291456 9437184 6291456 0 0 0 0
47 65 182 0 16777215 0 0 0 0 0 0 1 -998637568 1065353216 1065353216 1065353216 1065353216 6291456 3145728 6291456 6291456 6291456 6291456 0 0 0 0
47 65 183 0 16777215 0 0 0 0 0 0 0 -998637568 1065353216 1065353216 1065353216 1065353216 6291456 6291456 6291456 9437184 9437184 6291456 0 0 0 0
47 65 184 0 16777215 0 0 0 0 0 0 0 -998637568 1065353216 1065353216 1065353216 1065353216 9437184 9437184 6291456 12582912 9437184 9437184 0 0 0 0
47 65 185 0 16777215 0 0 0 1 0 0 1 0 1065353216 1065353216 1065353216 1065353216 12582912 12582912 9437184 15728640 12582912 12582912 0 0 0 0
47 66 168 0 16777215 0 0 0 0 0 0 0 -998637568 1065353216 1065353216 1065353216 1065353216 6291456 3145728 0 9437184 3145728 9437184 0 0 0 0
47 66 169 0 16777215 0 0 0 0 0 0 0 -998637568 1065353216 1065353216 1065353216 1065353216 9437184 6291456 6291456 9437184 6291456 9437184 0 0 0 0
47 66 170 0 16777215 0 0 0 0 0 0 0 -998637568 1065353216 1065353216 1065353216 1065353216 9437184 6291456 9437184 9437184 8388608 9437184 0 0 0 0
47 66 174 0 16777215 0 0 0 0 0 0 0 -998637568 1065353216 1065353216 1065353216 1065353216 9437184 6291456 9437184 9437184 8388608 9437184 0 0 0 0
47 66 175 0 16777215 0 0 0 0 0 0 0 -998637568 1065353216 1065353216 1065353216 1065353216 9437184 6291456 9437184 9437184 8388608 9437184 0 0 0 0
47 66 176 0 16777215 0 0 0 0 0 0 0 -998637568 1065353216 1065353216 1065353216 1065353216 9437184 6291456 9437184 9437184 8388608 9437184 0 0 0 0
47 66 177 0 16777215 0 0 0 0 0 0 0 -998637568 1065353216 1065353216 1065353216 1065353216 9437184 6291456 9437184 9437184 8388608 9437184 0 0 0 0
47 66 178 0 16777215 0 0 0 0 0 0 0 -998637568 1065353216 1065353216 1065353216 1065353216 9437184 6291456 9437184 9437184 9437184 9437184 0 0 0 0
47 66 179 0 16777215 0 0 0 0 1 0 0 -998637568 1065353216 1065353216 1065353216 1065353216 9437184 6291456 9437184 9437184 9437184 9437184 0 0 1 0
47 66 180 0 16777215 0 0 0 0 1 0 0 -998637568 1065353216 1065353216 1065353216 1065353216 9437184 6291456 9437184 9437184 9437184 9437184 0 0 1 0
47 66 181 0 16777215 0 0 0 0 1 0 0 -998637568 1065353216 1065353216 1065353216 1065353216 9437184 6291456 9437184 9437184 9437184 9437184 0 0 1 0
47 66 182 0 16777215 0 0 0 0 0 0 0 -998637568 1065353216 1065353216 1065353216 1065353216 9437184 6291456 9437184 9437184 9437184 9437184 0 0 0 0
47 66 183 0 16777215 0 0 0 0 0 0 0 -998637568 1065353216 1065353216 1065353216 1065353216 9437184 6291456 9437184 9437184 9437184 9437184 0 0 0 0
47 66 184 0 16777215 0 0 0 0 0 0 0 -998637568 1065353216 1065353216 1065353216 1065353216 9437184 9437184 9437184 12582912 9437184 9437184 0 0 0 0
47 66 185 0 16777215 0 0 0 1 0 0 1 -998637568 1065353216 1065353216 1065353216 1065353216 12582912 12582912 9437184 15728640 12582912 12582912 0 0 0 0
47 67 168 0 16777215 0 0 0 0 0 0 0 -998637568 1065353216 1065353216 1065353216 1065353216 9437184 6291456 0 12582912 6291456 12582912 0 0 0 0
47 67 169 0 16777215 0 0 0 0 0 0 0 -998637568 1065353216 1065353216 1065353216 1065353216 12582912 9437184 9437184 12582912 9437184 12582912 0 0 0 0
47 67 170 0 16777215 0 0 0 0 0 0 0 -998637568 1065353216 1065353216 1065353216 1065353216 12582912 9437184 12582912 12582912 11534336 12582912 0 0 0 0
47 67 171 0 16777215 0 0 0 0 0 0 0 -998637568 1065353216 1065353216 1065353216 1065353216 12582912 9437184 12582912 12582912 11534336 12582912 0 0 0 0
47 67 172 0 16777215 0 0 0 0 0 0 0 -998637568 1065353216 1065353216 1065353216 1065353216 12582912 9437184 12582912 12582912 11534336 12582912 0 0 0 0
47 67 173 0 16777215 0 0 0 0 0 0 0 -998637568 1065353216 1065353216 1065353216 1065353216 12582912 9437184 12582912 12582912 11534336 12582912 0 0 0 0
47 67 174 0 16777215 0 0 0 0 0 0 0 -998637568 1065353216 1065353216 1065353216 1065353216 12582912 9437184 12582912 12582912 11534336 12582912 0 0 0 0
47 67 175 0 16777215 0 0 0 0 0 0 0 -998637568 1065353216 1065353216 1065353216 1065353216 12582912 9437184 12582912 12582912 11534336 12582912 0 0 0 0
47 67 176 0 16777215 0 0 0 0 0 0 0 -998637568 1065353216 1065353216 1065353216 1065353216 12582912 9437184 12582912 12582912 11534336 12582912 0 0 0 0
47 67 177 0 16777215 0 0 0 0 0 0 0 -998637568 1065353216 1065353216 1065353216 1065353216 12582912 9437184 12582912 12582912 11534336 12582912 0 0 0 0
47 67 178 0 16777215 0 0 0 0 0 0 0 -998637568 1065353216 1065353216 1065353216 1065353216 12582912 9437184 12582912 12582912 12582912 12582912 0 0 0 0
47 67 179 0 16777215 0 0 0 0 0 0 0 -998637568 1065353216 1065353216 1065353216 1065353216 12582912 9437184 12582912 12582912 12582912 12582912 0 0 0 0
47 67 180 0 16777215 0 0 0 0 0 0 0 -998637568 1065353216 1065353216 1065353216 1065353216 12582912 9437184 12582912 12582912 12582912 12582912 0 0 0 0
47 67 181 0 16777215 0 0 0 0 0 0 0 -998637568 1065353216 1065353216 1065353216 1065353216 12582912 9437184 12582912 12582912 12582912 12582912 0 0 0 0
47 67 182 0 16777215 0 0 0 0 0 0 0 -998637568 1065353216 1065353216 1065353216 1065353216 12582912 9437184 12582912 12582912 12582912 12582912 0 0 0 0
47 67 183 0 16777215 0 0 0 0 0 0 0 -998637568 1065353216 1065353216 1065353216 1065353216 12582912 9437184 12582912 12582912 12582912 12582912 0 0 0 0
47 67 184 0 16777215 0 0 0 0 0 0 0 -998637568 1065353216 1065353216 1065353216 1065353216 12582912 9437184 12582912 12582912 12582912 12582912 0 0 0 0
47 67 185 0 16777215 0 0 0 1 0 0 1 -998637568 1065353216 1065353216 1065353216 1065353216 12582912 12582912 12582912 15728640 12582912 12582912 0 0 0 0
47 68 168 0 16777215 1 0 0 0 0 0 1 -998637568 1063489081 1063489081 1063489081 1063489081 9437184 9437184 0 15728640 6291456 15728640 0 0 0 0
47 68 169 0 16777215 1 0 0 0 0 0 1 -998637568 1063489081 1063489081 1063489081 1063489081 15728640 12582912 9437184 15728640 9437184 15728640 0 0 0 0
47 68 170 0 16777215 1 0 0 0 0 0 1 -998637568 1063489081 1063489081 1063489081 1063489081 15728640 12582912 15728640 15728640 14680064 15728640 0 0 0 0
47 68 171 0 16777215 1 0 0 0 0 0 1 -998637568 1063489081 1063489081 1063489081 1063489081 15728640 12582912 15728640 15728640 14680064 15728640 0 0 0 0
47 68 172 0 16777215 1 0 0 0 0 0 1 -998637568 1063489081 1063489081 1063489081 1063489081 15728640 12582912 15728640 15728640 14680064 15728640 0 0 0 0
47 68 173 0 16777215 1 0 0 0 0 0 1 -998637568 1063489081 1063489081 1063489081 1063489081 15728640 12582912 15728640 15728640 14680064 15728640 0 0 0 0
47 68 174 0 16777215 1 0 0 0 0 0 1 -998637568 1063489081 1063489081 1063489081 1063489081 15728640 12582912 15728640 15728640 14680064 15728640 0 0 0 0
47 68 175 0 16777215 1 0 0 0 0 0 1 -998637568 1063489081 1063489081 1063489081 1063489081 15728640 12582912 15728640 15728640 14680064 15728640 0 0 0 0
47 68 176 0 16777215 1 0 0 0 0 0 1 -998637568 1063489081 1063489081 1063489081 1063489081 15728640 12582912 15728640 15728640 14680064 15728640 0 0 0 0
47 68 177 0 16777215 1 0 0 0 0 0 1 -998637568 1063489081 1063489081 1063489081 1063489081 15728640 12582912 15728640 15728640 14680064 15728640 0 0 0 0
47 68 178 0 16777215 1 0 0 0 0 0 1 -998637568 1063489081 1063489081 1063489081 1063489081 15728640 12582912 15728640 15728640 15728640 15728640 0 0 0 0
47 68 179 0 16777215 1 0 0 0 0 0 1 -998637568 1063489081 1063489081 1063489081 1063489081 15728640 12582912 15728640 15728640 15728640 15728640 0 0 0 0
47 68 180 0 16777215 1 0 0 0 0 0 1 -998637568 1063489081 1063489081 1063489081 1063489081 15728640 12582912 15728640 15728640 15728640 15728640 0 0 0 0
47 68 181 0 16777215 1 0 0 0 0 0 1 -998637568 1063489081 1063489081 1063489081 1063489081 15728640 12582912 15728640 15728640 15728640 15728640 0 0 0 0
47 68 182 0 16777215 1 0 0 0 0 0 1 -998637568 1063489081 1063489081 1063489081 1063489081 15728640 12582912 15728640 15728640 15728640 15728640 0 0 0 0
47 68 183 0 16777215 1 0 0 0 0 0 1 -998637568 1063489081 1063489081 1063489081 1063489081 15728640 12582912 15728640 15728640 15728640 15728640 0 0 0 0
47 68 184 0 16777215 1 0 0 0 0 0 1 0 1063489081 1063333736 1063333736 1063489081 15728640 12582912 15728640 15728640 15728640 15728640 0 0 0 0
47 68 185 0 16777215 1 0 0 1 0 0 1 0 1063333736 1053236336 1053236336 1063333736 15728640 12582912 15728640 15728640 15728640 15728640 0 0 0 0
48 64 168 0 16777215 0 0 0 0 0 0 0 -998637568 1065353216 1065353216 1065353216 1065353216 3145728 0 0 3145728 0 3145728 0 0 0 0
48 64 169 0 16777215 0 0 0 0 0 0 0 -998637568 1065353216 1065353216 1065353216 1065353216 3145728 0 3145728 3145728 3145728 3145728 0 0 0 0
48 64 170 0 16777215 0 0 0 0 0 0 1 -998637568 1065353216 1065353216 1065353216 1065353216 3145728 0 3145728 3145728 3145728 3145728 0 0 0 0
48 64 171 0 16777215 1 0 0 0 0 0 1 -998637568 1065353216 1063489081 1065353216 1065353216 3145728 0 3145728 3145728 3145728 3145728 0 0 0 0
48 64 172 0 16777215 1 0 0 0 0 0 1 -998637568 1063489081 1063489081 1065353216 1065353216 3145728 0 3145728 3145728 2097152 3145728 0 0 0 0
48 64 173 0 16777215 1 0 0 0 0 0 1 -998637568 1063489081 1065353216 1065353216 1065353216 3145728 0 3145728 3145728 3145728 3145728 0 0 0 0
48 64 174 0 16777215 0 0 0 0 0 0 1 -998637568 1065353216 1065353216 1065353216 1065353216 3145728 0 3145728 3145728 3145728 3145728 0 0 0 0
48 64 175 0 16777215 0 0 0 0 0 0 0 -998637568 1065353216 1065353216 1065353216 1065353216 3145728 0 3145728 3145728 3145728 3145728 0 0 0 0
48 64 176 0 16777215 0 0 0 0 0 0 0 -998637568 1065353216 1065353216 1065353216 1065353216 3145728 0 3145728 3145728 3145728 3145728 0 0 0 0
48 64 177 0 16777215 0 0 0 0 0 0 0 -998637568 1065353216 1065353216 1065353216 1065353216 3145728 0 3145728 3145728 3145728 3145728 0 0 0 0
48 64 178 0 16777215 0 0 0 0 0 0 0 -998637568 1065353216 1065353216 1065353216 1065353216 3145728 0 3145728 3145728 3145728 3145728 0 0 0 0
48 64 179 0 16777215 0 0 0 0 0 0 0 -998637568 1065353216 1065353216 1065353216 1065353216 3145728 0 3145728 3145728 3145728 3145728 0 0 0 0
48 64 180 0 16777215 0 0 0 0 0 0 0 -998637568 1065353216 1065353216 1065353216 1065353216 3145728 0 3145728 3145728 3145728 3145728 0 0 0 0
48 64 181 0 16777215 0 0 0 0 0 0 0 -998637568 1065353216 1065353216 1065353216 1065353216 3145728 0 3145728 3145728 3145728 3145728 0 0 0 0
48 64 182 0 16777215 0 0 0 0 0 0 0 -998637568 1065353216 1065353216 1065353216 1065353216 3145728 0 3145728 6291456 3145728 3145728 0 0 0 0
48 64 183 0 16777215 0 0 0 0 0 0 0 -998637568 1065353216 1065353216 1065353216 1065353216 6291456 3145728 3145728 9437184 6291456 6291456 0 0 0 0
48 64 184 0 16777215 0 0 0 0 0 0 0 -998637568 1065353216 1065353216 1065353216 1065353216 9437184 6291456 6291456 12582912 9437184 9437184 0 0 0 0
48 64 185 0 16777215 0 0 0 0 0 0 1 0 1065353216 1065353216 1065353216 1065353216 12582912 9437184 9437184 15728640 12582912 12582912 0 0 0 0
48 64 186 0 16777215 1 0 0 0 0 0 1 0 1065353216 1060692878 1060692878 1065353216 15728640 12582912 12582912 15728640 15728640 15728640 0 0 0 0
48 64 187 0 16777215 1 0 0 0 0 0 1 0 1060692878 1058828743 1058828743 1060692878 15728640 12582912 15728640 15728640 15728640 15728640 0 0 0 0
48 64 188 0 16777215 1 0 0 0 0 0 1 0 1058828743 1056964608 1056964608 1058828743 15728640 12582912 15728640 15728640 15728640 15728640 0 0 0 0
48 65 168 0 16777215 0 0 0 0 0 0 0 -998637568 1065353216 1065353216 1065353216 1065353216 6291456 3145728 0 6291456 3145728 6291456 0 0 0 0
48 65 169 0 16777215 0 0 0 0 0 0 0 -998637568 1065353216 1065353216 1065353216 1065353216 6291456 3145728 6291456 6291456 6291456 6291456 0 0 0 0
48 65 170 0 16777215 0 0 0 1 0 0 0 -998637568 1065353216 1065353216 1065353216 1065353216 6291456 3145728 6291456 3145728 6291456 6291456 0 1 0 0
48 65 174 0 16777215 0 0 1 0 0 0 0 -998637568 1065353216 1065353216 1065353216 1065353216 6291456 3145728 3145728 6291456 6291456 6291456 1 0 0 0
48 65 175 0 16777215 0 0 0 0 0 0 0 -998637568 1065353216 1065353216 1065353216 1065353216 6291456 3145728 6291456 6291456 6291456 6291456 0 0 0 0
48 65 176 0 16777215 0 0 0 0 0 0 0 -998637568 1065353216 1065353216 1065353216 1065353216 6291456 3145728 6291456 6291456 6291456 6291456 0 0 0 0
48 65 177 0 16777215 0 0 0 0 0 0 0 -998637568 1065353216 1065353216 1065353216 1065353216 6291456 3145728 6291456 6291456 6291456 6291456 0 0 0 0
48 65 178 0 16777215 0 0 0 0 0 0 0 -998637568 1065353216 1065353216 1065353216 1065353216 6291456 3145728 6291456 6291456 6291456 6291456 0 0 0 0
48 65 179 0 16777215 0 0 0 0 0 0 0 -998637568 1065353216 1065353216 1065353216 1065353216 6291456 3145728 6291456 6291456 6291456 6291456 0 0 0 0
48 65 180 0 16777215 0 0 0 0 0 0 0 -998637568 1065353216 1065353216 1065353216 1065353216 6291456 3145728 6291456 6291456 6291456 6291456 0 0 0 0
48 65 181 0 16777215 0 0 0 0 0 0 0 -998637568 1065353216 1065353216 1065353216 1065353216 6291456 3145728 6291456 6291456 6291456 6291456 0 0 0 0
48 65 182 0 16777215 0 0 0 0 0 0 0 -998637568 1065353216 1065353216 1065353216 1065353216 6291456 3145728 6291456 6291456 6291456 6291456 0 0 0 0
48 65 183 0 16777215 0 0 0 0 0 0 0 -998637568 1065353216 1065353216 1065353216 1065353216 6291456 6291456 6291456 9437184 6291456 6291456 0 0 0 0
48 65 184 0 16777215 0 0 0 0 0 0 0 -998637568 1065353216 1065353216 1065353216 1065353216 9437184 9437184 6291456 12582912 9437184 9437184 0 0 0 0
48 65 185 0 16777215 0 0 0 1 0 0 1 0 1065353216 1065353216 1065353216 1065353216 12582912 12582912 9437184 15728640 12582912 12582912 0 0 0 0
48 66 168 0 16777215 0 0 0 0 0 0 0 -998637568 1065353216 1065353216 1065353216 1065353216 9437184 6291456 0 9437184 6291456 9437184 0 0 0 0
48 66 169 0 16777215 0 0 0 0 0 0 0 -998637568 1065353216 1065353216 1065353216 1065353216 9437184 6291456 9437184 9437184 9437184 9437184 0 0 0 0
48 66 170 0 16777215 0 0 0 0 0 0 0 -998637568 1065353216 1065353216 1065353216 1065353216 9437184 6291456 9437184 9437184 9437184 9437184 0 0 0 0
48 66 174 0 16777215 0 0 0 0 0 0 0 -998637568 1065353216 1065353216 1065353216 1065353216 9437184 6291456 9437184 9437184 9437184 9437184 0 0 0 0
48 66 175 0 16777215 0 0 0 0 0 0 0 -998637568 1065353216 1065353216 1065353216 1065353216 9437184 6291456 9437184 9437184 9437184 9437184 0 0 0 0
48 66 176 0 16777215 0 0 0 0 0 0 0 -998637568 1065353216 1065353216 1065353216 1065353216 9437184 6291456 9437184 9437184 9437184 9437184 0 0 0 0
48 66 177 0 16777215 0 0 0 0 0 0 0 -998637568 1065353216 1065353216 1065353216 1065353216 9437184 6291456 9437184 9437184 9437184 9437184 0 0 0 0
48 66 178 0 16777215 0 0 0 0 0 0 0 -998637568 1065353216 1065353216 1065353216 1065353216 9437184 6291456 9437184 9437184 9437184 9437184 0 0 0 0
48 66 179 0 16777215 0 0 0 0 0 0 0 -998637568 1065353216 1065353216 1065353216 1065353216 9437184 6291456 9437184 9437184 9437184 9437184 0 0 0 0
48 66 180 0 16777215 0 0 0 0 0 0 0 -998637568 1065353216 1065353216 1065353216 1065353216 9437184 6291456 9437184 9437184 9437184 9437184 0 0 0 0
48 66 181 0 16777215 0 0 0 0 0 0 0 -998637568 1065353216 1065353216 1065353216 1065353216 9437184 6291456 9437184 9437184 9437184 9437184 0 0 0 0
48 66 182 0 16777215 0 0 0 0 0 0 0 -998637568 1065353216 1065353216 1065353216 1065353216 9437184 6291456 9437184 9437184 9437184 9437184 0 0 0 0
48 66 183 0 16777215 0 0 0 0 0 0 0 -998637568 1065353216 1065353216 1065353216 1065353216 9437184 6291456 9437184 9437184 9437184 9437184 0 0 0 0
48 66 184 0 16777215 0 0 0 0 0 0 0 -998637568 1065353216 1065353216 1065353216 1065353216 9437184 9437184 9437184 12582912 9437184 9437184 0 0 0 0
48 66 185 0 16777215 0 0 0 1 0 0 1 -998637568 1065353216 1065353216 1065353216 1065353216 12582912 12582912 9437184 15728640 12582912 12582912 0 0 0 0
48 67 168 0 16777215 0 0 0 0 0 0 0 -998637568 1065353216 1065353216 1065353216 1065353216 12582912 9437184 0 12582912 9437184 12582912 0 0 0 0
48 67 169 0 16777215 0 0 0 0 0 0 0 -998637568 1065353216 1065353216 1065353216 1065353216 12582912 9437184 12582912 12582912 12582912 12582912 0 0 0 0
48 67 170 0 16777215 0 0 0 0 0 0 0 -998637568 1065353216 1065353216 1065353216 1065353216 12582912 9437184 12582912 12582912 12582912 12582912 0 0 0 0
48 67 171 0 16777215 0 0 0 0 0 0 0 -998637568 1065353216 1065353216 1065353216 1065353216 12582912 9437184 12582912 12582912 12582912 12582912 0 0 0 0
48 67 172 0 16777215 0 0 0 0 0 0 0 -998637568 1065353216 1065353216 1065353216 1065353216 12582912 9437184 12582912 12582912 12582912 12582912 0 0 0 0
48 67 173 0 16777215 0 0 0 0 0 0 0 -998637568 1065353216 1065353216 1065353216 1065353216 12582912 9437184 12582912 12582912 12582912 12582912 0 0 0 0
48 67 174 0 16777215 0 0 0 0 0 0 0 -998637568 1065353216 1065353216 1065353216 1065353216 12582912 9437184 12582912 12582912 12582912 12582912 0 0 0 0
48 67 175 0 16777215 0 0 0 0 0 0 0 -998637568 1065353216 1065353216 1065353216 1065353216 12582912 9437184 12582912 12582912 12582912 12582912 0 0 0 0
48 67 176 0 16777215 0 0 0 0 0 0 0 -998637568 1065353216 1065353216 1065353216 1065353216 12582912 9437184 12582912 12582912 12582912 12582912 0 0 0 0
48 67 177 0 16777215 0 0 0 0 0 0 0 -998637568 1065353216 1065353216 1065353216 1065353216 12582912 9437184 12582912 12582912 12582912 12582912 0 0 0 0
48 67 178 0 16777215 0 0 0 0 0 0 0 -998637568 1065353216 1065353216 1065353216 1065353216 12582912 9437184 12582912 12582912 12582912 12582912 0 0 0 0
48 67 179 0 16777215 0 0 0 0 0 0 0 -998637568 1065353216 1065353216 1065353216 1065353216 12582912 9437184 12582912 12582912 12582912 12582912 0 0 0 0
48 67 180 0 16777215 0 0 0 0 0 0 0 -998637568 1065353216 1065353216 1065353216 1065353216 12582912 9437184 12582912 12582912 12582912 12582912 0 0 0 0
48 67 181 0 16777215 0 0 0 0 0 0 0 -998637568 1065353216 1065353216 1065353216 1065353216 12582912 9437184 12582912 12582912 12582912 12582912 0 0 0 0
48 67 182 0 16777215 0 0 0 0 0 0 0 -998637568 1065353216 1065353216 1065353216 1065353216 12582912 9437184 12582912 12582912 12582912 12582912 0 0 0 0
48 67 183 0 16777215 0 0 0 0 0 0 0 -998637568 1065353216 1065353216 1065353216 1065353216 12582912 9437184 12582912 12582912 12582912 12582912 0 0 0 0
48 67 184 0 16777215 0 0 0 0 0 0 0 -998637568 1065353216 1065353216 1065353216 1065353216 12582912 9437184 12582912 12582912 12582912 12582912 0 0 0 0
48 67 185 0 16777215 0 0 0 1 0 0 1 -998637568 1065353216 1065353216 1065353216 1065353216 12582912 12582912 12582912 15728640 12582912 12582912 0 0 0 0
48 68 168 0 16777215 1 0 0 0 0 0 1 -998637568 1063489081 1063489081 1063489081 1063489081 15728640 12582912 0 15728640 9437184 15728640 0 0 0 0
48 68 169 0 16777215 1 0 0 0 0 0 1 -998637568 1063489081 1063489081 1063489081 1063489081 15728640 12582912 15728640 15728640 15728640 15728640 0 0 0 0
48 68 170 0 16777215 1 0 0 0 0 0 1 -998637568 1063489081 1063489081 1063489081 1063489081 15728640 12582912 15728640 15728640 15728640 15728640 0 0 0 0
48 68 171 0 16777215 1 0 0 0 0 0 1 -998637568 1063489081 1063489081 1063489081 1063489081 15728640 12582912 15728640 15728640 15728640 15728640 0 0 0 0
48 68 172 0 16777215 1 0 0 0 0 0 1 -998637568 1063489081 1063489081 1063489081 1063489081 15728640 12582912 15728640 15728640 15728640 15728640 0 0 0 0
48 68 173 0 16777215 1 0 0 0 0 0 1 -998637568 1063489081 1063489081 1063489081 1063489081 15728640 12582912 15728640 15728640 15728640 15728640 0 0 0 0
48 68 174 0 16777215 1 0 0 0 0 0 1 -998637568 1063489081 1063489081 1063489081 1063489081 15728640 12582912 15728640 15728640 15728640 15728640 0 0 0 0
48 68 175 0 16777215 1 0 0 0 0 0 1 -998637568 1063489081 1063489081 1063489081 1063489081 15728640 12582912 15728640 15728640 15728640 15728640 0 0 0 0
48 68 176 0 16777215 1 0 0 0 0 0 1 -998637568 1063489081 1063489081 1063489081 1063489081 15728640 12582912 15728640 15728640 15728640 15728640 0 0 0 0
48 68 177 0 16777215 1 0 0 0 0 0 1 -998637568 1063489081 1063489081 1063489081 1063489081 15728640 12582912 15728640 15728640 15728640 15728640 0 0 0 0
48 68 178 0 16777215 1 0 0 0 0 0 1 -998637568 1063489081 1063489081 1063489081 1063489081 15728640 12582912 15728640 15728640 15728640 15728640 0 0 0 0
48 68 179 0 16777215 1 0 0 0 0 0 1 -998637568 1063489081 1063489081 1063489081 1063489081 15728640 12582912 15728640 15728640 15728640 15728640 0 0 0 0
48 68 180 0 16777215 1 0 0 0 0 0 1 -998637568 1063489081 1063489081 1063489081 1063489081 15728640 12582912 15728640 15728640 15728640 15728640 0 0 0 0
48 68 181 0 16777215 1 0 0 0 0 0 1 -998637568 1063489081 1063489081 1063489081 1063489081 15728640 12582912 15728640 15728640 15728640 15728640 0 0 0 0
48 68 182 0 16777215 1 0 0 0 0 0 1 -998637568 1063489081 1063489081 1063489081 1063489081 15728640 12582912 15728640 15728640 15728640 15728640 0 0 0 0
48 68 183 0 16777215 1 0 0 0 0 0 1 -998637568 1063489081 1063489081 1063489081 1063489081 15728640 12582912 15728640 15728640 15728640 15728640 0 0 0 0
48 68 184 0 16777215 1 0 0 0 0 0 1 0 1063489081 1063333736 1063333736 1063489081 15728640 12582912 15728640 15728640 15728640 15728640 0 0 0 0
48 68 185 0 16777215 1 0 0 1 0 0 1 0 1063333736 1053236336 1053236336 1063333736 15728640 12582912 15728640 15728640 15728640 15728640 0 0 0 0
49 64 168 0 16777215 0 0 0 0 0 0 0 -998637568 1065353216 1065353216 1065353216 1065353216 3145728 0 0 3145728 3145728 3145728 0 0 0 0
49 64 169 0 16777215 0 0 0 0 0 0 0 -998637568 1065353216 1065353216 1065353216 1065353216 3145728 0 3145728 3145728 3145728 3145728 0 0 0 0
49 64 170 0 16777215 0 0 0 0 0 0 1 -998637568 1065353216 1065353216 1065353216 1065353216 3145728 0 3145728 3145728 3145728 3145728 0 0 0 0
49 64 171 0 16777215 0 0 0 0 0 0 1 -998637568 1065353216 1065353216 1065353216 1065353216 3145728 0 3145728 3145728 3145728 3145728 0 0 0 0
49 64 172 0 16777215 0 0 0 0 0 0 1 -998637568 1065353216 1065353216 1065353216 1065353216 3145728 0 3145728 3145728 3145728 3145728 0 0 0 0
49 64 173 0 16777215 0 0 0 0 0 0 1 -998637568 1065353216 1065353216 1065353216 1065353216 3145728 0 3145728 3145728 3145728 3145728 0 0 0 0
49 64 174 0 16777215 0 0 0 0 0 0 1 -998637568 1065353216 1065353216 1065353216 1065353216 3145728 0 3145728 3145728 3145728 3145728 0 0 0 0
49 64 175 0 16777215 0 0 0 0 0 0 0 -998637568 1065353216 1065353216 1065353216 1065353216 3145728 0 3145728 3145728 3145728 3145728 0 0 0 0
49 64 176 0 16777215 0 0 0 0 0 0 0 -998637568 1065353216 1065353216 1065353216 1065353216 3145728 0 3145728 3145728 3145728 3145728 0 0 0 0
49 64 177 0 16777215 0 0 0 0 0 0 0 -998637568 1065353216 1065353216 1065353216 1065353216 3145728 0 3145728 3145728 3145728 3145728 0 0 0 0
49 64 178 0 16777215 0 0 0 0 0 0 0 -998637568 1065353216 1065353216 1065353216 1065353216 3145728 0 3145728 3145728 3145728 3145728 0 0 0 0
49 64 179 0 16777215 0 0 0 0 0 0 0 -998637568 1065353216 1065353216 1065353216 1065353216 3145728 0 3145728 3145728 3145728 3145728 0 0 0 0
49 64 180 0 16777215 0 0 0 0 0 0 0 -998637568 1065353216 1065353216 1065353216 1065353216 3145728 0 3145728 3145728 3145728 3145728 0 0 0 0
49 64 181 0 16777215 0 0 0 0 0 0 0 -998637568 1065353216 1065353216 1065353216 1065353216 3145728 0 3145728 3145728 3145728 3145728 0 0 0 0
49 64 182 0 16777215 0 0 0 0 0 0 0 -998637568 1065353216 1065353216 1065353216 1065353216 3145728 0 3145728 6291456 3145728 3145728 0 0 0 0
49 64 183 0 16777215 0 0 0 0 0 0 0 -998637568 1065353216 1065353216 1065353216 1065353216 6291456 3145728 3145728 9437184 6291456 6291456 0 0 0 0
49 64 184 0 16777215 0 0 0 0 0 0 0 -998637568 1065353216 1065353216 1065353216 1065353216 9437184 6291456 6291456 12582912 9437184 9437184 0 0 0 0
49 64 185 0 16777215 0 0 0 0 0 0 1 0 1065353216 1065353216 1065353216 1065353216 12582912 9437184 9437184 15728640 12582912 12582912 0 0 0 0
49 64 186 0 16777215 1 0 0 0 0 0 1 0 1065353216 1060692878 1060692878 1065353216 15728640 12582912 12582912 15728640 15728640 15728640 0 0 0 0
49 64 187 0 16777215 1 0 0 0 0 0 1 0 1060692878 1058828743 1058828743 1060692878 15728640 12582912 15728640 15728640 15728640 15728640 0 0 0 0
49 64 188 0 16777215 1 0 0 0 0 0 1 0 1058828743 1056964608 1056964608 1058828743 15728640 12582912 15728640 15728640 15728640 15728640 0 0 0 0
49 65 168 0 16777215 0 0 0 0 0 0 0 -998637568 1065353216 1065353216 1065353216 1065353216 6291456 3145728 0 6291456 6291456 6291456 0 0 0 0
49 65 169 0 16777215 0 0 0 0 0 0 0 -998637568 1065353216 1065353216 1065353216 1065353216 6291456 3145728 6291456 6291456 6291456 6291456 0 0 0 0
49 65 170 0 16777215 0 0 0 0 0 0 0 -998637568 1065353216 1065353216 1065353216 1065353216 6291456 3145728 6291456 6291456 6291456 6291456 0 0 0 0
49 65 171 0 16777215 0 0 0 0 1 0 0 -998637568 1065353216 1065353216 1065353216 1065353216 6291456 3145728 6291456 6291456 3145728 6291456 0 0 1 0
49 65 172 0 16777215 0 0 0 0 1 0 0 -998637568 1065353216 1065353216 1065353216 1065353216 6291456 3145728 6291456 6291456 3145728 6291456 0 0 1 0
49 65 173 0 16777215 0 0 0 0 1 0 0 -998637568 1065353216 1065353216 1065353216 1065353216 6291456 3145728 6291456 6291456 3145728 6291456 0 0 1 0
49 65 174 0 16777215 0 0 0 0 0 0 0 -998637568 1065353216 1065353216 1065353216 1065353216 6291456 3145728 6291456 6291456 6291456 6291456 0 0 0 0
49 65 175 0 16777215 0 0 0 0 0 0 0 -998637568 1065353216 1065353216 1065353216 1065353216 6291456 3145728 6291456 6291456 6291456 6291456 0 0 0 0
49 65 176 0 16777215 0 0 0 0 0 0 0 -998637568 1065353216 1065353216 1065353216 1065353216 6291456 3145728 6291456 6291456 6291456 6291456 0 0 0 0
49 65 177 0 16777215 0 0 0 0 0 0 0 -998637568 1065353216 1065353216 1065353216 1065353216 6291456 3145728 6291456 6291456 6291456 6291456 0 0 0 0
49 65 178 0 16777215 0 0 0 0 0 0 0 -998637568 1065353216 1065353216 1065353216 1065353216 6291456 3145728 6291456 6291456 6291456 6291456 0 0 0 0
49 65 179 0 16777215 0 0 0 0 0 0 0 -998637568 1065353216 1065353216 1065353216 1065353216 6291456 3145728 6291456 6291456 6291456 6291456 0 0 0 0
49 65 180 0 16777215 0 0 0 0 0 0 0 -998637568 1065353216 1065353216 1065353216 1065353216 6291456 3145728 6291456 6291456 6291456 6291456 0 0 0 0
49 65 181 0 16777215 0 0 0 0 0 0 0 -998637568 1065353216 1065353216 1065353216 1065353216 6291456 3145728 6291456 6291456 6291456 6291456 0 0 0 0
49 65 182 0 16777215 0 0 0 0 0 0 0 -998637568 1065353216 1065353216 1065353216 1065353216 6291456 3145728 6291456 6291456 6291456 6291456 0 0 0 0
49 65 183 0 16777215 0 0 0 0 0 0 0 -998637568 1065353216 1065353216 1065353216 1065353216 6291456 6291456 6291456 9437184 6291456 6291456 0 0 0 0
49 65 184 0 16777215 0 0 0 0 0 0 0 -998637568 1065353216 1065353216 1065353216 1065353216 9437184 9437184 6291456 12582912 9437184 9437184 0 0 0 0
49 65 185 0 16777215 0 0 0 1 0 0 1 0 1065353216 1065353216 1065353216 1065353216 12582912 12582912 9437184 15728640 12582912 12582912 0 0 0 0
49 66 168 0 16777215 0 0 0 0 0 0 0 -998637568 1065353216 1065353216 1065353216 1065353216 9437184 6291456 0 9437184 9437184 9437184 0 0 0 0
49 66 169 0 16777215 0 0 0 0 0 0 0 -998637568 1065353216 1065353216 1065353216 1065353216 9437184 6291456 9437184 9437184 9437184 9437184 0 0 0 0
49 66 170 0 16777215 0 0 0 0 0 0 0 -998637568 1065353216 1065353216 1065353216 1065353216 9437184 6291456 9437184 9437184 9437184 9437184 0 0 0 0
49 66 171 0 16777215 0 0 0 0 0 0 0 -998637568 1065353216 1065353216 1065353216 1065353216 9437184 6291456 9437184 9437184 9437184 9437184 0 0 0 0
49 66 172 0 16777215 0 0 0 0 0 0 0 -998637568 1065353216 1065353216 1065353216 1065353216 9437184 6291456 9437184 9437184 9437184 9437184 0 0 0 0
49 66 173 0 16777215 0 0 0 0 0 0 0 -998637568 1065353216 1065353216 1065353216 1065353216 9437184 6291456 9437184 9437184 9437184 9437184 0 0 0 0
49 66 174 0 16777215 0 0 0 0 0 0 0 -998637568 1065353216 1065353216 1065353216 1065353216 9437184 6291456 9437184 9437184 9437184 9437184 0 0 0 0
49 66 175 0 16777215 0 0 0 0 0 0 0 -998637568 1065353216 1065353216 1065353216 1065353216 9437184 6291456 9437184 9437184 9437184 9437184 0 0 0 0
49 66 176 0 16777215 0 0 0 0 0 0 0 -998637568 1065353216 1065353216 1065353216 1065353216 9437184 6291456 9437184 9437184 9437184 9437184 0 0 0 0
49 66 177 0 16777215 0 0 0 0 0 0 0 -998637568 1065353216 1065353216 1065353216 1065353216 9437184 6291456 9437184 9437184 9437184 9437184 0 0 0 0
49 66 178 0 16777215 0 0 0 0 0 0 0 -998637568 1065353216 1065353216 1065353216 1065353216 9437184 6291456 9437184 9437184 9437184 9437184 0 0 0 0
49 66 179 0 16777215 0 0 0 0 0 0 0 -998637568 1065353216 1065353216 1065353216 1065353216 9437184 6291456 9437184 9437184 9437184 9437184 0 0 0 0
49 66 180 0 16777215 0 0 0 0 0 0 0 -998637568 1065353216 1065353216 1065353216 1065353216 9437184 6291456 9437184 9437184 9437184 9437184 0 0 0 0
49 66 181 0 16777215 0 0 0 0 0 0 0 -998637568 1065353216 1065353216 1065353216 1065353216 9437184 6291456 9437184 9437184 9437184 9437184 0 0 0 0
49 66 182 0 16777215 0 0 0 0 0 0 0 -998637568 1065353216 1065353216 1065353216 1065353216 9437184 6291456 9437184 9437184 9437184 9437184 0 0 0 0
49 66 183 0 16777215 0 0 0 0 0 0 0 -998637568 1065353216 1065353216 1065353216 1065353216 9437184 6291456 9437184 9437184 9437184 9437184 0 0 0 0
49 66 184 0 16777215 0 0 0 0 0 0 0 -998637568 1065353216 1065353216 1065353216 1065353216 9437184 9437184 9437184 12582912 9437184 9437184 0 0 0 0
49 66 185 0 16777215 0 0 0 1 0 0 1 -998637568 1065353216 1065353216 1065353216 1065353216 12582912 12582912 9437184 15728640 12582912 12582912 0 0 0 0
49 67 168 0 16777215 0 0 0 0 0 0 0 -998637568 1065353216 1065353216 1065353216 1065353216 12582912 9437184 0 12582912 12582912 12582912 0 0 0 0
49 67 169 0 16777215 0 0 0 0 0 0 0 -998637568 1065353216 1065353216 1065353216 1065353216 12582912 9437184 12582912 12582912 12582912 12582912 0 0 0 0
49 67 170 0 16777215 0 0 0 0 0 0 0 -998637568 1065353216 1065353216 1065353216 1065353216 12582912 9437184 12582912 12582912 12582912 12582912 0 0 0 0
49 67 171 0 16777215 0 0 0 0 0 0 0 -998637568 1065353216 1065353216 1065353216 1065353216 12582912 9437184 12582912 12582912 12582912 12582912 0 0 0 0
49 67 172 0 16777215 0 0 0 0 0 0 0 -998637568 1065353216 1065353216 1065353216 1065353216 12582912 9437184 12582912 12582912 12582912 12582912 0 0 0 0
49 67 173 0 16777215 0 0 0 0 0 0 0 -998637568 1065353216 1065353216 1065353216 1065353216 12582912 9437184 12582912 12582912 12582912 12582912 0 0 0 0
49 67 174 0 16777215 0 0 0 0 0 0 0 -998637568 1065353216 1065353216 1065353216 1065353216 12582912 9437184 12582912 12582912 12582912 12582912 0 0 0 0
49 67 175 0 16777215 0 0 0 0 0 0 0 -998637568 1065353216 1065353216 1065353216 1065353216 12582912 9437184 12582912 12582912 12582912 12582912 0 0 0 0
49 67 176 0 16777215 0 0 0 0 0 0 0 -998637568 1065353216 1065353216 1065353216 1065353216 12582912 9437184 12582912 12582912 12582912 12582912 0 0 0 0
49 67 177 0 16777215 0 0 0 0 0 0 0 -998637568 1065353216 1065353216 1065353216 1065353216 12582912 9437184 12582912 12582912 12582912 12582912 0 0 0 0
49 67 178 0 16777215 0 0 0 0 0 0 0 -998637568 1065353216 1065353216 1065353216 1065353216 12582912 9437184 12582912 12582912 12582912 12582912 0 0 0 0
49 67 179 0 16777215 0 0 0 0 0 0 0 -998637568 1065353216 1065353216 1065353216 1065353216 12582912 9437184 12582912 12582912 12582912 12582912 0 0 0 0
49 67 180 0 16777215 0 0 0 0 0 0 0 -998637568 1065353216 1065353216 1065353216 1065353216 12582912 9437184 12582912 12582912 12582912 12582912 0 0 0 0
49 67 181 0 16777215 0 0 0 0 0 0 0 -998637568 1065353216 1065353216 1065353216 1065353216 12582912 9437184 12582912 12582912 12582912 12582912 0 0 0 0
49 67 182 0 16777215 0 0 0 0 0 0 0 -998637568 1065353216 1065353216 1065353216 1065353216 12582912 9437184 12582912 12582912 12582912 12582912 0 0 0 0
49 67 183 0 16777215 0 0 0 0 0 0 0 -998637568 1065353216 1065353216 1065353216 1065353216 12582912 9437184 12582912 12582912 12582912 12582912 0 0 0 0
49 67 184 0 16777215 0 0 0 0 0 0 0 -998637568 1065353216 1065353216 1065353216 1065353216 12582912 9437184 12582912 12582912 12582912 12582912 0 0 0 0
49 67 185 0 16777215 0 0 0 1 0 0 1 -998637568 1065353216 1065353216 1065353216 1065353216 12582912 12582912 12582912 15728640 12582912 12582912 0 0 0 0
49 68 168 0 16777215 1 0 0 0 0 0 1 -998637568 1063489081 1063489081 1063489081 1063489081 15728640 12582912 0 15728640 15728640 15728640 0 0 0 0
49 68 169 0 16777215 1 0 0 0 0 0 1 -998637568 1063489081 1063489081 1063489081 1063489081 15728640 12582912 15728640 15728640 15728640 15728640 0 0 0 0
49 68 170 0 16777215 1 0 0 0 0 0 1 -998637568 1063489081 1063489081 1063489081 1063489081 15728640 12582912 15728640 15728640 15728640 15728640 0 0 0 0
49 68 171 0 16777215 1 0 0 0 0 0 1 -998637568 1063489081 1063489081 1063489081 1063489081 15728640 12582912 15728640 15728640 15728640 15728640 0 0 0 0
49 68 172 0 16777215 1 0 0 0 0 0 1 -998637568 1063489081 1063489081 1063489081 1063489081 15728640 12582912 15728640 15728640 15728640 15728640 0 0 0 0
49 68 173 0 16777215 1 0 0 0 0 0 1 -998637568 1063489081 1063489081 1063489081 1063489081 15728640 12582912 15728640 15728640 15728640 15728640 0 0 0 0
49 68 174 0 16777215 1 0 0 0 0 0 1 -998637568 1063489081 1063489081 1063489081 1063489081 15728640 12582912 15728640 15728640 15728640 15728640 0 0 0 0
49 68 175 0 16777215 1 0 0 0 0 0 1 -998637568 1063489081 1063489081 1063489081 1063489081 15728640 12582912 15728640 15728640 15728640 15728640 0 0 0 0
49 68 176 0 16777215 1 0 0 0 0 0 1 -998637568 1063489081 1063489081 1063489081 1063489081 15728640 12582912 15728640 15728640 15728640 15728640 0 0 0 0
49 68 177 0 16777215 1 0 0 0 0 0 1 -998637568 1063489081 1063489081 1063489081 1063489081 15728640 12582912 15728640 15728640 15728640 15728640 0 0 0 0
49 68 178 0 16777215 1 0 0 0 0 0 1 -998637568 1063489081 1063489081 1063489081 1063489081 15728640 12582912 15728640 15728640 15728640 15728640 0 0 0 0
49 68 179 0 16777215 1 0 0 0 0 0 1 -998637568 1063489081 1063489081 1063489081 1063489081 15728640 12582912 15728640 15728640 15728640 15728640 0 0 0 0
49 68 180 0 16777215 1 0 0 0 0 0 1 -998637568 1063489081 1063489081 1063489081 1063489081 15728640 12582912 15728640 15728640 15728640 15728640 0 0 0 0
49 68 181 0 16777215 1 0 0 0 0 0 1 -998637568 1063489081 1063489081 1063489081 1063489081 15728640 12582912 15728640 15728640 15728640 15728640 0 0 0 0
49 68 182 0 16777215 1 0 0 0 0 0 1 -998637568 1063489081 1063489081 1063489081 1063489081 15728640 12582912 15728640 15728640 15728640 15728640 0 0 0 0
49 68 183 0 16777215 1 0 0 0 0 0 1 -998637568 1063489081 1063489081 1063489081 1063489081 15728640 12582912 15728640 15728640 15728640 15728640 0 0 0 0
49 68 184 0 16777215 1 0 0 0 0 0 1 0 1063489081 1063333736 1063333736 1063489081 15728640 12582912 15728640 15728640 15728640 15728640 0 0 0 0
49 68 185 0 16777215 1 0 0 1 0 0 1 0 1063333736 1053236336 1053236336 1063333736 15728640 12582912 15728640 15728640 15728640 15728640 0 0 0 0
50 63 180 0 16777215 0 0 0 0 0 0 0 -998637568 1065353216 1065353216 1065353216 1065353216 3145728 3145728 3145728 3145728 0 6291456 0 0 0 0
50 63 181 0 16777215 0 0 0 0 0 0 0 -998637568 1065353216 1065353216 1065353216 1065353216 3145728 3145728 3145728 3145728 0 6291456 0 0 0 0
50 63 182 0 16777215 0 0 0 0 0 0 0 -998637568 1065353216 1065353216 1065353216 1065353216 3145728 0 3145728 3145728 0 6291456 0 0 0 0
50 64 168 0 16777215 0 0 0 0 0 0 0 -998637568 1065353216 1065353216 1065353216 1065353216 3145728 0 0 3145728 3145728 3145728 0 0 0 0
50 64 169 0 16777215 0 0 0 0 0 0 0 -998637568 1065353216 1065353216 1065353216 1065353216 3145728 0 3145728 3145728 3145728 3145728 0 0 0 0
50 64 170 0 16777215 0 0 0 0 0 0 0 -998637568 1065353216 1065353216 1065353216 1065353216 3145728 0 3145728 3145728 3145728 3145728 0 0 0 0
50 64 171 0 16777215 0 0 0 0 0 0 0 -998637568 1065353216 1065353216 1065353216 1065353216 3145728 0 3145728 3145728 3145728 6291456 0 0 0 0
50 64 172 0 16777215 0 0 0 0 0 0 0 -998637568 1065353216 1065353216 1065353216 1065353216 3145728 0 3145728 3145728 3145728 6291456 0 0 0 0
50 64 173 0 16777215 0 0 0 0 0 0 0 -998637568 1065353216 1065353216 1065353216 1065353216 3145728 0 3145728 3145728 3145728 6291456 0 0 0 0
50 64 174 0 16777215 0 0 0 0 0 0 0 -998637568 1065353216 1065353216 1065353216 1065353216 3145728 0 3145728 3145728 3145728 6291456 0 0 0 0
50 64 175 0 16777215 0 0 0 0 0 0 0 -998637568 1065353216 1065353216 1065353216 1065353216 3145728 3145728 3145728 3145728 3145728 6291456 0 0 0 0
50 64 176 0 16777215 0 0 0 0 0 0 0 -998637568 1065353216 1065353216 1065353216 1065353216 3145728 2097152 3145728 3145728 3145728 5242880 0 0 0 0
50 64 177 0 16777215 0 0 0 0 0 0 0 -998637568 1065353216 1065353216 1065353216 1065353216 3145728 3145728 3145728 3145728 3145728 6291456 0 0 0 0
50 64 178 0 16777215 0 0 0 0 0 0 0 -998637568 1065353216 1065353216 1065353216 1065353216 3145728 3145728 3145728 3145728 3145728 6291456 0 0 0 0
50 64 179 0 16777215 0 0 0 0 0 0 0 -998637568 1065353216 1065353216 1065353216 1065353216 3145728 3145728 3145728 3145728 3145728 6291456 0 0 0 0
50 64 180 0 16777215 0 0 0 0 0 0 0 -998637568 1065353216 1065353216 1065353216 1065353216 3145728 3145728 3145728 3145728 3145728 6291456 0 0 0 0
50 64 181 0 16777215 0 0 0 0 0 0 0 -998637568 1065353216 1065353216 1065353216 1065353216 3145728 3145728 3145728 3145728 3145728 6291456 0 0 0 0
50 64 182 0 16777215 0 0 0 0 0 0 0 -998637568 1065353216 1065353216 1065353216 1065353216 3145728 3145728 3145728 6291456 3145728 6291456 0 0 0 0
50 64 183 0 16777215 0 0 0 0 0 0 0 -998637568 1065353216 1065353216 1065353216 1065353216 6291456 3145728 3145728 9437184 6291456 6291456 0 0 0 0
50 64 184 0 16777215 0 0 0 0 0 0 0 -998637568 1065353216 1065353216 1065353216 1065353216 9437184 6291456 6291456 12582912 9437184 9437184 0 0 0 0
50 64 185 0 16777215 0 0 0 0 0 0 1 0 1065353216 1065353216 1065353216 1065353216 12582912 9437184 9437184 15728640 12582912 12582912 0 0 0 0
50 64 186 0 16777215 1 0 0 0 0 0 1 0 1065353216 1060692878 1060692878 1065353216 15728640 12582912 12582912 15728640 15728640 15728640 0 0 0 0
50 64 187 0 16777215 1 0 0 0 0 0 1 0 1060692878 1058828743 1058828743 1060692878 15728640 12582912 15728640 15728640 15728640 15728640 0 0 0 0
50 64 188 0 16777215 1 0 0 0 0 0 1 0 1058828743 1056964608 1056964608 1058828743 15728640 12582912 15728640 15728640 15728640 15728640 0 0 0 0
50 65 168 0 16777215 0 0 0 0 0 0 0 -998637568 1065353216 1065353216 1065353216 1065353216 6291456 3145728 0 6291456 6291456 6291456 0 0 0 0
50 65 169 0 16777215 0 0 0 0 0 0 0 -998637568 1065353216 1065353216 1065353216 1065353216 6291456 3145728 6291456 6291456 6291456 6291456 0 0 0 0
50 65 170 0 16777215 0 0 0 0 0 0 0 -998637568 1065353216 1065353216 1065353216 1065353216 6291456 3145728 6291456 6291456 6291456 6291456 0 0 0 0
50 65 171 0 16777215 0 0 0 0 0 0 0 -998637568 1065353216 1065353216 1065353216 1065353216 6291456 3145728 6291456 6291456 6291456 6291456 0 0 0 0
50 65 172 0 16777215 0 0 0 0 0 0 0 -998637568 1065353216 1065353216 1065353216 1065353216 6291456 3145728 6291456 6291456 6291456 6291456 0 0 0 0
50 65 173 0 16777215 0 0 0 0 0 0 0 -998637568 1065353216 1065353216 1065353216 1065353216 6291456 3145728 6291456 6291456 6291456 6291456 0 0 0 0
50 65 174 0 16777215 0 0 0 0 0 0 0 -998637568 1065353216 1065353216 1065353216 1065353216 6291456 3145728 6291456 6291456 6291456 6291456 0 0 0 0
50 65 175 0 16777215 0 0 0 0 0 0 0 -998637568 1065353216 1065353216 1065353216 1065353216 6291456 3145728 6291456 6291456 6291456 6291456 0 0 0 0
50 65 176 0 16777215 0 0 0 0 0 0 0 -998637568 1065353216 1065353216 1065353216 1065353216 6291456 3145728 6291456 6291456 6291456 6291456 0 0 0 0
50 65 177 0 16777215 0 0 0 0 0 0 0 -998637568 1065353216 1065353216 1065353216 1065353216 6291456 3145728 6291456 6291456 6291456 6291456 0 0 0 0
50 65 178 0 16777215 0 0 0 0 0 0 0 -998637568 1065353216 1065353216 1065353216 1065353216 6291456 3145728 6291456 6291456 6291456 6291456 0 0 0 0
50 65 179 0 16777215 0 0 0 0 0 0 0 -998637568 1065353216 1065353216 1065353216 1065353216 6291456 3145728 6291456 6291456 6291456 6291456 0 0 0 0
50 65 180 0 16777215 0 0 0 0 0 0 0 -998637568 1065353216 1065353216 1065353216 1065353216 6291456 3145728 6291456 6291456 6291456 6291456 0 0 0 0
50 65 181 0 16777215 0 0 0 0 0 0 0 -998637568 1065353216 1065353216 1065353216 1065353216 6291456 3145728 6291456 6291456 6291456 6291456 0 0 0 0
50 65 182 0 16777215 0 0 0 0 0 0 0 -998637568 1065353216 1065353216 1065353216 1065353216 6291456 3145728 6291456 6291456 6291456 6291456 0 0 0 0
50 65 183 0 16777215 0 0 0 0 0 0 0 -998637568 1065353216 1065353216 1065353216 1065353216 6291456 6291456 6291456 9437184 6291456 6291456 0 0 0 0
50 65 184 0 16777215 0 0 0 0 0 0 0 -998637568 1065353216 1065353216 1065353216 1065353216 9437184 9437184 6291456 12582912 9437184 9437184 0 0 0 0
50 65 185 0 16777215 0 0 0 1 0 0 1 0 1065353216 1065353216 1065353216 1065353216 12582912 12582912 9437184 15728640 12582912 12582912 0 0 0 0
50 66 168 0 16777215 0 0 0 0 0 0 0 -998637568 1065353216 1065353216 1065353216 1065353216 9437184 6291456 0 9437184 9437184 9437184 0 0 0 0
50 66 169 0 16777215 0 0 0 0 0 0 0 -998637568 1065353216 1065353216 1065353216 1065353216 9437184 6291456 9437184 9437184 9437184 9437184 0 0 0 0
50 66 170 0 16777215 0 0 0 0 0 0 0 -998637568 1065353216 1065353216 1065353216 1065353216 9437184 6291456 9437184 9437184 9437184 9437184 0 0 0 0
50 66 171 0 16777215 0 0 0 0 0 0 0 -998637568 1065353216 1065353216 1065353216 1065353216 9437184 6291456 9437184 9437184 9437184 9437184 0 0 0 0
50 66 172 0 16777215 0 0 0 0 0 0 0 -998637568 1065353216 1065353216 1065353216 1065353216 9437184 6291456 9437184 9437184 9437184 9437184 0 0 0 0
50 66 173 0 16777215 0 0 0 0 0 0 0 -998637568 1065353216 1065353216 1065353216 1065353216 9437184 6291456 9437184 9437184 9437184 9437184 0 0 0 0
50 66 174 0 16777215 0 0 0 0 0 0 0 -998637568 1065353216 1065353216 1065353216 1065353216 9437184 6291456 9437184 9437184 9437184 9437184 0 0 0 0
50 66 175 0 16777215 0 0 0 0 0 0 0 -998637568 1065353216 1065353216 1065353216 1065353216 9437184 6291456 9437184 9437184 9437184 9437184 0 0 0 0
50 66 176 0 16777215 0 0 0 0 0 0 0 -998637568 1065353216 1065353216 1065353216 1065353216 9437184 6291456 9437184 9437184 9437184 9437184 0 0 0 0
50 66 177 0 16777215 0 0 0 0 0 0 0 -998637568 1065353216 1065353216 1065353216 1065353216 9437184 6291456 9437184 9437184 9437184 9437184 0 0 0 0
50 66 178 0 16777215 0 0 0 0 0 0 0 -998637568 1065353216 1065353216 1065353216 1065353216 9437184 6291456 9437184 9437184 9437184 9437184 0 0 0 0
50 66 179 0 16777215 0 0 0 0 0 0 0 -998637568 1065353216 1065353216 1065353216 1065353216 9437184 6291456 9437184 9437184 9437184 9437184 0 0 0 0
50 66 180 0 16777215 0 0 0 0 0 0 0 -998637568 1065353216 1065353216 1065353216 1065353216 9437184 6291456 9437184 9437184 9437184 9437184 0 0 0 0
50 66 181 0 16777215 0 0 0 0 0 0 0 -998637568 1065353216 1065353216 1065353216 1065353216 9437184 6291456 9437184 9437184 9437184 9437184 0 0 0 0
50 66 182 0 16777215 0 0 0 0 0 0 0 -998637568 1065353216 1065353216 1065353216 1065353216 9437184 6291456 9437184 9437184 9437184 9437184 0 0 0 0
50 66 183 0 16777215 0 0 0 0 0 0 0 -998637568 1065353216 1065353216 1065353216 1065353216 9437184 6291456 9437184 9437184 9437184 9437184 0 0 0 0
50 66 184 0 16777215 0 0 0 0 0 0 0 -998637568 1065353216 1065353216 1065353216 1065353216 9437184 9437184 9437184 12582912 9437184 9437184 0 0 0 0
50 66 185 0 16777215 0 0 0 1 0 0 1 -998637568 1065353216 1065353216 1065353216 1065353216 12582912 12582912 9437184 15728640 12582912 12582912 0 0 0 0
50 67 168 0 16777215 0 0 0 0 0 0 0 -998637568 1065353216 1065353216 1065353216 1065353216 12582912 9437184 0 12582912 12582912 12582912 0 0 0 0
50 67 169 0 16777215 0 0 0 0 0 0 0 -998637568 1065353216 1065353216 1065353216 1065353216 12582912 9437184 12582912 12582912 12582912 12582912 0 0 0 0
50 67 170 0 16777215 0 0 0 0 0 0 0 -998637568 1065353216 1065353216 1065353216 1065353216 12582912 9437184 12582912 12582912 12582912 12582912 0 0 0 0
50 67 171 0 16777215 0 0 0 0 0 0 0 -998637568 1065353216 1065353216 1065353216 1065353216 12582912 9437184 12582912 12582912 12582912 12582912 0 0 0 0
50 67 172 0 16777215 0 0 0 0 0 0 0 -998637568 1065353216 1065353216 1065353216 1065353216 12582912 9437184 12582912 12582912 12582912 12582912 0 0 0 0
50 67 173 0 16777215 0 0 0 0 0 0 0 -998637568 1065353216 1065353216 1065353216 1065353216 12582912 9437184 12582912 12582912 12582912 12582912 0 0 0 0
50 67 174 0 16777215 0 0 0 0 0 0 0 -998637568 1065353216 1065353216 1065353216 1065353216 12582912 9437184 12582912 12582912 12582912 12582912 0 0 0 0
50 67 175 0 16777215 0 0 0 0 0 0 0 -998637568 1065353216 1065353216 1065353216 1065353216 12582912 9437184 12582912 12582912 12582912 12582912 0 0 0 0
50 67 176 0 16777215 0 0 0 0 0 0 0 -998637568 1065353216 1065353216 1065353216 1065353216 12582912 9437184 12582912 12582912 12582912 12582912 0 0 0 0
50 67 177 0 16777215 0 0 0 0 0 0 0 -998637568 1065353216 1065353216 1065353216 1065353216 12582912 9437184 12582912 12582912 12582912 12582912 0 0 0 0
50 67 178 0 16777215 0 0 0 0 0 0 0 -998637568 1065353216 1065353216 1065353216 1065353216 12582912 9437184 12582912 12582912 12582912 12582912 0 0 0 0
50 67 179 0 16777215 0 0 0 0 0 0 0 -998637568 1065353216 1065353216 1065353216 1065353216 12582912 9437184 12582912 12582912 12582912 12582912 0 0 0 0
50 67 180 0 16777215 0 0 0 0 0 0 0 -998637568 1065353216 1065353216 1065353216 1065353216 12582912 9437184 12582912 12582912 12582912 12582912 0 0 0 0
50 67 181 0 16777215 0 0 0 0 0 0 0 -998637568 1065353216 1065353216 1065353216 1065353216 12582912 9437184 12582912 12582912 12582912 12582912 0 0 0 0
50 67 182 0 16777215 0 0 0 0 0 0 0 -998637568 1065353216 1065353216 1065353216 1065353216 12582912 9437184 12582912 12582912 12582912 12582912 0 0 0 0
50 67 183 0 16777215 0 0 0 0 0 0 0 -998637568 1065353216 1065353216 1065353216 1065353216 12582912 9437184 12582912 12582912 12582912 12582912 0 0 0 0
50 67 184 0 16777215 0 0 0 0 0 0 0 -998637568 1065353216 1065353216 1065353216 1065353216 12582912 9437184 12582912 12582912 12582912 12582912 0 0 0 0
50 67 185 0 16777215 0 0 0 1 0 0 1 -998637568 1065353216 1065353216 1065353216 1065353216 12582912 12582912 12582912 15728640 12582912 12582912 0 0 0 0
50 68 168 0 16777215 1 0 0 0 0 0 1 -998637568 1063489081 1063489081 1063489081 1063489081 15728640 12582912 15728640 15728640 15728640 15728640 0 0 0 0
50 68 169 0 16777215 1 0 0 0 0 0 1 -998637568 1063489081 1063489081 1063489081 1063489081 15728640 12582912 15728640 15728640 15728640 15728640 0 0 0 0
50 68 170 0 16777215 1 0 0 0 0 0 1 -998637568 1063489081 1063489081 1063489081 1063489081 15728640 12582912 15728640 15728640 15728640 15728640 0 0 0 0
50 68 171 0 16777215 1 0 0 0 0 0 1 -998637568 1063489081 1063489081 1063489081 1063489081 15728640 12582912 15728640 15728640 15728640 15728640 0 0 0 0
50 68 172 0 16777215 1 0 0 0 0 0 1 -998637568 1063489081 1063489081 1063489081 1063489081 15728640 12582912 15728640 15728640 15728640 15728640 0 0 0 0
50 68 173 0 16777215 1 0 0 0 0 0 1 -998637568 1063489081 1063489081 1063489081 1063489081 15728640 12582912 15728640 15728640 15728640 15728640 0 0 0 0
50 68 174 0 16777215 1 0 0 0 0 0 1 -998637568 1063489081 1063489081 1063489081 1063489081 15728640 12582912 15728640 15728640 15728640 15728640 0 0 0 0
50 68 175 0 16777215 1 0 0 0 0 0 1 -998637568 1063489081 1063489081 1063489081 1063489081 15728640 12582912 15728640 15728640 15728640 15728640 0 0 0 0
50 68 176 0 16777215 1 0 0 0 0 0 1 -998637568 1063489081 1063489081 1063489081 1063489081 15728640 12582912 15728640 15728640 15728640 15728640 0 0 0 0
50 68 177 0 16777215 1 0 0 0 0 0 1 -998637568 1063489081 1063489081 1063489081 1063489081 15728640 12582912 15728640 15728640 15728640 15728640 0 0 0 0
50 68 178 0 16777215 1 0 0 0 0 0 1 -998637568 1063489081 1063489081 1063489081 1063489081 15728640 12582912 15728640 15728640 15728640 15728640 0 0 0 0
50 68 179 0 16777215 1 0 0 0 0 0 1 -998637568 1063489081 1063489081 1063489081 1063489081 15728640 12582912 15728640 15728640 15728640 15728640 0 0 0 0
50 68 180 0 16777215 1 0 0 0 0 0 1 -998637568 1063489081 1063489081 1063489081 1063489081 15728640 12582912 15728640 15728640 15728640 15728640 0 0 0 0
50 68 181 0 16777215 1 0 0 0 0 0 1 -998637568 1063489081 1063489081 1063489081 1063489081 15728640 12582912 15728640 15728640 15728640 15728640 0 0 0 0
50 68 182 0 16777215 1 0 0 0 0 0 1 -998637568 1063489081 1063489081 1063489081 1063489081 15728640 12582912 15728640 15728640 15728640 15728640 0 0 0 0
50 68 183 0 16777215 1 0 0 0 0 0 1 -998637568 1063489081 1063489081 1063489081 1063489081 15728640 12582912 15728640 15728640 15728640 15728640 0 0 0 0
50 68 184 0 16777215 1 0 0 0 0 0 1 0 1063489081 1063333736 1063333736 1063489081 15728640 12582912 15728640 15728640 15728640 15728640 0 0 0 0
50 68 185 0 16777215 1 0 0 1 0 0 1 0 1063333736 1053236336 1053236336 1063333736 15728640 12582912 15728640 15728640 15728640 15728640 0 0 0 0
51 63 176 0 16777215 0 0 0 0 0 0 0 -998637568 1065353216 1065353216 1065353216 1065353216 5242880 2097152 6291456 6291456 2097152 8388608 0 0 0 0
51 63 177 0 16777215 0 0 0 0 0 0 0 -998637568 1065353216 1065353216 1065353216 1065353216 6291456 3145728 5242880 6291456 3145728 9437184 0 0 0 0
51 63 178 0 16777215 0 0 0 0 0 0 0 -998637568 1065353216 1065353216 1065353216 1065353216 6291456 3145728 6291456 6291456 3145728 9437184 0 0 0 0
51 63 179 0 16777215 0 0 0 0 0 0 0 -998637568 1065353216 1065353216 1065353216 1065353216 6291456 3145728 6291456 6291456 3145728 9437184 0 0 0 0
51 63 180 0 16777215 0 0 0 0 0 0 0 -998637568 1065353216 1065353216 1065353216 1065353216 6291456 6291456 6291456 6291456 3145728 9437184 0 0 0 0
51 63 181 0 16777215 0 0 0 0 0 0 0 -998637568 1065353216 1065353216 1065353216 1065353216 6291456 6291456 6291456 6291456 3145728 9437184 0 0 0 0
51 63 182 0 16777215 0 0 0 0 0 0 0 -998637568 1065353216 1065353216 1065353216 1065353216 6291456 3145728 6291456 6291456 3145728 9437184 0 0 0 0
51 63 183 0 16777215 0 0 0 0 0 0 0 -998637568 1065353216 1065353216 1065353216 1065353216 6291456 3145728 6291456 6291456 3145728 9437184 0 0 0 0
51 63 184 0 16777215 0 0 0 0 0 0 0 -998637568 1065353216 1065353216 1065353216 1065353216 6291456 3145728 6291456 9437184 6291456 9437184 0 0 0 0
51 63 185 0 16777215 0 0 0 0 0 0 1 -998637568 1065353216 1065353216 1065353216 1065353216 9437184 6291456 6291456 12582912 9437184 12582912 0 0 0 0
51 63 186 0 16777215 0 0 0 0 0 0 1 -1077342245 1065353216 1065353216 1065353216 1065353216 12582912 9437184 9437184 12582912 12582912 15728640 0 0 0 0
51 63 187 0 16777215 0 0 0 0 0 0 1 -1077342245 1065353216 1065353216 1065353216 1065353216 12582912 9437184 12582912 12582912 12582912 15728640 0 0 0 0
51 63 188 0 16777215 0 0 0 0 0 0 1 -1077342245 1065353216 1065353216 1065353216 1065353216 12582912 9437184 12582912 12582912 12582912 15728640 0 0 0 0
51 64 168 0 16777215 0 0 0 0 0 0 0 -998637568 1065353216 1065353216 1065353216 1065353216 3145728 0 0 3145728 3145728 3145728 0 0 0 0
51 64 169 0 16777215 0 0 0 0 0 0 0 -998637568 1065353216 1065353216 1065353216 1065353216 3145728 0 3145728 3145728 3145728 3145728 0 0 0 0
51 64 170 0 16777215 0 0 0 0 0 0 0 -998637568 1065353216 1065353216 1065353216 1065353216 3145728 0 3145728 6291456 3145728 6291456 0 0 0 0
51 64 171 0 16777215 0 0 0 0 0 0 0 -998637568 1065353216 1065353216 1065353216 1065353216 6291456 3145728 3145728 6291456 3145728 9437184 0 0 0 0
51 64 172 0 16777215 0 0 0 0 0 0 0 -998637568 1065353216 1065353216 1065353216 1065353216 6291456 3145728 6291456 6291456 3145728 9437184 0 0 0 0
51 64 173 0 16777215 0 0 0 0 0 0 0 -998637568 1065353216 1065353216 1065353216 1065353216 6291456 3145728 6291456 6291456 3145728 9437184 0 0 0 0
51 64 174 0 16777215 0 0 0 0 0 0 0 -998637568 1065353216 1065353216 1065353216 1065353216 6291456 3145728 6291456 6291456 3145728 9437184 0 0 0 0
51 64 175 0 16777215 0 0 0 0 0 0 0 -998637568 1065353216 1065353216 1065353216 1065353216 6291456 6291456 6291456 5242880 3145728 9437184 0 0 0 0
51 64 176 0 16777215 0 0 0 0 0 0 0 -998637568 1065353216 1065353216 1065353216 1065353216 5242880 5242880 6291456 6291456 3145728 8388608 0 0 0 0
51 64 177 0 16777215 0 0 0 0 0 0 0 -998637568 1065353216 1065353216 1065353216 1065353216 6291456 6291456 5242880 6291456 3145728 9437184 0 0 0 0
51 64 178 0 16777215 0 0 0 0 0 0 0 -998637568 1065353216 1065353216 1065353216 1065353216 6291456 6291456 6291456 6291456 3145728 9437184 0 0 0 0
51 64 179 0 16777215 0 0 0 0 0 0 0 -998637568 1065353216 1065353216 1065353216 1065353216 6291456 6291456 6291456 6291456 3145728 9437184 0 0 0 0
51 64 180 0 16777215 0 0 0 0 0 0 0 -998637568 1065353216 1065353216 1065353216 1065353216 6291456 6291456 6291456 6291456 3145728 9437184 0 0 0 0
51 64 181 0 16777215 0 0 0 0 0 0 0 -998637568 1065353216 1065353216 1065353216 1065353216 6291456 6291456 6291456 6291456 3145728 9437184 0 0 0 0
51 64 182 0 16777215 0 0 0 0 0 0 0 -998637568 1065353216 1065353216 1065353216 1065353216 6291456 6291456 6291456 6291456 3145728 9437184 0 0 0 0
51 64 183 0 16777215 0 0 0 0 0 0 0 -998637568 1065353216 1065353216 1065353216 1065353216 6291456 6291456 6291456 9437184 6291456 9437184 0 0 0 0
51 64 184 0 16777215 0 0 0 0 0 0 0 -998637568 1065353216 1065353216 1065353216 1065353216 9437184 6291456 6291456 12582912 9437184 9437184 0 0 0 0
51 64 185 0 16777215 0 0 0 0 0 0 1 0 1065353216 1065353216 1065353216 1065353216 12582912 9437184 9437184 15728640 12582912 12582912 0 0 0 0
51 64 186 0 16777215 1 0 0 0 0 1 1 -1079397270 1065353216 1060692878 1052304268 1065353216 15728640 12582912 12582912 15728640 15728640 15728640 0 0 0 0
51 64 187 0 16777215 1 0 0 0 0 1 1 -1079676773 1060692878 1058828743 1050440136 1052304268 15728640 12582912 15728640 15728640 15728640 15728640 0 0 0 0
51 64 188 0 16777215 1 0 0 0 0 1 1 -1080041287 1058828743 1056964608 1048576000 1050440136 15728640 12582912 15728640 15728640 15728640 15728640 0 0 0 0
51 65 168 0 16777215 0 0 0 0 0 0 0 -998637568 1065353216 1065353216 1065353216 1065353216 6291456 3145728 0 6291456 6291456 6291456 0 0 0 0
51 65 169 0 16777215 0 0 0 0 0 0 0 -998637568 1065353216 1065353216 1065353216 1065353216 6291456 3145728 6291456 6291456 6291456 6291456 0 0 0 0
51 65 170 0 16777215 0 0 0 0 0 0 0 -998637568 1065353216 1065353216 1065353216 1065353216 6291456 3145728 6291456 6291456 6291456 9437184 0 0 0 0
51 65 171 0 16777215 0 0 0 0 0 0 0 -998637568 1065353216 1065353216 1065353216 1065353216 6291456 6291456 6291456 6291456 6291456 9437184 0 0 0 0
51 65 172 0 16777215 0 0 0 0 0 0 0 -998637568 1065353216 1065353216 1065353216 1065353216 6291456 6291456 6291456 6291456 6291456 9437184 0 0 0 0
51 65 173 0 16777215 0 0 0 0 0 0 0 -998637568 1065353216 1065353216 1065353216 1065353216 6291456 6291456 6291456 6291456 6291456 9437184 0 0 0 0
51 65 174 0 16777215 0 0 0 0 0 0 0 -998637568 1065353216 1065353216 1065353216 1065353216 6291456 6291456 6291456 6291456 6291456 9437184 0 0 0 0
51 65 175 0 16777215 0 0 0 0 0 0 0 -998637568 1065353216 1065353216 1065353216 1065353216 6291456 6291456 6291456 6291456 6291456 9437184 0 0 0 0
51 65 176 0 16777215 0 0 0 0 0 0 0 -998637568 1065353216 1065353216 1065353216 1065353216 6291456 5242880 6291456 6291456 6291456 9437184 0 0 0 0
51 65 177 0 16777215 0 0 0 0 0 0 0 -998637568 1065353216 1065353216 1065353216 1065353216 6291456 6291456 6291456 6291456 6291456 9437184 0 0 0 0
51 65 178 0 16777215 0 0 0 0 0 0 0 -998637568 1065353216 1065353216 1065353216 1065353216 6291456 6291456 6291456 6291456 6291456 9437184 0 0 0 0
51 65 179 0 16777215 0 0 0 0 0 0 0 -998637568 1065353216 1065353216 1065353216 1065353216 6291456 6291456 6291456 6291456 6291456 9437184 0 0 0 0
51 65 180 0 16777215 0 0 0 0 0 0 0 -998637568 1065353216 1065353216 1065353216 1065353216 6291456 6291456 6291456 6291456 6291456 9437184 0 0 0 0
51 65 181 0 16777215 0 0 0 0 0 0 0 -998637568 1065353216 1065353216 1065353216 1065353216 6291456 6291456 6291456 6291456 6291456 9437184 0 0 0 0
51 65 182 0 16777215 0 0 0 0 0 0 0 -998637568 1065353216 1065353216 1065353216 1065353216 6291456 6291456 6291456 6291456 6291456 9437184 0 0 0 0
51 65 183 0 16777215 0 0 0 0 0 0 0 -998637568 1065353216 1065353216 1065353216 1065353216 6291456 6291456 6291456 9437184 6291456 9437184 0 0 0 0
51 65 184 0 16777215 0 0 0 0 0 0 0 -998637568 1065353216 1065353216 1065353216 1065353216 9437184 9437184 6291456 12582912 9437184 9437184 0 0 0 0
51 65 185 0 16777215 0 0 0 1 0 0 1 0 1065353216 1065353216 1065353216 1065353216 12582912 12582912 9437184 15728640 12582912 12582912 0 0 0 0
51 66 168 0 16777215 0 0 0 0 0 0 0 -998637568 1065353216 1065353216 1065353216 1065353216 9437184 6291456 0 9437184 9437184 9437184 0 0 0 0
51 66 169 0 16777215 0 0 0 0 0 0 0 -998637568 1065353216 1065353216 1065353216 1065353216 9437184 6291456 9437184 9437184 9437184 9437184 0 0 0 0
51 66 170 0 16777215 0 0 0 0 0 0 0 -998637568 1065353216 1065353216 1065353216 1065353216 9437184 6291456 9437184 9437184 9437184 9437184 0 0 0 0
51 66 171 0 16777215 0 0 0 0 0 0 0 -998637568 1065353216 1065353216 1065353216 1065353216 9437184 6291456 9437184 9437184 9437184 9437184 0 0 0 0
51 66 172 0 16777215 0 0 0 0 0 0 0 -998637568 1065353216 1065353216 1065353216 1065353216 9437184 6291456 9437184 9437184 9437184 9437184 0 0 0 0
51 66 173 0 16777215 0 0 0 0 0 0 0 -998637568 1065353216 1065353216 1065353216 1065353216 9437184 6291456 9437184 9437184 9437184 9437184 0 0 0 0
51 66 174 0 16777215 0 0 0 0 0 0 0 -998637568 1065353216 1065353216 1065353216 1065353216 9437184 6291456 9437184 9437184 9437184 9437184 0 0 0 0
51 66 175 0 16777215 0 0 0 0 0 0 0 -998637568 1065353216 1065353216 1065353216 1065353216 9437184 6291456 9437184 9437184 9437184 9437184 0 0 0 0
51 66 176 0 16777215 0 0 0 0 0 0 0 -998637568 1065353216 1065353216 1065353216 1065353216 9437184 6291456 9437184 9437184 9437184 9437184 0 0 0 0
51 66 177 0 16777215 0 0 0 0 0 0 0 -998637568 1065353216 1065353216 1065353216 1065353216 9437184 6291456 9437184 9437184 9437184 9437184 0 0 0 0
51 66 178 0 16777215 0 0 0 0 0 0 0 -998637568 1065353216 1065353216 1065353216 1065353216 9437184 6291456 9437184 9437184 9437184 9437184 0 0 0 0
51 66 179 0 16777215 0 0 0 0 0 0 0 -998637568 1065353216 1065353216 1065353216 1065353216 9437184 6291456 9437184 9437184 9437184 9437184 0 0 0 0
51 66 180 0 16777215 0 0 0 0 0 0 0 -998637568 1065353216 1065353216 1065353216 1065353216 9437184 6291456 9437184 9437184 9437184 9437184 0 0 0 0
51 66 181 0 16777215 0 0 0 0 0 0 0 -998637568 1065353216 1065353216 1065353216 1065353216 9437184 6291456 9437184 9437184 9437184 9437184 0 0 0 0
51 66 182 0 16777215 0 0 0 0 0 0 0 -998637568 1065353216 1065353216 1065353216 1065353216 9437184 6291456 9437184 9437184 9437184 9437184 0 0 0 0
51 66 183 0 16777215 0 0 0 0 0 0 0 -998637568 1065353216 1065353216 1065353216 1065353216 9437184 6291456 9437184 9437184 9437184 9437184 0 0 0 0
51 66 184 0 16777215 0 0 0 0 0 0 0 -998637568 1065353216 1065353216 1065353216 1065353216 9437184 9437184 9437184 12582912 9437184 9437184 0 0 0 0
51 66 185 0 16777215 0 0 0 1 0 0 1 -998637568 1065353216 1065353216 1065353216 1065353216 12582912 12582912 9437184 15728640 12582912 12582912 0 0 0 0
51 67 168 0 16777215 0 0 0 0 0 0 1 -998637568 1065353216 1065353216 1065353216 1065353216 12582912 9437184 0 12582912 12582912 12582912 0 0 0 0
51 67 169 0 16777215 0 0 0 0 0 0 0 -998637568 1065353216 1065353216 1065353216 1065353216 12582912 9437184 12582912 12582912 12582912 12582912 0 0 0 0
51 67 170 0 16777215 0 0 0 0 0 0 0 -998637568 1065353216 1065353216 1065353216 1065353216 12582912 9437184 12582912 12582912 12582912 12582912 0 0 0 0
51 67 171 0 16777215 0 0 0 0 0 0 0 -998637568 1065353216 1065353216 1065353216 1065353216 12582912 9437184 12582912 12582912 12582912 12582912 0 0 0 0
51 67 172 0 16777215 0 0 0 0 0 0 0 -998637568 1065353216 1065353216 1065353216 1065353216 12582912 9437184 12582912 12582912 12582912 12582912 0 0 0 0
51 67 173 0 16777215 0 0 0 0 0 0 0 -998637568 1065353216 1065353216 1065353216 1065353216 12582912 9437184 12582912 12582912 12582912 12582912 0 0 0 0
51 67 174 0 16777215 0 0 0 0 0 0 0 -998637568 1065353216 1065353216 1065353216 1065353216 12582912 9437184 12582912 12582912 12582912 12582912 0 0 0 0
51 67 175 0 16777215 0 0 0 0 0 0 0 -998637568 1065353216 1065353216 1065353216 1065353216 12582912 9437184 12582912 12582912 12582912 12582912 0 0 0 0
51 67 176 0 16777215 0 0 0 0 0 0 0 -998637568 1065353216 1065353216 1065353216 1065353216 12582912 9437184 12582912 12582912 12582912 12582912 0 0 0 0
51 67 177 0 16777215 0 0 0 0 0 0 0 -998637568 1065353216 1065353216 1065353216 1065353216 12582912 9437184 12582912 12582912 12582912 12582912 0 0 0 0
51 67 178 0 16777215 0 0 0 0 0 0 0 -998637568 1065353216 1065353216 1065353216 1065353216 12582912 9437184 12582912 12582912 12582912 12582912 0 0 0 0
51 67 179 0 16777215 0 0 0 0 0 0 0 -998637568 1065353216 1065353216 1065353216 1065353216 12582912 9437184 12582912 12582912 12582912 12582912 0 0 0 0
51 67 180 0 16777215 0 0 0 0 0 0 0 -998637568 1065353216 1065353216 1065353216 1065353216 12582912 9437184 12582912 12582912 12582912 12582912 0 0 0 0
51 67 181 0 16777215 0 0 0 0 0 0 0 -998637568 1065353216 1065353216 1065353216 1065353216 12582912 9437184 12582912 12582912 12582912 12582912 0 0 0 0
51 67 182 0 16777215 0 0 0 0 0 0 0 -998637568 1065353216 1065353216 1065353216 1065353216 12582912 9437184 12582912 12582912 12582912 12582912 0 0 0 0
51 67 183 0 16777215 0 0 0 0 0 0 0 -998637568 1065353216 1065353216 1065353216 1065353216 12582912 9437184 12582912 12582912 12582912 12582912 0 0 0 0
51 67 184 0 16777215 0 0 0 0 0 0 0 -998637568 1065353216 1065353216 1065353216 1065353216 12582912 9437184 12582912 12582912 12582912 12582912 0 0 0 0
51 67 185 0 16777215 0 0 0 1 0 0 1 -998637568 1065353216 1065353216 1065353216 1065353216 12582912 12582912 12582912 15728640 12582912 12582912 0 0 0 0
51 68 168 0 16777215 1 0 0 0 0 0 1 -998637568 1063489081 1063489081 1063489081 1062840686 15728640 12582912 15728640 15728640 15728640 15728640 0 0 0 0
51 68 169 0 16777215 1 0 0 0 0 0 1 -998637568 1063489081 1063489081 1063489081 1063489081 15728640 12582912 15728640 15728640 15728640 15728640 0 0 0 0
51 68 170 0 16777215 1 0 0 0 0 0 1 -998637568 1063489081 1063489081 1063489081 1063489081 15728640 12582912 15728640 15728640 15728640 15728640 0 0 0 0
51 68 171 0 16777215 1 0 0 0 0 0 1 -998637568 1063489081 1063489081 1063489081 1063489081 15728640 12582912 15728640 15728640 15728640 15728640 0 0 0 0
51 68 172 0 16777215 1 0 0 0 0 0 1 -998637568 1063489081 1063489081 1063489081 1063489081 15728640 12582912 15728640 15728640 15728640 15728640 0 0 0 0
51 68 173 0 16777215 1 0 0 0 0 0 1 -998637568 1063489081 1063489081 1063489081 1063489081 15728640 12582912 15728640 15728640 15728640 15728640 0 0 0 0
51 68 174 0 16777215 1 0 0 0 0 0 1 -998637568 1063489081 1063489081 1063489081 1063489081 15728640 12582912 15728640 15728640 15728640 15728640 0 0 0 0
51 68 175 0 16777215 1 0 0 0 0 0 1 -998637568 1063489081 1063489081 1063489081 1063489081 15728640 12582912 15728640 15728640 15728640 15728640 0 0 0 0
51 68 176 0 16777215 1 0 0 0 0 0 1 -998637568 1063489081 1063489081 1063489081 1063489081 15728640 12582912 15728640 15728640 15728640 15728640 0 0 0 0
51 68 177 0 16777215 1 0 0 0 0 0 1 -998637568 1063489081 1063489081 1063489081 1063489081 15728640 12582912 15728640 15728640 15728640 15728640 0 0 0 0
51 68 178 0 16777215 1 0 0 0 0 0 1 -998637568 1063489081 1063489081 1063489081 1063489081 15728640 12582912 15728640 15728640 15728640 15728640 0 0 0 0
51 68 179 0 16777215 1 0 0 0 0 0 1 -998637568 1063489081 1063489081 1063489081 1063489081 15728640 12582912 15728640 15728640 15728640 15728640 0 0 0 0
51 68 180 0 16777215 1 0 0 0 0 0 1 -998637568 1063489081 1063489081 1063489081 1063489081 15728640 12582912 15728640 15728640 15728640 15728640 0 0 0 0
51 68 181 0 16777215 1 0 0 0 0 0 1 -998637568 1063489081 1063489081 1063489081 1063489081 15728640 12582912 15728640 15728640 15728640 15728640 0 0 0 0
51 68 182 0 16777215 1 0 0 0 0 0 1 -998637568 1063489081 1063489081 1063489081 1063489081 15728640 12582912 15728640 15728640 15728640 15728640 0 0 0 0
51 68 183 0 16777215 1 0 0 0 0 0 1 -998637568 1063489081 1063489081 1063489081 1063489081 15728640 12582912 15728640 15728640 15728640 15728640 0 0 0 0
51 68 184 0 16777215 1 0 0 0 0 0 1 0 1063489081 1063333736 1063333736 1063489081 15728640 12582912 15728640 15728640 15728640 15728640 0 0 0 0
51 68 185 0 16777215 1 0 0 1 0 0 1 0 1063333736 1053236336 1053236336 1063333736 15728640 12582912 15728640 15728640 15728640 15728640 0 0 0 0
52 62 179 0 16777215 0 0 0 0 0 0 0 -998637568 1065353216 1065353216 1065353216 1065353216 6291456 3145728 6291456 9437184 3145728 9437184 0 0 0 0
52 62 180 0 16777215 0 0 0 0 0 0 0 -998637568 1065353216 1065353216 1065353216 1065353216 9437184 6291456 6291456 9437184 6291456 12582912 0 0 0 0
52 62 181 0 16777215 0 0 0 0 0 0 0 -998637568 1065353216 1065353216 1065353216 1065353216 9437184 6291456 9437184 6291456 6291456 12582912 0 0 0 0
52 62 182 0 16777215 0 0 0 0 0 0 0 -998637568 1065353216 1065353216 1065353216 1065353216 6291456 3145728 9437184 6291456 3145728 9437184 0 0 0 0
52 63 175 0 16777215 0 0 0 0 0 0 0 -998637568 1065353216 1065353216 1065353216 1065353216 9437184 6291456 6291456 8388608 6291456 12582912 0 0 0 0
52 63 176 0 16777215 0 0 0 0 0 0 0 -998637568 1065353216 1065353216 1065353216 1065353216 8388608 5242880 9437184 9437184 5242880 11534336 0 0 0 0
52 63 177 0 16777215 0 0 0 0 0 0 0 -998637568 1065353216 1065353216 1065353216 1065353216 9437184 6291456 8388608 9437184 6291456 12582912 0 0 0 0
52 63 178 0 16777215 0 0 0 0 0 0 0 -998637568 1065353216 1065353216 1065353216 1065353216 9437184 6291456 9437184 9437184 6291456 12582912 0 0 0 0
52 63 179 0 16777215 0 0 0 0 0 0 0 -998637568 1065353216 1065353216 1065353216 1065353216 9437184 6291456 9437184 9437184 6291456 12582912 0 0 0 0
52 63 180 0 16777215 0 0 0 0 0 0 0 -998637568 1065353216 1065353216 1065353216 1065353216 9437184 9437184 9437184 9437184 6291456 12582912 0 0 0 0
52 63 181 0 16777215 0 0 0 0 0 0 0 -998637568 1065353216 1065353216 1065353216 1065353216 9437184 9437184 9437184 9437184 6291456 12582912 0 0 0 0
52 63 182 0 16777215 0 0 0 0 0 0 0 -998637568 1065353216 1065353216 1065353216 1065353216 9437184 6291456 9437184 9437184 6291456 12582912 0 0 0 0
52 63 183 0 16777215 0 0 0 0 0 0 0 -998637568 1065353216 1065353216 1065353216 1065353216 9437184 6291456 9437184 9437184 6291456 12582912 0 0 0 0
52 63 184 0 16777215 0 0 0 0 0 0 1 -998637568 1065353216 1065353216 1065353216 1065353216 9437184 6291456 9437184 12582912 6291456 12582912 0 0 0 0
52 63 185 0 16777215 0 0 0 0 0 0 1 -1085730850 1065353216 1065353216 1065353216 1065353216 12582912 9437184 9437184 15728640 9437184 15728640 0 0 0 0
52 63 186 0 16777215 1 0 0 0 0 0 1 -1081231573 1065353216 1065353216 1060692878 1065353216 15728640 12582912 12582912 15728640 12582912 15728640 0 0 0 0
52 63 187 0 16777215 1 0 0 0 0 0 1 -1077342245 1065353216 1065353216 1060692878 1060692878 15728640 12582912 15728640 15728640 12582912 15728640 0 0 0 0
52 63 188 0 16777215 1 0 0 0 0 0 1 -1077342245 1065353216 1065353216 1060692878 1060692878 15728640 12582912 15728640 15728640 12582912 15728640 0 0 0 0
52 64 168 0 16777215 0 0 0 0 0 0 0 -998637568 1065353216 1065353216 1065353216 1065353216 3145728 0 0 3145728 3145728 0 0 0 0 0
52 64 169 0 16777215 0 0 0 0 0 0 0 -998637568 1065353216 1065353216 1065353216 1065353216 3145728 0 3145728 6291456 3145728 0 0 0 0 0
52 64 170 0 16777215 0 0 0 0 0 0 0 -998637568 1065353216 1065353216 1065353216 1065353216 6291456 3145728 3145728 9437184 3145728 9437184 0 0 0 0
52 64 171 0 16777215 0 0 0 0 0 0 0 -998637568 1065353216 1065353216 1065353216 1065353216 9437184 6291456 6291456 9437184 6291456 12582912 0 0 0 0
52 64 172 0 16777215 0 0 0 0 0 0 0 -998637568 1065353216 1065353216 1065353216 1065353216 9437184 6291456 9437184 9437184 6291456 12582912 0 0 0 0
52 64 173 0 16777215 0 0 0 0 0 0 0 -998637568 1065353216 1065353216 1065353216 1065353216 9437184 6291456 9437184 9437184 6291456 12582912 0 0 0 0
52 64 174 0 16777215 0 0 0 0 0 0 0 -998637568 1065353216 1065353216 1065353216 1065353216 9437184 6291456 9437184 9437184 6291456 12582912 0 0 0 0
52 64 175 0 16777215 0 0 0 0 0 0 0 -998637568 1065353216 1065353216 1065353216 1065353216 9437184 9437184 9437184 8388608 6291456 12582912 0 0 0 0
52 64 176 0 16777215 1 0 0 0 0 0 0 -1077342245 1065353216 1065353216 1065353216 1065353216 8388608 8388608 9437184 9437184 5242880 11534336 0 0 0 0
52 64 177 0 16777215 0 0 0 0 0 0 0 -998637568 1065353216 1065353216 1065353216 1065353216 9437184 9437184 8388608 9437184 6291456 12582912 0 0 0 0
52 64 178 0 16777215 0 0 0 0 0 0 0 -998637568 1065353216 1065353216 1065353216 1065353216 9437184 9437184 9437184 9437184 6291456 12582912 0 0 0 0
52 64 179 0 16777215 0 0 0 0 0 0 0 -998637568 1065353216 1065353216 1065353216 1065353216 9437184 9437184 9437184 9437184 6291456 12582912 0 0 0 0
52 64 180 0 16777215 0 0 0 0 0 0 0 -998637568 1065353216 1065353216 1065353216 1065353216 9437184 9437184 9437184 9437184 6291456 12582912 0 0 0 0
52 64 181 0 16777215 0 0 0 0 0 0 0 -998637568 1065353216 1065353216 1065353216 1065353216 9437184 9437184 9437184 9437184 6291456 12582912 0 0 0 0
52 64 182 0 16777215 0 0 0 0 0 0 0 -998637568 1065353216 1065353216 1065353216 1065353216 9437184 9437184 9437184 9437184 6291456 12582912 0 0 0 0
52 64 183 0 16777215 0 0 0 0 0 0 0 -998637568 1065353216 1065353216 1065353216 1065353216 9437184 9437184 9437184 9437184 6291456 12582912 0 0 0 0
52 64 184 0 16777215 0 0 0 0 0 0 1 -998637568 1065353216 1065353216 1065353216 1065353216 9437184 9437184 9437184 12582912 9437184 12582912 0 0 0 0
52 64 185 0 16777215 0 0 0 1 0 1 1 -1085730850 1065353216 1065353216 1065353216 1065353216 12582912 12582912 9437184 15728640 12582912 15728640 0 0 0 0
52 65 168 0 16777215 0 0 0 0 0 0 0 -998637568 1065353216 1065353216 1065353216 1065353216 6291456 3145728 0 6291456 6291456 0 0 0 0 0
52 65 169 0 16777215 0 0 0 0 0 0 0 -998637568 1065353216 1065353216 1065353216 1065353216 6291456 3145728 6291456 9437184 6291456 9437184 0 0 0 0
52 65 170 0 16777215 0 0 0 0 0 0 0 -998637568 1065353216 1065353216 1065353216 1065353216 9437184 6291456 6291456 9437184 6291456 12582912 0 0 0 0
52 65 171 0 16777215 0 0 0 0 0 0 0 -998637568 1065353216 1065353216 1065353216 1065353216 9437184 9437184 9437184 9437184 6291456 12582912 0 0 0 0
52 65 172 0 16777215 0 0 0 0 0 0 0 -998637568 1065353216 1065353216 1065353216 1065353216 9437184 9437184 9437184 9437184 6291456 12582912 0 0 0 0
52 65 173 0 16777215 0 0 0 0 0 0 0 -998637568 1065353216 1065353216 1065353216 1065353216 9437184 9437184 9437184 9437184 6291456 12582912 0 0 0 0
52 65 174 0 16777215 0 0 0 0 0 0 0 -998637568 1065353216 1065353216 1065353216 1065353216 9437184 9437184 9437184 9437184 6291456 12582912 0 0 0 0
52 65 175 0 16777215 0 0 0 0 0 0 0 -998637568 1065353216 1065353216 1065353216 1065353216 9437184 9437184 9437184 9437184 6291456 12582912 0 0 0 0
52 65 177 0 16777215 0 0 0 0 0 0 0 -998637568 1065353216 1065353216 1065353216 1065353216 9437184 9437184 9437184 9437184 6291456 12582912 0 0 0 0
52 65 178 0 16777215 0 0 0 0 0 0 0 -998637568 1065353216 1065353216 1065353216 1065353216 9437184 9437184 9437184 9437184 6291456 12582912 0 0 0 0
52 65 179 0 16777215 0 0 0 0 0 0 0 -998637568 1065353216 1065353216 1065353216 1065353216 9437184 9437184 9437184 9437184 6291456 12582912 0 0 0 0
52 65 180 0 16777215 0 0 0 0 0 0 0 -998637568 1065353216 1065353216 1065353216 1065353216 9437184 9437184 9437184 9437184 6291456 12582912 0 0 0 0
52 65 181 0 16777215 0 0 0 0 0 0 0 -998637568 1065353216 1065353216 1065353216 1065353216 9437184 9437184 9437184 9437184 6291456 12582912 0 0 0 0
52 65 182 0 16777215 0 0 0 0 0 0 0 -998637568 1065353216 1065353216 1065353216 1065353216 9437184 9437184 9437184 9437184 6291456 12582912 0 0 0 0
52 65 183 0 16777215 0 0 0 0 0 0 0 -998637568 1065353216 1065353216 1065353216 1065353216 9437184 9437184 9437184 9437184 6291456 12582912 0 0 0 0
52 65 184 0 16777215 0 0 0 0 0 0 1 -998637568 1065353216 1065353216 1065353216 1065353216 9437184 9437184 9437184 12582912 9437184 12582912 0 0 0 0
52 65 185 0 16777215 0 0 0 1 0 1 1 -998637568 1065353216 1065353216 1065353216 1065353216 12582912 12582912 9437184 15728640 12582912 15728640 0 0 0 0
52 66 168 0 16777215 0 0 0 0 0 0 1 -998637568 1065353216 1065353216 1065353216 1065353216 9437184 6291456 0 9437184 9437184 12582912 0 0 0 0
52 66 169 0 16777215 0 0 0 0 0 0 0 -998637568 1065353216 1065353216 1065353216 1065353216 9437184 6291456 9437184 9437184 9437184 12582912 0 0 0 0
52 66 170 0 16777215 0 0 0 0 0 0 0 -998637568 1065353216 1065353216 1065353216 1065353216 9437184 9437184 9437184 9437184 9437184 12582912 0 0 0 0
52 66 171 0 16777215 0 0 0 0 0 0 0 -998637568 1065353216 1065353216 1065353216 1065353216 9437184 9437184 9437184 9437184 9437184 12582912 0 0 0 0
52 66 172 0 16777215 0 0 0 0 0 0 0 -998637568 1065353216 1065353216 1065353216 1065353216 9437184 9437184 9437184 9437184 9437184 12582912 0 0 0 0
52 66 173 0 16777215 0 0 0 0 0 0 0 -998637568 1065353216 1065353216 1065353216 1065353216 9437184 9437184 9437184 9437184 9437184 12582912 0 0 0 0
52 66 174 0 16777215 0 0 0 0 0 0 0 -998637568 1065353216 1065353216 1065353216 1065353216 9437184 9437184 9437184 9437184 9437184 12582912 0 0 0 0
52 66 175 0 16777215 0 0 0 0 0 0 0 -998637568 1065353216 1065353216 1065353216 1065353216 9437184 9437184 9437184 9437184 9437184 12582912 0 0 0 0
52 66 176 0 16777215 0 0 0 0 0 0 0 -998637568 1065353216 1065353216 1065353216 1065353216 9437184 9437184 9437184 9437184 9437184 12582912 0 0 0 0
52 66 177 0 16777215 0 0 0 0 0 0 0 -998637568 1065353216 1065353216 1065353216 1065353216 9437184 9437184 9437184 9437184 9437184 12582912 0 0 0 0
52 66 178 0 16777215 0 0 0 0 0 0 0 -998637568 1065353216 1065353216 1065353216 1065353216 9437184 9437184 9437184 9437184 9437184 12582912 0 0 0 0
52 66 179 0 16777215 0 0 0 0 0 0 0 -998637568 1065353216 1065353216 1065353216 1065353216 9437184 9437184 9437184 9437184 9437184 12582912 0 0 0 0
52 66 180 0 16777215 0 0 0 0 0 0 0 -998637568 1065353216 1065353216 1065353216 1065353216 9437184 9437184 9437184 9437184 9437184 12582912 0 0 0 0
52 66 181 0 16777215 0 0 0 0 0 0 0 -998637568 1065353216 1065353216 1065353216 1065353216 9437184 9437184 9437184 9437184 9437184 12582912 0 0 0 0
52 66 182 0 16777215 0 0 0 0 0 0 0 -998637568 1065353216 1065353216 1065353216 1065353216 9437184 9437184 9437184 9437184 9437184 12582912 0 0 0 0
52 66 183 0 16777215 0 0 0 0 0 0 0 -998637568 1065353216 1065353216 1065353216 1065353216 9437184 9437184 9437184 9437184 9437184 12582912 0 0 0 0
52 66 184 0 16777215 0 0 0 0 0 0 1 -998637568 1065353216 1065353216 1065353216 1065353216 9437184 9437184 9437184 12582912 9437184 12582912 0 0 0 0
52 66 185 0 16777215 0 0 0 1 0 1 1 -998637568 1065353216 1065353216 1065353216 1065353216 12582912 12582912 9437184 15728640 12582912 15728640 0 0 0 0
52 67 168 0 16777215 0 0 0 0 0 0 1 -998637568 1065353216 1065353216 1065353216 1065353216 12582912 9437184 15728640 12582912 12582912 12582912 0 0 0 0
52 67 169 0 16777215 0 0 0 0 0 0 0 -998637568 1065353216 1065353216 1065353216 1065353216 12582912 9437184 12582912 12582912 12582912 12582912 0 0 0 0
52 67 170 0 16777215 0 0 0 0 0 0 0 -998637568 1065353216 1065353216 1065353216 1065353216 12582912 9437184 12582912 12582912 12582912 12582912 0 0 0 0
52 67 171 0 16777215 0 0 0 0 0 0 0 -998637568 1065353216 1065353216 1065353216 1065353216 12582912 9437184 12582912 12582912 12582912 12582912 0 0 0 0
52 67 172 0 16777215 0 0 0 0 0 0 0 -998637568 1065353216 1065353216 1065353216 1065353216 12582912 9437184 12582912 12582912 12582912 12582912 0 0 0 0
52 67 173 0 16777215 0 0 0 0 0 0 0 -998637568 1065353216 1065353216 1065353216 1065353216 12582912 9437184 12582912 12582912 12582912 12582912 0 0 0 0
52 67 174 0 16777215 0 0 0 0 0 0 0 -998637568 1065353216 1065353216 1065353216 1065353216 12582912 9437184 12582912 12582912 12582912 12582912 0 0 0 0
52 67 175 0 16777215 0 0 0 0 0 0 0 -998637568 1065353216 1065353216 1065353216 1065353216 12582912 9437184 12582912 12582912 12582912 12582912 0 0 0 0
52 67 176 0 16777215 0 0 0 0 0 0 0 -998637568 1065353216 1065353216 1065353216 1065353216 12582912 9437184 12582912 12582912 12582912 12582912 0 0 0 0
52 67 177 0 16777215 0 0 0 0 0 0 0 -998637568 1065353216 1065353216 1065353216 1065353216 12582912 9437184 12582912 12582912 12582912 12582912 0 0 0 0
52 67 178 0 16777215 0 0 0 0 0 0 0 -998637568 1065353216 1065353216 1065353216 1065353216 12582912 9437184 12582912 12582912 12582912 12582912 0 0 0 0
52 67 179 0 16777215 0 0 0 0 0 0 0 -998637568 1065353216 1065353216 1065353216 1065353216 12582912 9437184 12582912 12582912 12582912 12582912 0 0 0 0
52 67 180 0 16777215 0 0 0 0 0 0 0 -998637568 1065353216 1065353216 1065353216 1065353216 12582912 9437184 12582912 12582912 12582912 12582912 0 0 0 0
52 67 181 0 16777215 0 0 0 0 0 0 0 -998637568 1065353216 1065353216 1065353216 1065353216 12582912 9437184 12582912 12582912 12582912 12582912 0 0 0 0
52 67 182 0 16777215 0 0 0 0 0 0 0 -998637568 1065353216 1065353216 1065353216 1065353216 12582912 9437184 12582912 12582912 12582912 12582912 0 0 0 0
52 67 183 0 16777215 0 0 0 0 0 0 0 -998637568 1065353216 1065353216 1065353216 1065353216 12582912 9437184 12582912 12582912 12582912 12582912 0 0 0 0
52 67 184 0 16777215 0 0 0 0 0 0 1 -998637568 1065353216 1065353216 1065353216 1065353216 12582912 9437184 12582912 12582912 12582912 12582912 0 0 0 0
52 67 185 0 16777215 0 0 0 1 0 1 1 -998637568 1065353216 1065353216 1065353216 1065353216 12582912 12582912 12582912 15728640 12582912 15728640 0 0 0 0
52 68 168 0 16777215 1 0 1 0 0 0 1 -1077342245 1062840686 1063489081 1063333736 1061225488 15728640 12582912 15728640 15728640 15728640 15728640 0 0 0 0
52 68 169 0 16777215 1 0 0 0 0 0 1 -1077342245 1063489081 1063489081 1063333736 1063333736 15728640 12582912 15728640 15728640 15728640 15728640 0 0 0 0
52 68 170 0 16777215 1 0 0 0 0 0 1 -1077342245 1063489081 1063489081 1063333736 1063333736 15728640 12582912 15728640 15728640 15728640 15728640 0 0 0 0
52 68 171 0 16777215 1 0 0 0 0 0 1 -1077342245 1063489081 1063489081 1063333736 1063333736 15728640 12582912 15728640 15728640 15728640 15728640 0 0 0 0
52 68 172 0 16777215 1 0 0 0 0 0 1 -1077342245 1063489081 1063489081 1063333736 1063333736 15728640 12582912 15728640 15728640 15728640 15728640 0 0 0 0
52 68 173 0 16777215 1 0 0 0 0 0 1 -1077342245 1063489081 1063489081 1063333736 1063333736 15728640 12582912 15728640 15728640 15728640 15728640 0 0 0 0
52 68 174 0 16777215 1 0 0 0 0 0 1 -1077342245 1063489081 1063489081 1063333736 1063333736 15728640 12582912 15728640 15728640 15728640 15728640 0 0 0 0
52 68 175 0 16777215 1 0 0 0 0 0 1 -1077342245 1063489081 1063489081 1063333736 1063333736 15728640 12582912 15728640 15728640 15728640 15728640 0 0 0 0
52 68 176 0 16777215 1 0 0 0 0 0 1 -1077342245 1063489081 1063489081 1063333736 1063333736 15728640 12582912 15728640 15728640 15728640 15728640 0 0 0 0
52 68 177 0 16777215 1 0 0 0 0 0 1 -1077342245 1063489081 1063489081 1063333736 1063333736 15728640 12582912 15728640 15728640 15728640 15728640 0 0 0 0
52 68 178 0 16777215 1 0 0 0 0 0 1 -1077342245 1063489081 1063489081 1063333736 1063333736 15728640 12582912 15728640 15728640 15728640 15728640 0 0 0 0
52 68 179 0 16777215 1 0 0 0 0 0 1 -1077342245 1063489081 1063489081 1063333736 1063333736 15728640 12582912 15728640 15728640 15728640 15728640 0 0 0 0
52 68 180 0 16777215 1 0 0 0 0 0 1 -1077342245 1063489081 1063489081 1063333736 1063333736 15728640 12582912 15728640 15728640 15728640 15728640 0 0 0 0
52 68 181 0 16777215 1 0 0 0 0 0 1 -1077342245 1063489081 1063489081 1063333736 1063333736 15728640 12582912 15728640 15728640 15728640 15728640 0 0 0 0
52 68 182 0 16777215 1 0 0 0 0 0 1 -1077342245 1063489081 1063489081 1063333736 1063333736 15728640 12582912 15728640 15728640 15728640 15728640 0 0 0 0
52 68 183 0 16777215 1 0 0 0 0 0 1 -1077342245 1063489081 1063489081 1063333736 1063333736 15728640 12582912 15728640 15728640 15728640 15728640 0 0 0 0
52 68 184 0 16777215 1 0 0 0 0 0 1 -1085730850 1063489081 1063333736 1062157556 1063333736 15728640 12582912 15728640 15728640 15728640 15728640 0 0 0 0
52 68 185 0 16777215 1 0 0 1 0 1 1 0 1063333736 1053236336 1044847728 1062157556 15728640 12582912 15728640 15728640 15728640 15728640 0 0 0 0
53 63 175 0 16777215 0 0 0 0 0 0 1 -1077342245 1065353216 1065353216 1065353216 1065353216 12582912 9437184 9437184 11534336 9437184 15728640 0 0 0 0
53 63 176 0 16777215 0 0 0 0 0 0 1 -1077342245 1065353216 1065353216 1065353216 1065353216 11534336 8388608 12582912 12582912 8388608 14680064 0 0 0 0
53 63 177 0 16777215 0 0 0 0 0 0 1 -1077342245 1065353216 1065353216 1065353216 1065353216 12582912 9437184 11534336 12582912 9437184 15728640 0 0 0 0
53 63 178 0 16777215 0 0 0 0 0 0 1 -1077342245 1065353216 1065353216 1065353216 1065353216 12582912 9437184 12582912 12582912 9437184 15728640 0 0 0 0
53 63 179 0 16777215 0 0 0 0 0 0 1 -1077342245 1065353216 1065353216 1065353216 1065353216 12582912 9437184 12582912 12582912 9437184 15728640 0 0 0 0
53 63 180 0 16777215 0 0 0 0 0 1 1 -998637568 1065353216 1065353216 1065353216 1065353216 12582912 12582912 12582912 12582912 9437184 15728640 0 0 0 0
53 63 181 0 16777215 0 0 0 0 0 1 1 -998637568 1065353216 1065353216 1065353216 1065353216 12582912 12582912 12582912 12582912 9437184 15728640 0 0 0 0
53 63 182 0 16777215 0 0 0 0 0 0 1 -1077342245 1065353216 1065353216 1065353216 1065353216 12582912 9437184 12582912 12582912 9437184 15728640 0 0 0 0
53 63 183 0 16777215 0 0 0 0 0 0 1 -1077342245 1065353216 1065353216 1065353216 1065353216 12582912 9437184 12582912 12582912 9437184 15728640 0 0 0 0
53 63 184 0 16777215 0 0 0 0 0 0 1 -1085730850 1065353216 1065353216 1065353216 1065353216 12582912 9437184 12582912 15728640 9437184 15728640 0 0 0 0
53 63 185 0 16777215 1 0 0 0 0 0 1 -1085730850 1065353216 1065353216 1059760810 1065353216 15728640 12582912 12582912 15728640 12582912 15728640 0 0 0 0
53 63 186 0 16777215 1 0 0 0 0 0 1 -1081231573 1065353216 1060692878 1058828743 1059760810 15728640 12582912 15728640 15728640 15728640 15728640 0 0 0 0
53 63 187 0 16777215 1 0 0 0 0 0 1 -1077342245 1060692878 1060692878 1059139432 1058828743 15728640 12582912 15728640 15728640 15728640 15728640 0 0 0 0
53 63 188 0 16777215 1 0 0 0 0 0 1 -1077342245 1060692878 1060692878 1059760810 1059139432 15728640 12582912 15728640 15728640 15728640 15728640 0 0 0 0
53 64 171 0 16777215 0 0 0 0 0 0 1 -1077342245 1065353216 1065353216 1065353216 1065353216 12582912 9437184 9437184 12582912 9437184 15728640 0 0 0 0
53 64 172 0 16777215 0 0 0 0 0 0 1 -1077342245 1065353216 1065353216 1065353216 1065353216 12582912 9437184 12582912 12582912 9437184 15728640 0 0 0 0
53 64 173 0 16777215 0 0 0 0 0 0 1 -1077342245 1065353216 1065353216 1065353216 1065353216 12582912 9437184 12582912 12582912 9437184 15728640 0 0 0 0
53 64 174 0 16777215 0 0 0 0 0 0 1 -1077342245 1065353216 1065353216 1065353216 1065353216 12582912 9437184 12582912 12582912 9437184 15728640 0 0 0 0
53 64 175 0 16777215 0 0 0 0 0 1 1 -1078270492 1065353216 1065353216 1065353216 1065353216 12582912 12582912 12582912 11534336 9437184 15728640 0 0 0 0
53 64 176 0 16777215 1 0 0 0 0 1 1 -1077342245 1065353216 1065353216 1065353216 1065353216 11534336 11534336 12582912 12582912 8388608 14680064 0 0 0 0
53 64 177 0 16777215 0 0 0 0 0 1 1 -1076413998 1065353216 1065353216 1065353216 1065353216 12582912 12582912 11534336 12582912 9437184 15728640 0 0 0 0
53 64 178 0 16777215 0 0 0 0 0 1 1 -1077342245 1065353216 1065353216 1065353216 1065353216 12582912 12582912 12582912 12582912 9437184 15728640 0 0 0 0
53 64 179 0 16777215 0 0 0 0 0 1 1 -1077342245 1065353216 1065353216 1065353216 1065353216 12582912 12582912 12582912 12582912 9437184 15728640 0 0 0 0
53 64 180 0 16777215 0 0 0 0 0 1 1 -998637568 1065353216 1065353216 1065353216 1065353216 12582912 12582912 12582912 12582912 9437184 15728640 0 0 0 0
53 64 181 0 16777215 0 0 0 0 0 1 1 -998637568 1065353216 1065353216 1065353216 1065353216 12582912 12582912 12582912 12582912 9437184 15728640 0 0 0 0
53 64 182 0 16777215 0 0 0 0 0 1 1 -1077342245 1065353216 1065353216 1065353216 1065353216 12582912 12582912 12582912 12582912 9437184 15728640 0 0 0 0
53 64 183 0 16777215 0 0 0 0 0 1 1 -1077342245 1065353216 1065353216 1065353216 1065353216 12582912 12582912 12582912 12582912 9437184 15728640 0 0 0 0
53 64 184 0 16777215 0 0 0 1 0 1 1 -1085730850 1065353216 1065353216 1065353216 1065353216 12582912 12582912 12582912 15728640 9437184 15728640 0 0 0 0
53 65 170 0 16777215 0 0 0 0 0 0 1 -1077342245 1065353216 1065353216 1065353216 1065353216 12582912 9437184 9437184 12582912 9437184 15728640 0 0 0 0
53 65 171 0 16777215 0 0 0 0 0 1 1 -1077342245 1065353216 1065353216 1065353216 1065353216 12582912 12582912 12582912 12582912 9437184 15728640 0 0 0 0
53 65 172 0 16777215 0 0 0 0 0 1 1 -1077342245 1065353216 1065353216 1065353216 1065353216 12582912 12582912 12582912 12582912 9437184 15728640 0 0 0 0
53 65 173 0 16777215 0 0 0 0 0 1 1 -1077342245 1065353216 1065353216 1065353216 1065353216 12582912 12582912 12582912 12582912 9437184 15728640 0 0 0 0
53 65 174 0 16777215 0 0 0 0 0 1 1 -1077342245 1065353216 1065353216 1065353216 1065353216 12582912 12582912 12582912 12582912 9437184 15728640 0 0 0 0
53 65 175 0 16777215 0 0 0 0 0 1 1 -998637568 1065353216 1065353216 1065353216 1065353216 12582912 12582912 12582912 12582912 9437184 15728640 0 0 0 0
53 65 177 0 16777215 0 0 0 0 0 1 1 -998637568 1065353216 1065353216 1065353216 1065353216 12582912 12582912 12582912 12582912 9437184 15728640 0 0 0 0
53 65 178 0 16777215 0 0 0 0 0 1 1 -998637568 1065353216 1065353216 1065353216 1065353216 12582912 12582912 12582912 12582912 9437184 15728640 0 0 0 0
53 65 179 0 16777215 0 0 0 0 0 1 1 -998637568 1065353216 1065353216 1065353216 1065353216 12582912 12582912 12582912 12582912 9437184 15728640 0 0 0 0
53 65 180 0 16777215 0 0 0 0 0 1 1 -998637568 1065353216 1065353216 1065353216 1065353216 12582912 12582912 12582912 12582912 9437184 15728640 0 0 0 0
53 65 181 0 16777215 0 0 0 0 0 1 1 -998637568 1065353216 1065353216 1065353216 1065353216 12582912 12582912 12582912 12582912 9437184 15728640 0 0 0 0
53 65 182 0 16777215 0 0 0 0 0 1 1 -998637568 1065353216 1065353216 1065353216 1065353216 12582912 12582912 12582912 12582912 9437184 15728640 0 0 0 0
53 65 183 0 16777215 0 0 0 0 0 1 1 -998637568 1065353216 1065353216 1065353216 1065353216 12582912 12582912 12582912 12582912 9437184 15728640 0 0 0 0
53 65 184 0 16777215 0 0 0 1 0 1 1 -998637568 1065353216 1065353216 1065353216 1065353216 12582912 12582912 12582912 15728640 9437184 15728640 0 0 0 0
53 66 169 0 16777215 0 0 0 0 0 0 1 -1077342245 1065353216 1065353216 1065353216 1065353216 12582912 9437184 12582912 12582912 9437184 15728640 0 0 0 0
53 66 170 0 16777215 0 0 0 0 0 1 1 -1077342245 1065353216 1065353216 1065353216 1065353216 12582912 12582912 12582912 12582912 9437184 15728640 0 0 0 0
53 66 171 0 16777215 0 0 0 0 0 1 1 -998637568 1065353216 1065353216 1065353216 1065353216 12582912 12582912 12582912 12582912 9437184 15728640 0 0 0 0
53 66 172 0 16777215 0 0 0 0 0 1 1 -998637568 1065353216 1065353216 1065353216 1065353216 12582912 12582912 12582912 12582912 9437184 15728640 0 0 0 0
53 66 173 0 16777215 0 0 0 0 0 1 1 -998637568 1065353216 1065353216 1065353216 1065353216 12582912 12582912 12582912 12582912 9437184 15728640 0 0 0 0
53 66 174 0 16777215 0 0 0 0 0 1 1 -998637568 1065353216 1065353216 1065353216 1065353216 12582912 12582912 12582912 12582912 9437184 15728640 0 0 0 0
53 66 175 0 16777215 0 0 0 0 0 1 1 -998637568 1065353216 1065353216 1065353216 1065353216 12582912 12582912 12582912 12582912 9437184 15728640 0 0 0 0
53 66 176 0 16777215 0 0 0 0 0 1 1 -998637568 1065353216 1065353216 1065353216 1065353216 12582912 12582912 12582912 12582912 9437184 15728640 0 0 0 0
53 66 177 0 16777215 0 0 0 0 0 1 1 -998637568 1065353216 1065353216 1065353216 1065353216 12582912 12582912 12582912 12582912 9437184 15728640 0 0 0 0
53 66 178 0 16777215 0 0 0 0 0 1 1 -998637568 1065353216 1065353216 1065353216 1065353216 12582912 12582912 12582912 12582912 9437184 15728640 0 0 0 0
53 66 179 0 16777215 0 0 0 0 0 1 1 -998637568 1065353216 1065353216 1065353216 1065353216 12582912 12582912 12582912 12582912 9437184 15728640 0 0 0 0
53 66 180 0 16777215 0 0 0 0 0 1 1 -998637568 1065353216 1065353216 1065353216 1065353216 12582912 12582912 12582912 12582912 9437184 15728640 0 0 0 0
53 66 181 0 16777215 0 0 0 0 0 1 1 -998637568 1065353216 1065353216 1065353216 1065353216 12582912 12582912 12582912 12582912 9437184 15728640 0 0 0 0
53 66 182 0 16777215 0 0 0 0 0 1 1 -998637568 1065353216 1065353216 1065353216 1065353216 12582912 12582912 12582912 12582912 9437184 15728640 0 0 0 0
53 66 183 0 16777215 0 0 0 0 0 1 1 -998637568 1065353216 1065353216 1065353216 1065353216 12582912 12582912 12582912 12582912 9437184 15728640 0 0 0 0
53 66 184 0 16777215 0 0 0 1 0 1 1 -998637568 1065353216 1065353216 1065353216 1065353216 12582912 12582912 12582912 15728640 9437184 15728640 0 0 0 0
53 67 168 0 16777215 0 0 1 0 0 0 1 -1077342245 1065353216 1065353216 1065353216 1065353216 12582912 12582912 15728640 12582912 12582912 15728640 0 0 0 0
53 67 169 0 16777215 0 0 0 0 0 1 1 -1077342245 1065353216 1065353216 1065353216 1065353216 12582912 12582912 12582912 12582912 12582912 15728640 0 0 0 0
53 67 170 0 16777215 0 0 0 0 0 1 1 -998637568 1065353216 1065353216 1065353216 1065353216 12582912 12582912 12582912 12582912 12582912 15728640 0 0 0 0
53 67 171 0 16777215 0 0 0 0 0 1 1 -998637568 1065353216 1065353216 1065353216 1065353216 12582912 12582912 12582912 12582912 12582912 15728640 0 0 0 0
53 67 172 0 16777215 0 0 0 0 0 1 1 -998637568 1065353216 1065353216 1065353216 1065353216 12582912 12582912 12582912 12582912 12582912 15728640 0 0 0 0
53 67 173 0 16777215 0 0 0 0 0 1 1 -998637568 1065353216 1065353216 1065353216 1065353216 12582912 12582912 12582912 12582912 12582912 15728640 0 0 0 0
53 67 174 0 16777215 0 0 0 0 0 1 1 -998637568 1065353216 1065353216 1065353216 1065353216 12582912 12582912 12582912 12582912 12582912 15728640 0 0 0 0
53 67 175 0 16777215 0 0 0 0 0 1 1 -998637568 1065353216 1065353216 1065353216 1065353216 12582912 12582912 12582912 12582912 12582912 15728640 0 0 0 0
53 67 176 0 16777215 0 0 0 0 0 1 1 -998637568 1065353216 1065353216 1065353216 1065353216 12582912 12582912 12582912 12582912 12582912 15728640 0 0 0 0
53 67 177 0 16777215 0 0 0 0 0 1 1 -998637568 1065353216 1065353216 1065353216 1065353216 12582912 12582912 12582912 12582912 12582912 15728640 0 0 0 0
53 67 178 0 16777215 0 0 0 0 0 1 1 -998637568 1065353216 1065353216 1065353216 1065353216 12582912 12582912 12582912 12582912 12582912 15728640 0 0 0 0
53 67 179 0 16777215 0 0 0 0 0 1 1 -998637568 1065353216 1065353216 1065353216 1065353216 12582912 12582912 12582912 12582912 12582912 15728640 0 0 0 0
53 67 180 0 16777215 0 0 0 0 0 1 1 -998637568 1065353216 1065353216 1065353216 1065353216 12582912 12582912 12582912 12582912 12582912 15728640 0 0 0 0
53 67 181 0 16777215 0 0 0 0 0 1 1 -998637568 1065353216 1065353216 1065353216 1065353216 12582912 12582912 12582912 12582912 12582912 15728640 0 0 0 0
53 67 182 0 16777215 0 0 0 0 0 1 1 -998637568 1065353216 1065353216 1065353216 1065353216 12582912 12582912 12582912 12582912 12582912 15728640 0 0 0 0
53 67 183 0 16777215 0 0 0 0 0 1 1 -998637568 1065353216 1065353216 1065353216 1065353216 12582912 12582912 12582912 12582912 12582912 15728640 0 0 0 0
53 67 184 0 16777215 0 0 0 1 0 1 1 -998637568 1065353216 1065353216 1065353216 1065353216 12582912 12582912 12582912 15728640 12582912 15728640 0 0 0 0
53 68 168 0 16777215 1 0 1 0 0 1 1 -1077342245 1061225488 1063333736 1053236336 1044847728 15728640 12582912 15728640 15728640 15728640 15728640 0 0 0 0
53 68 169 0 16777215 1 0 0 0 0 1 1 -1077342245 1063333736 1063333736 1053236336 1053236336 15728640 12582912 15728640 15728640 15728640 15728640 0 0 0 0
53 68 170 0 16777215 1 0 0 0 0 1 1 -1077342245 1063333736 1063333736 1053236336 1053236336 15728640 12582912 15728640 15728640 15728640 15728640 0 0 0 0
53 68 171 0 16777215 1 0 0 0 0 1 1 -1077342245 1063333736 1063333736 1053236336 1053236336 15728640 12582912 15728640 15728640 15728640 15728640 0 0 0 0
53 68 172 0 16777215 1 0 0 0 0 1 1 -1077342245 1063333736 1063333736 1053236336 1053236336 15728640 12582912 15728640 15728640 15728640 15728640 0 0 0 0
53 68 173 0 16777215 1 0 0 0 0 1 1 -1077342245 1063333736 1063333736 1053236336 1053236336 15728640 12582912 15728640 15728640 15728640 15728640 0 0 0 0
53 68 174 0 16777215 1 0 0 0 0 1 1 -1077342245 1063333736 1063333736 1053236336 1053236336 15728640 12582912 15728640 15728640 15728640 15728640 0 0 0 0
53 68 175 0 16777215 1 0 0 0 0 1 1 -1077342245 1063333736 1063333736 1053236336 1053236336 15728640 12582912 15728640 15728640 15728640 15728640 0 0 0 0
53 68 176 0 16777215 1 0 0 0 0 1 1 -1077342245 1063333736 1063333736 1053236336 1053236336 15728640 12582912 15728640 15728640 15728640 15728640 0 0 0 0
53 68 177 0 16777215 1 0 0 0 0 1 1 -1077342245 1063333736 1063333736 1053236336 1053236336 15728640 12582912 15728640 15728640 15728640 15728640 0 0 0 0
53 68 178 0 16777215 1 0 0 0 0 1 1 -1077342245 1063333736 1063333736 1053236336 1053236336 15728640 12582912 15728640 15728640 15728640 15728640 0 0 0 0
53 68 179 0 16777215 1 0 0 0 0 1 1 -1077342245 1063333736 1063333736 1053236336 1053236336 15728640 12582912 15728640 15728640 15728640 15728640 0 0 0 0
53 68 180 0 16777215 1 0 0 0 0 1 1 -1077342245 1063333736 1063333736 1053236336 1053236336 15728640 12582912 15728640 15728640 15728640 15728640 0 0 0 0
53 68 181 0 16777215 1 0 0 0 0 1 1 -1077342245 1063333736 1063333736 1053236336 1053236336 15728640 12582912 15728640 15728640 15728640 15728640 0 0 0 0
53 68 182 0 16777215 1 0 0 0 0 1 1 -1077342245 1063333736 1063333736 1053236336 1053236336 15728640 12582912 15728640 15728640 15728640 15728640 0 0 0 0
53 68 183 0 16777215 1 0 0 0 0 1 1 -1077342245 1063333736 1063333736 1053236336 1053236336 15728640 12582912 15728640 15728640 15728640 15728640 0 0 0 0
53 68 184 0 16777215 1 0 0 1 0 1 1 -1077342245 1063333736 1062157556 1044847728 1053236336 15728640 12582912 15728640 15728640 15728640 15728640 0 0 0 0
54 63 174 0 16777215 0 0 0 0 0 0 1 -1085730850 1065353216 1065353216 1065353216 1065353216 12582912 9437184 12582912 15728640 9437184 15728640 0 0 0 0
54 63 175 0 16777215 1 0 0 0 0 0 1 -1081231573 1065353216 1065353216 1060692878 1065353216 15728640 12582912 12582912 14680064 12582912 15728640 0 0 0 0
54 63 176 0 16777215 1 0 0 0 0 0 1 -1077342245 1065353216 1065353216 1060692878 1060692878 14680064 11534336 15728640 15728640 11534336 14680064 0 0 0 0
54 63 177 0 16777215 1 0 0 0 0 0 1 -1077342245 1065353216 1065353216 1060692878 1060692878 15728640 12582912 14680064 15728640 12582912 15728640 0 0 0 0
54 63 178 0 16777215 1 0 0 0 0 0 1 -1077342245 1065353216 1065353216 1060692878 1060692878 15728640 12582912 15728640 15728640 12582912 15728640 0 0 0 0
54 63 179 0 16777215 1 0 0 1 0 0 1 -1077342245 1065353216 1065353216 1052304270 1060692878 15728640 12582912 15728640 15728640 12582912 15728640 0 0 0 0
54 63 182 0 16777215 1 0 1 0 0 1 1 -1077342245 1065353216 1065353216 1053236336 1044847728 15728640 12582912 15728640 15728640 12582912 15728640 0 0 0 0
54 63 183 0 16777215 1 0 0 0 0 1 1 -1077342245 1065353216 1065353216 1053236336 1053236336 15728640 12582912 15728640 15728640 12582912 15728640 0 0 0 0
54 63 184 0 16777215 1 0 0 0 0 1 1 -1085730850 1065353216 1065353216 1052304268 1053236336 15728640 12582912 15728640 15728640 12582912 15728640 0 0 0 0
54 63 185 0 16777215 1 0 0 0 0 1 1 -1091738944 1065353216 1059760810 1053857716 1052304268 15728640 12582912 15728640 15728640 15728640 15728640 0 0 0 0
54 63 186 0 16777215 1 0 0 0 0 0 1 -1085730850 1059760810 1058828743 1057896676 1053857716 15728640 12582912 15728640 15728640 15728640 15728640 0 0 0 0
54 63 187 0 16777215 1 0 0 0 0 0 1 -1077342245 1058828743 1059139432 1057896676 1057896676 15728640 12582912 15728640 15728640 15728640 15728640 0 0 0 0
54 64 170 0 16777215 0 0 0 0 0 0 1 -1085730850 1065353216 1065353216 1065353216 1065353216 12582912 9437184 12582912 15728640 9437184 15728640 0 0 0 0
54 64 171 0 16777215 1 0 0 0 0 0 1 -1081231573 1065353216 1065353216 1060692878 1065353216 15728640 12582912 12582912 15728640 12582912 15728640 0 0 0 0
54 64 172 0 16777215 1 0 0 0 0 0 1 -1077342245 1065353216 1065353216 1060692878 1060692878 15728640 12582912 15728640 15728640 12582912 15728640 0 0 0 0
54 64 173 0 16777215 1 0 0 0 0 0 1 -1077342245 1065353216 1065353216 1057896676 1060692878 15728640 12582912 15728640 15728640 12582912 15728640 0 0 0 0
54 64 174 0 16777215 1 0 0 1 0 1 1 -1084745082 1065353216 1065353216 1044847728 1057896676 15728640 12582912 15728640 15728640 12582912 15728640 0 0 0 0
54 65 169 0 16777215 0 0 0 0 0 1 1 0 1065353216 1065353216 1065353216 1065353216 12582912 12582912 12582912 15728640 9437184 15728640 0 0 0 0
54 65 170 0 16777215 1 0 0 1 0 1 1 -1085730850 1065353216 1065353216 1044847728 1065353216 15728640 12582912 12582912 15728640 12582912 15728640 0 0 0 0
54 66 168 0 16777215 0 0 0 0 0 1 1 0 1065353216 1065353216 1065353216 1065353216 12582912 12582912 15728640 15728640 12582912 15728640 0 0 0 0
54 66 169 0 16777215 1 0 0 1 0 1 1 -1109221552 1065353216 1065353216 1044847728 1065353216 15728640 12582912 12582912 15728640 12582912 15728640 0 0 0 0
54 67 168 0 16777215 1 0 1 1 0 1 1 -1107382608 1065353216 1065353216 1044847728 1044847728 15728640 12582912 15728640 15728640 12582912 15728640 0 0 0 0
55 63 172 0 16777215 0 0 0 0 0 0 1 -1077342245 1065353216 1065353216 1065353216 1065353216 12582912 9437184 12582912 12582912 12582912 15728640 0 0 0 0
55 63 173 0 16777215 0 0 0 0 0 0 1 -1085730850 1065353216 1065353216 1065353216 1065353216 12582912 9437184 12582912 15728640 12582912 15728640 0 0 0 0
55 63 174 0 16777215 1 0 0 0 0 0 1 -1085730850 1065353216 1065353216 1059760810 1065353216 15728640 12582912 12582912 15728640 12582912 15728640 0 0 0 0
55 63 175 0 16777215 1 0 0 0 0 0 1 -1081231573 1065353216 1060692878 1058828743 1059760810 15728640 12582912 15728640 14680064 15728640 15728640 0 0 0 0
55 63 176 0 16777215 1 0 0 0 0 0 1 -1077342245 1060692878 1060692878 1058828743 1058828743 14680064 11534336 15728640 15728640 14680064 15728640 0 0 0 0
55 63 177 0 16777215 1 0 0 0 0 0 1 -1077342245 1060692878 1060692878 1058828743 1058828743 15728640 12582912 14680064 15728640 15728640 15728640 0 0 0 0
55 63 178 0 16777215 1 0 0 0 0 0 1 -1077342245 1060692878 1060692878 1058828743 1058828743 15728640 12582912 15728640 15728640 15728640 15728640 0 0 0 0
55 63 179 0 16777215 1 0 0 1 0 0 1 -1077342245 1060692878 1052304270 1050440136 1058828743 15728640 12582912 15728640 15728640 15728640 15728640 0 0 0 0
55 64 170 0 16777215 1 0 0 0 0 0 1 -1081231573 1065353216 1065353216 1059760810 1056343230 15728640 12582912 15728640 15728640 12582912 15728640 0 0 0 0
55 64 171 0 16777215 1 0 0 0 0 0 1 -1081231573 1065353216 1060692878 1056032540 1059760810 15728640 12582912 15728640 15728640 15728640 15728640 0 0 0 0
55 64 172 0 16777215 1 0 0 0 0 1 1 -1077342245 1060692878 1060692878 1051372202 1056032540 15728640 12582912 15728640 15728640 15728640 15728640 0 0 0 0
55 64 173 0 16777215 1 0 0 1 0 1 1 -1084613939 1060692878 1057896676 1042983596 1051372202 15728640 12582912 15728640 15728640 15728640 15728640 0 0 0 0
