chunk,ticks,wall_s,reward_mean,loss_mean,grad_norm_mean,grad_norm_max,update_norm,episodes,t0_success,available_cells,allocated_gib,peak_allocated_gib,finite
1,786432,1.63733,-0.0088597,-0.0212748,0.11618,0.610752,2.71357,124,0,11,8.65344,10.2901,1
2,1572864,2.97145,-0.00722634,-0.0123431,0.149388,0.29804,1.98903,263,0,11,8.65395,10.2901,1
3,2359296,4.32481,-0.00730562,0.00401431,0.179585,0.353314,1.96286,388,0,11,8.65394,10.2901,1
4,3145728,5.6842,-0.00760264,0.0139027,0.252806,0.428002,2.07814,509,0,11,8.65395,10.2901,1
5,3932160,7.04679,-0.0064392,0.0170876,0.28913,0.559862,2.22175,649,0,11,8.65395,10.2901,1
6,4718592,8.40479,-0.00597519,0.0130687,0.28526,0.559356,2.28822,770,0,11,8.65394,10.2901,1
7,5505024,9.76843,-0.00431408,0.00697159,0.367479,0.714422,2.20821,912,0,11,8.65395,10.2901,1
8,6291456,11.1242,-0.00370691,0.0136787,0.423699,0.973373,2.23207,1062,0,11,8.65396,10.2901,1
9,7077888,12.4882,-0.00243678,0.0160603,0.436411,1.01063,2.22372,1171,0,11,8.65394,10.2901,1
10,7864320,13.8455,-7.23417e-05,0.00427159,0.521393,0.979635,2.20041,1298,0,11,8.65394,10.2901,1
11,8650752,15.195,0.00196994,0.00607819,0.501161,0.807669,2.31613,1421,0,13,8.65395,10.2901,1
12,9437184,16.5441,0.00382509,0.00428533,0.626799,1.0151,2.01216,1549,0,17,8.65395,10.2901,1
13,10223616,17.8845,0.00629812,-0.00739653,0.627274,1.1576,2.10066,1676,0,18,8.65395,10.2901,1
14,11010048,19.2177,0.00845529,-0.0114122,0.697333,1.52551,1.918,1808,0,19,8.65395,10.2901,1
15,11796480,20.5503,0.0114698,-0.00448314,0.812989,1.76244,1.6905,1933,0,21,8.65394,10.2901,1
16,12582912,21.8796,0.0140865,0.00935282,0.899269,2.02522,1.61902,2056,0,21,8.65394,10.2901,1
17,13369344,23.2051,0.0181002,0.0467293,1.11014,2.28137,1.46989,2161,0,21,8.65394,10.2901,1
18,14155776,24.5255,0.0195513,0.0607007,1.04128,2.69812,1.49036,2280,0,21,8.65394,10.2901,1
19,14942208,25.8416,0.0198397,0.0591886,1.08068,2.86665,1.4777,2406,0,21,8.65395,10.2901,1
20,15728640,27.1553,0.0190679,0.0415745,1.13791,3.05858,1.28629,2542,0,21,8.65395,10.2901,1
21,16515072,28.4682,0.0181481,0.0289895,1.09103,3.0473,1.37522,2671,0,22,8.65395,10.2901,1
22,17301504,29.7815,0.0180964,0.0294662,1.29617,3.59142,1.29651,2805,0,22,8.65395,10.2901,1
23,18087936,31.0862,0.0168959,0.00810571,1.38258,3.35867,1.2873,2936,0,23,8.65395,10.2901,1
24,18874368,32.39,0.0158201,0.00356147,1.35224,4.0079,1.36767,3068,0,23,8.65395,10.2901,1
25,19660800,33.6968,0.0165162,0.000714561,1.79247,3.56793,0.990416,3223,0,24,8.65396,10.2901,1
26,20447232,34.9994,0.0164449,-0.00041125,1.39538,3.43064,1.22111,3370,0,26,8.65396,10.2901,1
27,21233664,36.3034,0.015171,-0.0100988,1.31242,2.84925,1.25534,3500,0,26,8.65395,10.2901,1
28,22020096,37.6068,0.0151953,-0.0169261,1.23772,2.69766,1.23371,3626,0,27,8.65395,10.2901,1
29,22806528,38.9078,0.0149633,-0.00447427,1.80717,4.85691,1.06554,3777,0,28,8.65396,10.2901,1
30,23592960,40.2128,0.0163792,-0.00110431,1.53385,2.69558,1.06931,3911,0,28,8.65395,10.2901,1
31,24379392,41.5176,0.0147313,-0.00937652,1.98109,4.43138,0.998049,4031,0,28,8.65394,10.2901,1
32,25165824,42.8249,0.0151005,-0.00785763,1.49311,2.91387,1.22281,4168,0,28,8.65395,10.2901,1
33,25952256,44.1264,0.0152761,-0.000266497,1.56387,4.36125,1.17797,4300,0,28,8.65395,10.2901,1
34,26738688,45.429,0.0146177,0.0043374,2.08448,6.2813,1.00761,4425,0,29,8.65394,10.2901,1
35,27525120,46.7326,0.0154085,0.0151742,1.72854,3.15919,1.00778,4554,0,30,8.65395,10.2901,1
36,28311552,48.0364,0.0169807,0.0374891,4.72062,8.88766,0.555171,4689,0,30,8.65395,10.2901,1
37,29097984,49.3488,0.0180271,0.0682602,4.18027,11.3057,0.656871,4831,0,31,8.65395,10.2901,1
38,29884416,50.6581,0.0244445,0.153534,2.32571,6.07464,1.07474,4977,0,31,8.65395,10.2901,1
39,30670848,51.9687,0.0280936,0.218404,2.81725,8.9573,1.00888,5115,0,31,8.65395,10.2901,1
40,31457280,53.2908,0.032752,0.291148,4.66312,13.1342,0.993525,5259,0,31,8.65395,10.2901,1
41,32243712,54.6138,0.0298832,0.276618,2.10487,7.07403,1.52682,5380,0,32,8.65395,10.2901,1
42,33030144,55.9369,0.0235366,0.201114,1.92007,4.55264,1.42484,5523,0,32,8.65395,10.2901,1
43,33816576,57.2714,0.0158344,0.142626,3.8992,8.66259,0.807183,5642,0,32,8.65394,10.2901,1
44,34603008,58.6105,0.0104096,0.107244,2.57717,6.79606,1.0869,5781,0,32,8.65395,10.2901,1
45,35389440,59.9445,0.0074414,0.0949666,3.8259,10.6724,0.853898,5902,0,32,8.65395,10.2901,1
46,36175872,61.2838,0.00711017,0.079248,2.72017,6.58695,0.985553,6033,0,32,8.65395,10.2901,1
47,36962304,62.6193,0.00458131,0.0705823,3.09953,7.23662,0.942548,6153,0,32,8.65394,10.2901,1
48,37748736,63.9581,0.00480481,0.0593528,2.87236,5.03456,0.807904,6284,0,32,8.65395,10.2901,1
49,38535168,65.3006,0.00432786,0.0626377,1.64847,3.0939,1.23497,6424,0,32,8.65395,10.2901,1
50,39321600,66.6431,0.00414566,0.0546552,2.21577,4.55968,1.08494,6550,0,32,8.65395,10.2901,1
51,40108032,67.988,0.00342948,0.0412055,1.63607,3.33555,1.27792,6675,0,32,8.65395,10.2901,1
52,40894464,69.3376,0.00377345,0.0342744,1.80511,3.09116,1.17003,6811,0,32,8.65395,10.2901,1
53,41680896,70.6826,0.00342426,0.0310067,2.53156,5.17783,0.936108,6939,0,32,8.65395,10.2901,1
54,42467328,72.0308,0.00341611,0.0286651,2.38747,5.19954,0.934794,7089,0,32,8.65396,10.2901,1
55,43253760,73.3802,0.0032974,0.0239147,1.72346,3.00995,1.17399,7238,0,32,8.65396,10.2901,1
56,44040192,74.7286,0.00347461,0.0226628,1.42916,2.38937,1.32099,7358,0,32,8.65394,10.2901,1
57,44826624,76.075,0.00355505,0.0190858,1.36065,2.34075,1.40177,7488,0,32,8.65395,10.2901,1
58,45613056,77.4287,0.00384755,0.0256191,1.5661,3.39276,1.21356,7617,0,32,8.65395,10.2901,1
59,46399488,78.7799,0.00368427,0.0189778,1.69067,3.51452,1.17176,7751,0,32,8.65395,10.2901,1
60,47185920,80.132,0.00363423,0.0205116,2.39149,4.86394,0.927191,7904,0,32,8.65395,10.2901,1
61,47972352,81.4856,0.0040377,0.0129797,1.64267,4.37173,1.16736,8040,0,32,8.65395,10.2901,1
62,48758784,82.8378,0.00318845,0.011174,2.05324,4.28537,1.09157,8166,0,32,8.65395,10.2901,1
63,49545216,84.1935,0.00411355,0.0136877,1.84087,4.58333,1.13831,8282,0,32,8.65394,10.2901,1
64,50331648,85.5508,0.00381144,0.0176184,1.68955,2.82909,1.23912,8395,0,32,8.65394,10.2901,1
65,51118080,86.9067,0.0046932,0.0221626,1.45593,2.9705,1.3687,8525,0,32,8.65395,10.2901,1
66,51904512,88.2628,0.00437904,0.0101012,1.79554,3.57181,1.12084,8653,0,32,8.65395,10.2901,1
67,52690944,89.62,0.00527799,0.0209718,2.73014,6.62514,1.07884,8786,0,32,8.65395,10.2901,1
68,53477376,90.9806,0.00446346,0.0402502,4.91565,8.26123,0.70681,8927,0,32,8.65396,10.2901,1
69,54263808,92.3409,0.00505522,0.0301171,3.94301,8.97264,0.723012,9056,0,32,8.65395,10.2901,1
70,55050240,93.7002,0.0052139,0.0254964,1.94824,5.01273,1.20079,9177,0,32,8.65394,10.2901,1
71,55836672,95.0593,0.00644097,0.0383238,3.35771,6.7664,0.90181,9308,0,32,8.65395,10.2901,1
72,56623104,96.4149,0.00543449,0.0144684,1.68335,3.27862,1.24715,9459,0,32,8.65396,10.2901,1
73,57409536,97.7718,0.00616455,0.0227743,2.29009,6.40163,1.28355,9592,0,32,8.65395,10.2901,1
74,58195968,99.1281,0.00648624,0.0322342,2.99577,7.29311,0.832847,9727,0,32,8.65395,10.2901,1
75,58982400,100.482,0.00654796,0.0254748,1.58861,3.18324,1.46481,9858,0,32,8.65395,10.2901,1
76,59768832,101.834,0.00602864,0.0172775,1.6936,3.14174,1.38265,10002,0,32,8.65396,10.2901,1
77,60555264,103.193,0.00607534,0.0335495,2.99008,6.37939,0.956621,10130,0,32,8.65395,10.2901,1
78,61341696,104.546,0.00667402,0.0500139,6.07367,12.3688,0.660644,10246,0,32,8.65394,10.2901,1
79,62128128,105.898,0.00631096,0.0344743,3.39238,10.1066,0.958821,10377,0,32,8.65395,10.2901,1
80,62914560,107.246,0.00740759,0.0473762,3.70452,11.4297,0.758821,10506,0,32,8.65395,10.2901,1
81,63700992,108.593,0.00768081,0.0365834,2.54073,7.6515,1.1044,10625,0,32,8.65394,10.2901,1
82,64487424,109.94,0.00761776,0.0361355,1.74531,3.44109,1.27358,10749,0,32,8.65394,10.2901,1
83,65273856,111.288,0.00684553,0.0299008,2.04985,3.49646,1.1365,10884,0,32,8.65395,10.2901,1
84,66060288,112.635,0.00857366,0.0402709,2.08602,4.27402,1.1958,11017,0,32,8.65395,10.2901,1
85,66846720,113.976,0.00898126,0.0426909,2.44814,4.87486,0.973618,11162,0,32,8.65396,10.2901,1
86,67633152,115.319,0.00868638,0.04367,2.42046,5.54649,1.10426,11305,0,32,8.65395,10.2901,1
87,68419584,116.663,0.00841313,0.0417611,3.31109,8.4093,1.01706,11440,0,32,8.65395,10.2901,1
88,69206016,117.996,0.00863723,0.0484122,2.13109,4.29389,1.10241,11557,0,32,8.65394,10.2901,1
89,69992448,119.334,0.00858762,0.0429517,2.03334,3.90819,1.2342,11691,0,32,8.65395,10.2901,1
90,70778880,120.672,0.00893384,0.0585922,2.57236,10.3817,1.1923,11818,0,32,8.65394,10.2901,1
91,71565312,122.014,0.00915225,0.0614589,2.84646,5.78741,0.846104,11948,0,32,8.65395,10.2901,1
92,72351744,123.348,0.00922788,0.0436003,2.26718,5.4546,1.17254,12065,0,32,8.65394,10.2901,1
93,73138176,124.682,0.00834218,0.0446572,3.95128,9.81212,0.817639,12203,0,32,8.65395,10.2901,1
94,73924608,126.019,0.00944163,0.0640162,5.20094,9.25099,0.620669,12308,0,32,8.65394,10.2901,1
95,74711040,127.348,0.00922783,0.0453903,3.68276,8.68075,0.866875,12441,0,32,8.65395,10.2901,1
96,75497472,128.686,0.0105005,0.0539987,2.44135,6.059,1.13982,12578,0,32,8.65395,10.2901,1
97,76283904,130.017,0.00954491,0.0520784,3.21517,7.32906,0.884093,12709,0,32,8.65394,10.2901,1
98,77070336,131.354,0.0101266,0.0604805,4.38457,11.3618,0.938783,12827,0,32,8.65395,10.2901,1
99,77856768,132.683,0.0095196,0.0535926,2.42175,5.95493,1.20529,12968,0,32,8.65395,10.2901,1
100,78643200,134.03,0.00947395,0.0607894,2.39127,5.81998,1.2061,13100,0,32,8.65395,10.2901,1
101,79429632,135.359,0.0104848,0.0642476,3.83739,10.9676,0.945295,13248,0,32,8.65396,10.2901,1
102,80216064,136.687,0.0111364,0.0874981,8.93024,19.0689,0.520706,13392,0,33,8.65395,10.2901,1
103,81002496,138.011,0.0112698,0.0900826,4.76045,13.0168,0.787504,13513,0,33,8.65394,10.2901,1
104,81788928,139.335,0.0120603,0.0715246,4.29911,11.291,0.871916,13643,0,33,8.65395,10.2901,1
105,82575360,140.657,0.0110732,0.0711225,5.82592,14.2654,0.715441,13776,0,33,8.65395,10.2901,1
106,83361792,141.973,0.0110416,0.0731212,6.76741,21.6957,0.886332,13911,0,33,8.65395,10.2901,1
107,84148224,143.296,0.0121846,0.0787298,4.44313,14.0981,0.962255,14058,0,33,8.65396,10.2901,1
108,84934656,144.613,0.0122345,0.069157,4.25485,12.6265,0.911062,14200,0,33,8.65395,10.2901,1
109,85721088,145.928,0.0127907,0.0707363,3.83959,6.79998,0.828186,14333,0,33,8.65395,10.2901,1
110,86507520,147.249,0.011661,0.0958997,9.34232,19.5409,0.661978,14445,0,33,8.65394,10.2901,1
111,87293952,148.568,0.0130118,0.0725118,3.28466,7.16745,1.0932,14553,0,33,8.65394,10.2901,1
112,88080384,149.884,0.0127164,0.0775166,6.46185,13.6347,0.66518,14686,0,33,8.65395,10.2901,1
113,88866816,151.202,0.0130564,0.0875621,5.91212,13.1111,0.716459,14813,0,33,8.65395,10.2901,1
114,89653248,152.524,0.0135971,0.0893237,2.70171,6.02696,1.16753,14947,0,33,8.65395,10.2901,1
115,90439680,153.841,0.0147699,0.10596,4.78671,14.1334,0.889085,15089,0,33,8.65395,10.2901,1
116,91226112,155.156,0.0138517,0.0972657,4.12816,6.91335,0.831077,15223,0,33,8.65395,10.2901,1
117,92012544,156.471,0.0140988,0.105256,4.11709,7.9642,0.932652,15339,0,33,8.65394,10.2901,1
118,92798976,157.792,0.0147069,0.0972718,7.85827,14.7183,0.546032,15468,0,33,8.65395,10.2901,1
119,93585408,159.109,0.0149644,0.10589,7.92321,16.678,0.532607,15625,0,33,8.65396,10.2901,1
120,94371840,160.424,0.0147728,0.0988379,3.96877,7.7679,0.902104,15759,0,33,8.65395,10.2901,1
121,95158272,161.736,0.0148173,0.121874,8.04472,14.0913,0.505026,15891,0,33,8.65395,10.2901,1
122,95944704,163.05,0.0149115,0.143467,11.3121,26.4603,0.548936,16023,0,33,8.65395,10.2901,1
123,96731136,164.366,0.0151245,0.10563,4.31791,8.07789,0.842952,16167,0,33,8.65396,10.2901,1
124,97517568,165.682,0.0152758,0.107102,7.51668,14.0792,0.605654,16301,0,33,8.65395,10.2901,1
125,98304000,166.994,0.0150331,0.112652,3.96992,7.83083,1.00184,16415,0,33,8.65394,10.2901,1
126,99090432,168.307,0.0147781,0.113224,5.82439,15.1833,0.777737,16543,0,33,8.65395,10.2901,1
127,99876864,169.615,0.015554,0.101723,7.99697,21.353,0.870481,16673,0,33,8.65395,10.2901,1
128,100663296,170.92,0.0155475,0.110006,5.00094,14.4911,0.954176,16794,0,33,8.65394,10.2901,1
129,101449728,172.233,0.0143883,0.11044,6.32501,17.7387,0.838022,16917,0,33,8.65394,10.2901,1
130,102236160,173.539,0.0148547,0.103188,5.05269,11.3258,0.746889,17052,0,33,8.65395,10.2901,1
131,103022592,174.851,0.015621,0.0997757,4.35608,8.51573,0.873783,17182,0,33,8.65395,10.2901,1
132,103809024,176.161,0.01497,0.101133,5.99425,15.3599,0.708056,17325,0,33,8.65396,10.2901,1
133,104595456,177.473,0.0152745,0.110461,6.02598,14.945,0.882484,17472,0,33,8.65395,10.2901,1
134,105381888,178.779,0.0153765,0.115944,7.33656,17.8847,0.723435,17603,0,33,8.65395,10.2901,1
135,106168320,180.088,0.0148501,0.112147,6.54498,17.7058,0.97964,17723,0,33,8.65394,10.2901,1
136,106954752,181.398,0.0158069,0.126907,5.97706,15.2035,1.00641,17857,0,33,8.65395,10.2901,1
137,107741184,182.705,0.0160609,0.163537,9.89278,23.5646,0.740503,17990,0,33,8.65395,10.2901,1
138,108527616,184.01,0.015905,0.136825,8.38421,27.4946,0.961077,18115,0,33,8.65395,10.2901,1
139,109314048,185.318,0.0164765,0.156323,7.1455,17.8158,0.892061,18234,0,33,8.65394,10.2901,1
140,110100480,186.629,0.0153584,0.157717,13.272,27.5621,0.630214,18374,0,33,8.65395,10.2901,1
141,110886912,187.938,0.0148471,0.112036,4.79563,16.584,1.09608,18477,0,33,8.65394,10.2901,1
142,111673344,189.246,0.0162672,0.149508,7.96142,19.1613,0.777506,18607,0,33,8.65395,10.2901,1
143,112459776,190.554,0.0158427,0.130952,5.74062,16.4151,1.24944,18748,0,33,8.65395,10.2901,1
144,113246208,191.861,0.0161233,0.157069,10.1895,29.4656,0.659907,18881,0,33,8.65395,10.2901,1
145,114032640,193.167,0.0153412,0.143236,10.568,28.2289,0.675742,18994,0,33,8.65394,10.2901,1
146,114819072,194.472,0.0164349,0.172271,11.5699,26.8561,0.848969,19143,0,33,8.65395,10.2901,1
147,115605504,195.776,0.0154796,0.113622,4.43636,9.39547,0.934017,19267,0,33,8.65395,10.2901,1
148,116391936,197.08,0.0167735,0.13187,5.16739,9.65942,0.763821,19415,0,33,8.65396,10.2901,1
149,117178368,198.386,0.0168219,0.128255,5.2213,8.34255,0.722403,19559,0,33,8.65395,10.2901,1
150,117964800,199.696,0.0164457,0.121171,5.91115,19.063,0.769019,19688,0,33,8.65395,10.2901,1
151,118751232,201,0.0161846,0.196158,13.1585,37.5728,0.663675,19811,0,33,8.65394,10.2901,1
152,119537664,202.307,0.017048,0.132406,5.21947,8.78502,0.707644,19943,0,33,8.65395,10.2901,1
153,120324096,203.615,0.0163621,0.153416,8.2029,21.2711,0.701439,20088,0,33,8.65395,10.2901,1
154,121110528,204.923,0.0173084,0.151112,7.48392,18.3519,0.858879,20233,0,33,8.65395,10.2901,1
155,121896960,206.232,0.0174852,0.209784,12.5933,30.5195,0.71633,20366,0,33,8.65395,10.2901,1
156,122683392,207.543,0.0168149,0.146662,5.1282,8.89331,0.917323,20502,0,33,8.65395,10.2901,1
157,123469824,208.851,0.0164642,0.154415,8.54056,19.6943,0.77837,20611,0,33,8.65394,10.2901,1
158,124256256,210.16,0.0165288,0.170366,9.12944,19.2226,0.836203,20723,0,33,8.65394,10.2901,1
159,125042688,211.47,0.0168385,0.155813,9.34617,18.7777,0.621265,20849,0,33,8.65395,10.2901,1
160,125829120,212.784,0.0173821,0.184465,9.73894,18.1731,0.614751,20985,0,33,8.65395,10.2901,1
161,126615552,214.096,0.0169987,0.179208,8.97072,17.8119,0.772277,21120,0,33,8.65395,10.2901,1
162,127401984,215.407,0.0174774,0.160964,9.12495,19.0206,0.711021,21260,0,33,8.65395,10.2901,1
163,128188416,216.717,0.0167386,0.180567,8.95934,19.5238,0.787798,21384,0,33,8.65395,10.2901,1
164,128974848,218.024,0.016664,0.177398,8.49783,19.6424,0.773384,21506,0,33,8.65394,10.2901,1
165,129761280,219.331,0.0172795,0.165509,3.36438,9.30966,1.45572,21638,0,33,8.65395,10.2901,1
166,130547712,220.642,0.0171412,0.207714,12.6514,27.8111,0.781697,21795,0,33,8.65396,10.2901,1
167,131334144,221.956,0.0166345,0.177345,7.88754,20.3252,0.82762,21928,0,33,8.65395,10.2901,1
168,132120576,223.266,0.0166642,0.176916,9.77912,18.3866,0.595795,22055,0,33,8.65395,10.2901,1
169,132907008,224.576,0.0166234,0.190661,9.81603,17.8903,0.528924,22197,0,33,8.65395,10.2901,1
170,133693440,225.89,0.0182154,0.227965,9.81399,19.1185,0.614105,22339,0,33,8.65396,10.2901,1
171,134479872,227.204,0.0171871,0.187365,7.58118,17.7081,0.942044,22471,0,33,8.65395,10.2901,1
172,135266304,228.51,0.0163188,0.191941,8.98249,17.5077,0.817602,22590,0,33,8.65394,10.2901,1
173,136052736,229.825,0.0172406,0.225507,9.80285,19.0257,0.546388,22721,0,33,8.65395,10.2901,1
174,136839168,231.137,0.0163696,0.181423,8.09572,20.5134,0.862519,22843,0,33,8.65394,10.2901,1
175,137625600,232.452,0.0170503,0.179124,6.87698,19.6479,1.06827,22971,0,33,8.65395,10.2901,1
176,138412032,233.766,0.0179063,0.240988,9.84417,19.584,0.682584,23089,0,33,8.65394,10.2901,1
177,139198464,235.076,0.0177942,0.227346,11.6019,28.5325,0.694648,23229,0,33,8.65395,10.2901,1
178,139984896,236.392,0.0164146,0.18462,5.20499,9.58865,1.01065,23356,0,34,8.65395,10.2901,1
179,140771328,237.713,0.0184072,0.258791,11.1119,28.591,0.988896,23511,0,34,8.65396,10.2901,1
180,141557760,239.033,0.0172476,0.221984,3.71674,9.51053,1.48277,23645,0,34,8.65395,10.2901,1
181,142344192,240.344,0.018424,0.258641,9.83736,17.3444,0.778582,23781,0,34,8.65395,10.2901,1
182,143130624,241.654,0.0176171,0.275652,11.7049,29.2726,1.00724,23912,0,34,8.65395,10.2901,1
183,143917056,242.975,0.0191659,0.244125,6.13125,19.3253,1.00377,24042,0,34,8.65395,10.2901,1
184,144703488,244.295,0.0196546,0.270275,10.4256,29.2381,1.02399,24185,0,34,8.65395,10.2901,1
185,145489920,245.605,0.0185908,0.297866,16.6119,27.8218,0.530281,24306,0,34,8.65395,10.2901,1
186,146276352,246.916,0.0188308,0.291969,14.2318,28.5875,0.797721,24438,0,34,8.65395,10.2901,1
187,147062784,248.232,0.0183412,0.249998,5.88437,15.1239,0.983994,24569,0,34,8.65395,10.2901,1
188,147849216,249.544,0.0181628,0.182353,4.28791,10.8044,1.34168,24684,0,34,8.65394,10.2901,1
189,148635648,250.854,0.0187091,0.218639,7.04969,19.0281,0.990937,24816,0,34,8.65395,10.2901,1
190,149422080,252.168,0.0196223,0.201652,3.30544,8.96438,1.53329,24961,0,34,8.65395,10.2901,1
191,150208512,253.478,0.019659,0.270372,12.7682,28.3539,0.72956,25089,0,34,8.65395,10.2901,1
192,150994944,254.795,0.019777,0.297671,10.9853,27.9701,0.761168,25206,0,34,8.65394,10.2901,1
193,151781376,256.103,0.0204449,0.250451,6.73744,21.5593,0.886886,25358,0,34,8.65396,10.2901,1
194,152567808,257.418,0.0198056,0.250564,6.88921,19.1995,1.06048,25483,0,34,8.65395,10.2901,1
195,153354240,258.731,0.0203329,0.249499,9.27535,27.0881,1.26459,25640,0,34,8.65396,10.2901,1
196,154140672,260.043,0.02118,0.272149,9.60451,18.7037,0.849128,25779,0,34,8.65395,10.2901,1
197,154927104,261.352,0.0212965,0.292093,7.1363,18.8375,1.08252,25907,0,34,8.65395,10.2901,1
198,155713536,262.664,0.0213303,0.379726,16.3085,27.7678,0.560305,26039,0,34,8.65395,10.2901,1
199,156499968,263.975,0.0208737,0.367239,16.8387,31.6086,0.631378,26176,0,34,8.65395,10.2901,1
200,157286400,265.289,0.0215113,0.287411,10.0514,19.6088,0.664314,26312,0,34,8.65395,10.2901,1
201,158072832,266.603,0.0220895,0.376313,15.9082,45.4622,0.840404,26460,0,34,8.65396,10.2901,1
202,158859264,267.914,0.0226154,0.352448,7.26497,18.4487,1.04512,26602,0,34,8.65395,10.2901,1
203,159645696,269.222,0.0232035,0.357019,11.7977,31.3544,0.810728,26739,0,34,8.65395,10.2901,1
204,160432128,270.537,0.0220744,0.328804,4.49263,9.57012,1.46137,26853,0,34,8.65394,10.2901,1
205,161218560,271.849,0.0219528,0.273539,6.15376,20.976,1.07196,26961,0,34,8.65394,10.2901,1
206,162004992,273.164,0.0221956,0.252252,5.51042,9.26456,1.02572,27093,0,34,8.65395,10.2901,1
207,162791424,274.483,0.0225165,0.367801,7.45201,20.0896,1.1635,27238,0,34,8.65395,10.2901,1
208,163577856,275.793,0.0226194,0.320401,5.65538,19.364,1.23545,27378,0,34,8.65395,10.2901,1
209,164364288,277.105,0.0240237,0.356828,5.48837,17.5187,1.56902,27520,0,34,8.65396,10.2901,1
210,165150720,278.414,0.0225733,0.302995,12.1074,28.5149,0.71799,27644,0,34,8.65395,10.2901,1
211,165937152,279.725,0.0230879,0.314898,8.11893,19.3421,1.18551,27764,0,34,8.65394,10.2901,1
212,166723584,281.037,0.0234347,0.330929,14.9865,40.3201,0.682274,27907,0,34,8.65395,10.2901,1
213,167510016,282.347,0.0237811,0.352447,17.0485,29.3126,0.57076,28071,0,34,8.65397,10.2901,1
214,168296448,283.662,0.0233045,0.322398,8.14619,28.2928,0.830257,28197,0,34,8.65395,10.2901,1
215,169082880,284.975,0.0236179,0.322639,10.0432,21.4668,0.911659,28326,0,34,8.65395,10.2901,1
216,169869312,286.288,0.0235208,0.304544,7.5448,19.4074,1.07847,28460,0,34,8.65395,10.2901,1
217,170655744,287.599,0.024055,0.306712,6.9412,19.7496,0.963439,28613,0,34,8.65396,10.2901,1
218,171442176,288.907,0.0243447,0.273081,7.41881,19.2867,0.880026,28735,0,34,8.65394,10.2901,1
219,172228608,290.217,0.023413,0.333977,9.64166,27.2789,1.08848,28853,0,34,8.65394,10.2901,1
220,173015040,291.531,0.0230351,0.245189,7.53736,19.4357,0.910361,28982,0,34,8.65395,10.2901,1
221,173801472,292.847,0.0232137,0.320837,12.792,29.9474,0.765603,29100,0,34,8.65394,10.2901,1
222,174587904,294.159,0.0240994,0.296204,10.2067,32.0713,0.941262,29229,0,34,8.65395,10.2901,1
223,175374336,295.468,0.0234925,0.234276,4.78023,21.4453,1.35266,29343,0,34,8.65394,10.2901,1
224,176160768,296.778,0.0242379,0.347388,14.9891,28.214,0.651112,29489,0,34,8.65396,10.2901,1
225,176947200,298.087,0.0247602,0.290087,5.08751,11.7326,1.05535,29611,0,34,8.65394,10.2901,1
226,177733632,299.397,0.0249329,0.302735,7.59838,21.6968,0.9504,29763,0,34,8.65396,10.2901,1
227,178520064,300.707,0.0239466,0.233918,5.92114,11.5539,0.926646,29887,0,34,8.65394,10.2901,1
228,179306496,302.02,0.0247682,0.312018,5.79169,10.0019,1.00726,30020,0,35,8.65395,10.2901,1
229,180092928,303.33,0.0251635,0.320336,12.6815,34.1445,0.73016,30148,0,35,8.65395,10.2901,1
230,180879360,304.643,0.0243488,0.316159,9.22471,18.7943,0.798158,30277,0,35,8.65395,10.2901,1
231,181665792,305.959,0.0246969,0.299554,10.0151,31.4733,0.95392,30426,0,35,8.65396,10.2901,1
232,182452224,307.272,0.0250257,0.348484,11.9215,33.9963,1.02693,30545,0,35,8.65394,10.2901,1
233,183238656,308.581,0.0249118,0.285951,11.8777,31.2809,0.54266,30676,0,35,8.65395,10.2901,1
234,184025088,309.891,0.0240608,0.270766,11.0538,31.9088,0.798014,30801,0,35,8.65395,10.2901,1
235,184811520,311.203,0.023987,0.233794,6.71053,19.3791,0.918641,30915,0,35,8.65394,10.2901,1
236,185597952,312.506,0.0248098,0.256221,7.65848,19.1848,0.872622,31049,0,35,8.65395,10.2901,1
237,186384384,313.817,0.0246369,0.215581,10.3815,32.0584,0.851629,31189,0,35,8.65395,10.2901,1
238,187170816,315.127,0.0244834,0.281063,11.8778,31.6616,0.706748,31316,0,35,8.65395,10.2901,1
239,187957248,316.44,0.0245916,0.255377,4.32882,10.2345,1.21497,31432,0,35,8.65394,10.2901,1
240,188743680,317.747,0.0255989,0.268696,5.84298,11.5786,0.953389,31580,0,35,8.65396,10.2901,1
241,189530112,319.055,0.0254215,0.255643,11.9787,31.6578,0.699602,31710,0,35,8.65395,10.2901,1
242,190316544,320.364,0.026664,0.294891,11.8937,35.3974,0.811558,31871,0,35,8.65396,10.2901,1
243,191102976,321.675,0.0247362,0.277728,8.1822,18.4207,0.874012,31999,0,35,8.65395,10.2901,1
244,191889408,322.984,0.0254149,0.316679,15.088,50.213,1.00124,32126,0,35,8.65395,10.2901,1
245,192675840,324.294,0.025002,0.331708,11.833,29.6271,0.730982,32259,0,35,8.65395,10.2901,1
246,193462272,325.603,0.024604,0.270016,13.7459,32.5817,0.794705,32384,0,35,8.65395,10.2901,1
247,194248704,326.912,0.024936,0.262297,13.8669,33.9457,0.781847,32522,0,35,8.65395,10.2901,1
248,195035136,328.221,0.0262444,0.363653,12.0282,33.0861,0.949637,32674,0,35,8.65396,10.2901,1
249,195821568,329.53,0.0258043,0.301024,7.20971,18.9802,0.910589,32814,0,35,8.65395,10.2901,1
250,196608000,330.844,0.0266182,0.258073,6.39772,12.0379,1.05572,32942,0,35,8.65395,10.2901,1
251,197394432,332.156,0.0261189,0.307288,10.5526,19.3528,0.828003,33061,0,35,8.65394,10.2901,1
252,198180864,333.465,0.0262294,0.32172,11.3557,20.4825,0.633445,33162,0,35,8.65393,10.2901,1
253,198967296,334.776,0.0273382,0.280443,7.23891,18.8949,0.822515,33298,0,35,8.65395,10.2901,1
254,199753728,336.086,0.0269416,0.282296,8.50802,18.5178,0.80476,33428,0,35,8.65395,10.2901,1
255,200540160,337.396,0.0273292,0.311589,9.67438,22.6962,0.873478,33569,0,35,8.65395,10.2901,1
256,201326592,338.709,0.0283769,0.360499,9.90865,25.4781,0.909326,33708,0,35,8.65395,10.2901,1
257,202113024,340.02,0.0271388,0.274623,10.5888,20.1006,0.652527,33833,0,35,8.65395,10.2901,1
258,202899456,341.337,0.0267349,0.281883,5.99818,12.695,0.963417,33945,0,35,8.65394,10.2901,1
259,203685888,342.661,0.0274234,0.384936,14.4627,32.3273,0.73168,34088,0,35,8.65395,10.2901,1
260,204472320,343.982,0.0284106,0.374058,11.1535,18.9111,0.636393,34250,0,35,8.65396,10.2901,1
261,205258752,345.295,0.0283282,0.393124,6.36126,22.251,1.10383,34374,0,35,8.65394,10.2901,1
262,206045184,346.605,0.028347,0.363831,8.06447,23.0838,1.05647,34498,0,35,8.65395,10.2901,1
263,206831616,347.921,0.0280064,0.355698,9.36033,23.5597,0.925525,34631,0,35,8.65395,10.2901,1
264,207618048,349.23,0.028112,0.383363,13.0738,36.5739,0.788416,34784,0,35,8.65396,10.2901,1
265,208404480,350.543,0.0284238,0.357882,9.92394,29.8497,0.908484,34905,0,35,8.65395,10.2901,1
266,209190912,351.853,0.0271962,0.291438,6.53214,20.013,1.16044,35019,0,35,8.65394,10.2901,1
267,209977344,353.164,0.0270838,0.410508,18.3007,32.7719,0.631656,35158,0,35,8.65395,10.2901,1
268,210763776,354.476,0.028218,0.365509,12.7345,30.5865,0.731741,35269,0,35,8.65394,10.2901,1
269,211550208,355.782,0.0281095,0.312385,10.5366,24.9555,0.808874,35394,0,35,8.65395,10.2901,1
270,212336640,357.095,0.0271723,0.308631,11.4333,24.8093,0.60087,35513,0,35,8.65394,10.2901,1
271,213123072,358.404,0.0289007,0.337206,11.3238,30.7922,0.948761,35662,0,35,8.65395,10.2901,1
272,213909504,359.72,0.0289476,0.257883,8.53763,21.402,1.03901,35777,0,35,8.65394,10.2901,1
273,214695936,361.036,0.0294789,0.283668,10.8886,23.456,0.709518,35925,0,35,8.65396,10.2901,1
274,215482368,362.343,0.0302842,0.388042,14.4303,31.4854,0.605588,36051,0,35,8.65395,10.2901,1
275,216268800,363.647,0.0294201,0.27955,13.2738,28.6245,0.736829,36182,0,35,8.65395,10.2901,1
276,217055232,364.957,0.029229,0.289897,13.2225,37.8445,0.576677,36316,0,35,8.65395,10.2901,1
277,217841664,366.258,0.0305833,0.33263,5.90863,13.4011,1.30451,36445,0,35,8.65395,10.2901,1
278,218628096,367.569,0.0304034,0.280036,8.96943,23.65,0.980775,36592,0,35,8.65396,10.2901,1
279,219414528,368.88,0.0295419,0.252227,8.74781,23.22,0.892688,36710,0,35,8.65394,10.2901,1
280,220200960,370.192,0.0294938,0.307122,15.498,32.4811,0.655118,36844,0,35,8.65395,10.2901,1
281,220987392,371.505,0.0298731,0.26192,8.53588,22.1769,0.872424,36961,0,36,8.65394,10.2901,1
282,221773824,372.813,0.0294233,0.278051,8.59338,24.0089,0.963972,37078,0,36,8.65394,10.2901,1
283,222560256,374.13,0.0304234,0.340006,14.7938,31.3499,0.62293,37210,0,36,8.65395,10.2901,1
284,223346688,375.434,0.0309678,0.280456,10.003,21.7883,0.718365,37361,0,36,8.65396,10.2901,1
285,224133120,376.748,0.0306627,0.259893,10.154,33.8904,0.852779,37484,0,36,8.65395,10.2901,1
286,224919552,378.056,0.0298146,0.255954,10.7744,31.1041,0.774854,37603,0,36,8.65394,10.2901,1
287,225705984,379.367,0.0303302,0.217289,4.71498,17.3708,1.46056,37746,0,36,8.65395,10.2901,1
288,226492416,380.672,0.0300024,0.204314,8.57176,21.4367,0.964818,37878,0,36,8.65395,10.2901,1
289,227278848,381.981,0.030986,0.26191,9.34527,19.0353,0.778694,38040,0,37,8.65396,10.2901,1
290,228065280,383.293,0.0311175,0.298033,7.49945,24.2681,1.13873,38161,0,38,8.65394,10.2901,1
291,228851712,384.599,0.0305579,0.263557,10.1219,34.1892,0.855579,38293,0,38,8.65395,10.2901,1
292,229638144,385.908,0.0298544,0.227331,10.0208,38.2261,0.886038,38429,0,38,8.65395,10.2901,1
293,230424576,387.218,0.0298686,0.235935,9.27962,28.0087,0.978802,38550,0,38,8.65394,10.2901,1
294,231211008,388.528,0.0304397,0.22847,8.86079,26.8731,0.83151,38696,0,38,8.65396,10.2901,1
295,231997440,389.833,0.030725,0.246017,6.74047,14.3801,0.929311,38839,0,38,8.65396,10.2901,1
296,232783872,391.138,0.0313029,0.249389,8.55929,25.2638,0.979066,38976,0,38,8.65395,10.2901,1
297,233570304,392.448,0.0308621,0.270831,5.86718,10.635,1.16112,39105,0,38,8.65395,10.2901,1
298,234356736,393.76,0.0310357,0.316124,7.02082,23.778,1.25633,39220,0,38,8.65394,10.2901,1
299,235143168,395.074,0.0297724,0.360722,15.0004,42.468,0.790774,39320,0,38,8.65393,10.2901,1
300,235929600,396.389,0.0306341,0.35116,10.4365,22.439,0.843377,39460,0,39,8.65395,10.2901,1
301,236716032,397.703,0.0302393,0.401092,8.59875,22.7929,1.15888,39599,0,40,8.65395,10.2901,1
302,237502464,399.018,0.0300629,0.28564,7.94932,24.4649,1.0451,39738,0,40,8.65395,10.2901,1
303,238288896,400.333,0.0311769,0.412639,14.1193,29.5867,1.02187,39882,0,40,8.65395,10.2901,1
304,239075328,401.65,0.0296017,0.312889,10.8729,24.8502,0.901898,40008,0,40,8.65395,10.2901,1
305,239861760,402.977,0.0301105,0.447563,11.4229,26.2953,0.798332,40121,0,40,8.65394,10.2901,1
306,240648192,404.299,0.0299711,0.48028,8.53468,20.8258,1.06612,40272,0,40,8.65396,10.2901,1
307,241434624,405.621,0.0311735,0.330845,10.2885,24.1947,0.813041,40433,0,40,8.65396,10.2901,1
308,242221056,406.944,0.0307735,0.326389,10.385,26.2642,0.982169,40556,0,41,8.65395,10.2901,1
309,243007488,408.263,0.0296718,0.351732,12.8099,28.3521,0.79466,40678,0,41,8.65394,10.2901,1
310,243793920,409.58,0.0302933,0.368193,6.78668,22.9589,1.19089,40817,0,41,8.65395,10.2901,1
311,244580352,410.894,0.0300689,0.356262,12.9754,26.3584,0.73578,40972,0,41,8.65396,10.2901,1
312,245366784,412.218,0.0294557,0.377973,12.9176,28.1583,0.760201,41095,0,41,8.65395,10.2901,1
313,246153216,413.54,0.0292191,0.342445,11.0544,27.2496,0.839659,41212,0,42,8.65394,10.2901,1
314,246939648,414.861,0.0289017,0.346261,8.78258,26.0266,0.99232,41350,0,42,8.65395,10.2901,1
315,247726080,416.179,0.0271599,0.462155,22.3151,36.0434,0.483741,41462,0,42,8.65394,10.2901,1
316,248512512,417.5,0.0286391,0.446631,21.8056,50.7201,0.601456,41590,0,42,8.65395,10.2901,1
317,249298944,418.819,0.0274913,0.295961,7.53424,14.0962,0.840443,41710,0,42,8.65394,10.2901,1
318,250085376,420.137,0.0295064,0.388691,6.06963,12.3058,1.26212,41853,0,42,8.65396,10.2901,1
319,250871808,421.455,0.027652,0.342877,7.20693,24.9298,1.23252,41974,0,42,8.65394,10.2901,1
320,251658240,422.775,0.0287573,0.360673,6.33207,13.0587,1.10335,42131,0,43,8.65396,10.2901,1
321,252444672,424.105,0.0284458,0.387853,16.477,44.6607,0.961651,42254,0,43,8.65394,10.2901,1
322,253231104,425.422,0.0300554,0.461961,9.81805,29.4732,0.872365,42395,0,43,8.65395,10.2901,1
323,254017536,426.737,0.0299812,0.399547,11.9487,24.8051,0.702127,42524,0,43,8.65395,10.2901,1
324,254803968,428.063,0.0297471,0.387118,6.16703,14.4231,1.20839,42652,0,43,8.65395,10.2901,1
325,255590400,429.391,0.0305519,0.405691,11.001,20.6151,0.969712,42812,0,43,8.65396,10.2901,1
326,256376832,430.724,0.0301283,0.416607,12.1171,38.7436,0.897484,42924,0,43,8.65394,10.2901,1
327,257163264,432.049,0.0299543,0.436322,6.52414,14.0471,1.25161,43061,0,44,8.65395,10.2901,1
328,257949696,433.381,0.030185,0.494402,10.3657,27.6628,1.08465,43187,0,44,8.65395,10.2901,1
329,258736128,434.704,0.0296688,0.439355,13.7015,25.4881,0.669319,43310,0,44,8.65394,10.2901,1
330,259522560,436.035,0.0300074,0.457202,7.23238,12.5531,1.02067,43446,0,44,8.65395,10.2901,1
331,260308992,437.359,0.030629,0.482504,9.42409,25.7212,1.05786,43598,0,44,8.65396,10.2901,1
332,261095424,438.687,0.0295327,0.464385,10.2092,27.0291,1.00928,43731,0,44,8.65395,10.2901,1
333,261881856,440.019,0.0297648,0.49246,7.33177,9.89269,0.975398,43860,0,44,8.65395,10.2901,1
334,262668288,441.363,0.0315401,0.535633,11.5724,24.9352,0.866472,43999,0,44,8.65395,10.2901,1
335,263454720,442.694,0.030147,0.497676,9.47166,25.8703,1.10346,44135,0,44,8.65395,10.2901,1
336,264241152,444.031,0.0322533,0.596247,9.32414,25.3786,1.1762,44305,0,44,8.65397,10.2901,1
337,265027584,445.362,0.0303942,0.557039,8.33102,23.7732,1.05717,44424,0,44,8.65394,10.2901,1
338,265814016,446.697,0.0318905,0.574809,9.02603,23.6945,1.05443,44567,0,44,8.65395,10.2901,1
339,266600448,448.031,0.0318712,0.698122,20.0582,38.41,0.683884,44701,0,45,8.65395,10.2901,1
340,267386880,449.359,0.0311991,0.602127,8.96163,25.6256,1.18243,44838,0,45,8.65395,10.2901,1
341,268173312,450.688,0.0309468,0.600951,5.62187,11.3302,1.5169,44974,0,45,8.65395,10.2901,1
342,268959744,452.026,0.0331413,0.555533,5.80705,12.7941,1.42787,45124,0,45,8.65396,10.2901,1
343,269746176,453.366,0.0328035,0.591241,10.1363,26.6243,0.892775,45261,0,46,8.65395,10.2901,1
344,270532608,454.702,0.0335444,0.599242,5.52248,15.1542,1.59475,45407,0,46,8.65395,10.2901,1
345,271319040,456.041,0.0314816,0.529324,5.64309,12.9342,1.50431,45524,0,46,8.65394,10.2901,1
346,272105472,457.375,0.0326067,0.652225,7.16743,13.3888,1.20388,45643,0,46,8.65394,10.2901,1
347,272891904,458.717,0.0328672,0.639631,6.5736,12.0132,1.26038,45786,0,47,8.65396,10.2901,1
348,273678336,460.053,0.0321785,0.656075,5.1781,10.3726,1.63069,45931,0,47,8.65395,10.2901,1
349,274464768,461.399,0.0323561,0.623423,6.43525,17.2946,1.2077,46080,0,47,8.65396,10.2901,1
350,275251200,462.742,0.0344338,0.573212,6.7223,13.0871,1.27947,46230,0,47,8.65396,10.2901,1
351,276037632,464.087,0.0316124,0.565832,9.51373,27.8043,0.862136,46361,0,48,8.65395,10.2901,1
352,276824064,465.426,0.0326388,0.588207,7.23573,11.6409,0.994132,46493,0,48,8.65395,10.2901,1
353,277610496,466.779,0.0341586,0.623872,6.8536,12.5514,1.23219,46659,0,48,8.65396,10.2901,1
354,278396928,468.132,0.0353987,0.548622,10.6368,26.6837,0.920474,46833,0,48,8.65397,10.2901,1
355,279183360,469.477,0.0313274,0.570001,6.19306,15.0705,1.20164,46957,0,48,8.65394,10.2901,1
356,279969792,470.819,0.0321193,0.58989,12.8665,28.7175,0.825757,47090,0,48,8.65395,10.2901,1
357,280756224,472.156,0.0326874,0.53349,6.70601,18.0939,1.03689,47232,0,48,8.65395,10.2901,1
358,281542656,473.509,0.0341467,0.639091,6.02412,12.4088,1.27808,47402,0,48,8.65397,10.2901,1
359,282329088,474.849,0.0342373,0.595629,6.68349,13.2533,1.25299,47537,0,48,8.65395,10.2901,1
360,283115520,476.192,0.0321252,0.517363,6.7352,13.8222,1.26253,47660,0,48,8.65394,10.2901,1
361,283901952,477.531,0.0338981,0.506602,6.62961,12.9454,1.05941,47808,0,48,8.65396,10.2901,1
362,284688384,478.875,0.0333487,0.461841,6.78242,12.2396,1.00586,47931,0,48,8.65394,10.2901,1
363,285474816,480.219,0.0319929,0.503205,5.6452,11.8921,1.0223,48062,0,48,8.65395,10.2901,1
364,286261248,481.573,0.033325,0.556167,9.77908,25.5059,0.91818,48195,0,48,8.65395,10.2901,1
365,287047680,482.916,0.0351725,0.518734,6.19376,13.588,1.24799,48348,0,48,8.65396,10.2901,1
366,287834112,484.274,0.0332853,0.605725,13.6391,29.5996,0.759602,48470,0,48,8.65394,10.2901,1
367,288620544,485.625,0.034942,0.46671,7.21653,23.5586,1.18993,48645,0,48,8.65397,10.2901,1
368,289406976,486.973,0.0357162,0.503212,9.18499,24.5968,0.913738,48782,0,48,8.65395,10.2901,1
369,290193408,488.331,0.0334176,0.517693,6.29263,12.4248,0.975478,48916,0,48,8.65395,10.2901,1
370,290979840,489.691,0.0331443,0.475944,12.1579,38.5255,0.721997,49051,0,48,8.65395,10.2901,1
371,291766272,491.05,0.0339519,0.519294,11.393,26.8868,0.880458,49185,0,48,8.65395,10.2901,1
372,292552704,492.403,0.0348683,0.49806,7.31086,24.0758,1.09956,49345,0,48,8.65396,10.2901,1
373,293339136,493.751,0.034182,0.492814,6.70677,14.6884,0.951159,49464,0,48,8.65394,10.2901,1
374,294125568,495.11,0.0344227,0.500604,5.11004,14.5414,1.32299,49603,0,48,8.65395,10.2901,1
375,294912000,496.476,0.0357143,0.505137,11.074,38.4452,0.828699,49736,0,48,8.65395,10.2901,1
376,295698432,497.834,0.0354433,0.599464,10.8228,24.5945,0.805071,49867,0,48,8.65395,10.2901,1
377,296484864,499.202,0.0350013,0.603883,6.62447,13.9824,1.24958,50016,0,49,8.65395,10.2901,1
378,297271296,500.559,0.0346823,0.490721,6.984,14.648,1.01711,50163,0,49,8.65396,10.2901,1
379,298057728,501.925,0.0341592,0.527726,9.33676,24.6766,0.859758,50301,0,50,8.65395,10.2901,1
380,298844160,503.304,0.0339103,0.526707,18.1246,36.7301,0.618472,50441,0,50,8.65395,10.2901,1
381,299630592,504.76,0.0335961,0.523704,7.56386,14.5566,0.957413,50587,0,50,8.65396,10.2901,1
382,300417024,506.212,0.0350453,0.45195,6.15505,11.2166,0.961074,50732,0,50,8.65395,10.2901,1
383,301203456,507.659,0.0378253,0.490495,6.48604,13.005,1.11568,50910,0.005,50,8.65397,10.2901,1
384,301989888,509.119,0.0342263,0.493346,7.68321,15.2938,1.05787,51031,0.005,50,8.65394,10.2901,1
385,302776320,510.578,0.0362249,0.59328,11.5751,24.6331,0.685928,51175,0.005,50,8.65396,10.2901,1
386,303562752,512.068,0.036822,0.64782,11.4953,28.2394,0.726166,51329,0,50,8.65396,10.2901,1
387,304349184,513.569,0.0343788,0.530103,6.77802,14.7118,1.04535,51472,0,50,8.65395,10.2901,1
388,305135616,515.07,0.0354506,0.548472,5.01354,13.2131,1.30542,51624,0,50,8.65396,10.2901,1
389,305922048,516.573,0.0339705,0.529041,5.45846,14.3833,1.32264,51783,0,50,8.65396,10.2901,1
390,306708480,518.078,0.0346738,0.564009,15.0435,31.6098,0.714633,51918,0,50,8.65395,10.2901,1
391,307494912,519.58,0.0347307,0.559896,11.2575,27.6254,0.822771,52060,0,50,8.65395,10.2901,1
392,308281344,521.081,0.0344093,0.509755,11.1115,27.667,0.761125,52188,0,50,8.65395,10.2901,1
393,309067776,522.579,0.0329724,0.486538,7.57462,14.9529,0.927001,52309,0,50,8.65394,10.2901,1
394,309854208,524.075,0.0331994,0.519541,8.48129,30.4022,1.03154,52456,0,50,8.65396,10.2901,1
395,310640640,525.571,0.0339615,0.553722,14.121,31.4718,0.782442,52608,0,50,8.65396,10.2901,1
396,311427072,527.066,0.0334268,0.471736,8.66993,25.6154,0.889239,52755,0,50,8.65395,10.2901,1
397,312213504,528.559,0.0344849,0.490888,10.3228,26.9691,0.856802,52907,0,50,8.65396,10.2901,1
398,312999936,530.055,0.0338085,0.46025,6.66445,13.6962,1.16939,53045,0,50,8.65395,10.2901,1
399,313786368,531.548,0.0346926,0.470081,8.07426,14.974,1.00688,53176,0,50,8.65395,10.2901,1
400,314572800,533.043,0.0362112,0.463057,6.57811,13.6355,1.16365,53346,0,50,8.65397,10.2901,1
401,315359232,534.538,0.0359518,0.544057,8.7968,27.7844,1.06596,53512,0,50,8.65396,10.2901,1
402,316145664,536.033,0.0339285,0.513872,13.8997,28.0476,0.671635,53640,0,50,8.65395,10.2901,1
403,316932096,537.527,0.0347879,0.417524,11.7718,31.0311,0.809788,53770,0,50,8.65395,10.2901,1
404,317718528,539.023,0.0352553,0.428399,12.4294,40.9505,0.870168,53908,0,50,8.65395,10.2901,1
405,318504960,540.515,0.0380585,0.531806,8.35212,24.6789,1.1277,54083,0,50,8.65397,10.2901,1
406,319291392,542.002,0.0358456,0.526096,13.1109,25.7261,0.786963,54210,0,50,8.65394,10.2901,1
407,320077824,543.489,0.035143,0.57174,10.638,27.7776,0.972366,54333,0,50,8.65394,10.2901,1
408,320864256,544.976,0.0368769,0.507436,6.29681,13.2652,1.29408,54474,0,50,8.65396,10.2901,1
409,321650688,546.463,0.0373428,0.510799,8.29177,27.4762,0.993926,54601,0,50,8.65395,10.2901,1
410,322437120,547.956,0.0377375,0.534647,9.61867,28.8832,1.01375,54736,0,50,8.65395,10.2901,1
411,323223552,549.456,0.0365709,0.608508,13.0681,44.1717,0.82139,54864,0,50,8.65395,10.2901,1
412,324009984,550.956,0.0382043,0.536546,7.32329,14.2092,1.0052,55009,0,50,8.65396,10.2901,1
413,324796416,552.458,0.0385972,0.568371,9.80364,27.6109,0.942902,55135,0,50,8.65395,10.2901,1
414,325582848,553.963,0.0396734,0.570366,7.12196,15.6004,1.07055,55299,0,50,8.65396,10.2901,1
415,326369280,555.468,0.0389159,0.61823,14.2173,27.8514,0.6563,55432,0,50,8.65395,10.2901,1
416,327155712,556.975,0.0388732,0.572927,12.602,26.2996,0.844367,55574,0,50,8.65395,10.2901,1
417,327942144,558.476,0.038596,0.596916,13.816,26.0675,0.649612,55710,0,50,8.65395,10.2901,1
418,328728576,559.974,0.0381954,0.568016,10.2174,26.4275,0.758726,55831,0,50,8.65395,10.2901,1
419,329515008,561.485,0.0378832,0.5067,7.12032,13.4392,1.1387,55991,0,50,8.65396,10.2901,1
420,330301440,562.998,0.0388044,0.511631,5.14484,15.5235,1.37291,56110,0,50,8.65394,10.2901,1
421,331087872,564.509,0.0398294,0.651022,10.4012,26.591,1.04508,56245,0,50,8.65395,10.2901,1
422,331874304,565.999,0.0390613,0.677992,12.3426,42.4208,0.915318,56373,0,50,8.65395,10.2901,1
423,332660736,567.485,0.0402338,0.707579,11.5108,24.8527,1.00445,56501,0,50,8.65394,10.2901,1
424,333447168,568.966,0.0397456,0.524127,5.78541,13.4699,1.28464,56650,0.005,50,8.65396,10.2901,1
425,334233600,570.447,0.0411903,0.61714,9.92761,27.0202,0.834861,56794,0.005,50,8.65395,10.2901,1
426,335020032,571.952,0.0400032,0.54299,6.07158,12.8148,1.14585,56933,0.005,50,8.65395,10.2901,1
427,335806464,573.443,0.0403466,0.556181,7.15651,15.0652,1.10812,57080,0.005,50,8.65395,10.2901,1
428,336592896,574.934,0.0390048,0.583219,9.49239,24.8454,1.00592,57212,0,50,8.65395,10.2901,1
429,337379328,576.421,0.0383863,0.588843,8.22622,25.5654,0.988362,57357,0,50,8.65396,10.2901,1
430,338165760,577.908,0.0403803,0.563644,7.3762,12.0275,0.942382,57513,0,50,8.65396,10.2901,1
431,338952192,579.422,0.0404975,0.626296,9.41685,25.9355,0.819556,57642,0,50,8.65395,10.2901,1
432,339738624,580.937,0.0393508,0.640044,14.6912,32.3893,0.732906,57771,0,50,8.65395,10.2901,1
433,340525056,582.455,0.0393538,0.610164,16.7285,34.8336,0.664541,57917,0,50,8.65396,10.2901,1
434,341311488,583.97,0.0406546,0.613127,8.21983,21.4376,0.930105,58050,0,50,8.65395,10.2901,1
435,342097920,585.497,0.0401125,0.549148,6.4485,13.5014,1.23617,58200,0,50,8.65396,10.2901,1
436,342884352,587.021,0.042024,0.693945,12.8501,36.5242,0.81972,58359,0,50,8.65396,10.2901,1
437,343670784,588.541,0.0392684,0.653661,17.3228,59.9723,0.707129,58491,0,50,8.65395,10.2901,1
438,344457216,590.061,0.0400776,0.58026,8.13001,26.9466,0.95399,58626,0,50,8.65395,10.2901,1
439,345243648,591.579,0.0402227,0.607221,8.06104,25.0664,1.12929,58752,0,50,8.65395,10.2901,1
440,346030080,593.1,0.0396052,0.585718,12.2295,33.4924,0.950281,58874,0,50,8.65394,10.2901,1
441,346816512,594.636,0.0400063,0.579202,7.1147,15.7874,0.950165,59015,0,50,8.65395,10.2901,1
442,347602944,596.171,0.0402179,0.606127,21.9873,41.6037,0.495054,59165,0,50,8.65396,10.2901,1
443,348389376,597.703,0.0411483,0.526195,9.3655,31.0467,0.850937,59313,0,50,8.65395,10.2901,1
444,349175808,599.236,0.0415339,0.529982,8.29251,24.9001,1.07632,59460,0,50,8.65396,10.2901,1
445,349962240,600.78,0.0403421,0.625672,16.704,47.7166,0.971676,59592,0,50,8.65395,10.2901,1
446,350748672,602.324,0.0401661,0.609677,16.8701,37.7273,0.610574,59730,0,50,8.65395,10.2901,1
447,351535104,603.871,0.0409812,0.543325,14.5916,33.3013,0.696543,59886,0,50,8.65396,10.2901,1
448,352321536,605.417,0.041471,0.607062,11.4333,30.1526,0.847577,60036,0,50,8.65396,10.2901,1
449,353107968,606.956,0.0407938,0.616192,12.5348,27.4253,0.705945,60166,0,50,8.65395,10.2901,1
450,353894400,608.488,0.0409974,0.620471,11.1126,26.3187,0.966689,60298,0,50,8.65395,10.2901,1
451,354680832,610.024,0.0409834,0.624081,5.97961,15.2448,1.26377,60435,0,50,8.65395,10.2901,1
452,355467264,611.567,0.0414283,0.674832,7.50333,17.0176,1.17501,60601,0,50,8.65396,10.2901,1
453,356253696,613.105,0.04002,0.607075,16.0849,33.4522,0.615987,60727,0,50,8.65395,10.2901,1
454,357040128,614.638,0.0407335,0.573922,7.18292,13.8848,0.94862,60858,0,50,8.65395,10.2901,1
455,357826560,616.172,0.0411089,0.620226,10.4524,28.4334,0.993357,61000,0,50,8.65396,10.2901,1
456,358612992,617.703,0.040842,0.645742,11.4241,28.6563,0.890963,61131,0,50,8.65395,10.2901,1
457,359399424,619.234,0.0399073,0.52127,6.38162,21.4738,1.22858,61258,0,50,8.65395,10.2901,1
458,360185856,620.764,0.0394018,0.549089,8.74423,27.2407,0.956398,61390,0,50,8.65395,10.2901,1
459,360972288,622.3,0.040084,0.579165,10.2198,30.5625,0.938488,61528,0,50,8.65395,10.2901,1
460,361758720,623.835,0.0398064,0.553173,10.15,25.7971,1.00039,61650,0,50,8.65394,10.2901,1
461,362545152,625.369,0.0410939,0.565125,8.49818,16.5874,0.935286,61803,0,50,8.65396,10.2901,1
462,363331584,626.909,0.0401833,0.493344,6.07021,12.2748,1.09066,61939,0,50,8.65395,10.2901,1
463,364118016,628.451,0.0401946,0.5567,12.4711,27.838,0.740236,62076,0.005,50,8.65395,10.2901,1
464,364904448,629.989,0.0406308,0.550325,7.65801,14.2159,0.899272,62209,0.005,50,8.65395,10.2901,1
465,365690880,631.526,0.0400981,0.558752,9.40956,22.6262,0.950834,62339,0.005,50,8.65395,10.2901,1
466,366477312,633.063,0.0408889,0.487831,4.95436,13.5268,1.39083,62500,0.005,50,8.65396,10.2901,1
467,367263744,634.6,0.0389892,0.563208,5.28279,10.0414,1.33184,62622,0,50,8.65394,10.2901,1
468,368050176,636.138,0.0396511,0.570351,12.6819,23.7861,0.654058,62764,0,50,8.65395,10.2901,1
469,368836608,637.675,0.0392208,0.534708,7.97319,25.2022,1.24841,62892,0,50,8.65395,10.2901,1
470,369623040,639.209,0.040783,0.685068,13.4398,24.9906,0.603582,63013,0,50,8.65395,10.2901,1
471,370409472,640.745,0.0407609,0.709387,12.6727,25.0662,0.734105,63171,0,50,8.65396,10.2901,1
472,371195904,642.282,0.0392874,0.620175,11.775,35.0709,0.802931,63297,0,50,8.65395,10.2901,1
473,371982336,643.819,0.0399794,0.634745,6.44369,13.6199,1.04197,63435,0,50,8.65395,10.2901,1
474,372768768,645.356,0.0411532,0.627414,12.3049,28.9878,0.795537,63586,0,50,8.65396,10.2901,1
475,373555200,646.894,0.0401901,0.586836,11.8896,27.3086,0.741584,63717,0,50,8.65395,10.2901,1
476,374341632,648.435,0.0388902,0.628099,7.31986,13.7218,1.10616,63868,0,50,8.65396,10.2901,1
477,375128064,649.974,0.0401251,0.567991,7.46509,20.6772,1.18206,64037,0,50,8.65397,10.2901,1
478,375914496,651.516,0.0380113,0.549263,6.44352,12.949,1.04462,64165,0,50,8.65395,10.2901,1
479,376700928,653.063,0.038112,0.521382,12.1426,25.9046,0.682328,64302,0,50,8.65395,10.2901,1
480,377487360,654.61,0.0390896,0.567811,10.7524,23.2299,0.77678,64451,0,50,8.65396,10.2901,1
481,378273792,656.156,0.0376919,0.513687,10.5295,25.4821,0.735909,64577,0,50,8.65395,10.2901,1
482,379060224,657.702,0.039154,0.565144,9.02067,27.2281,0.985577,64734,0,50,8.65396,10.2901,1
483,379846656,659.246,0.039403,0.596407,10.2354,26.7855,0.922031,64885,0.005,50,8.65396,10.2901,1
484,380633088,660.787,0.0388581,0.539997,8.11963,23.5901,0.999867,65030,0.005,50,8.65395,10.2901,1
485,381419520,662.327,0.036908,0.449335,5.72707,11.7348,1.10794,65162,0.005,50,8.65395,10.2901,1
486,382205952,663.867,0.0371549,0.555927,7.85055,14.1278,0.934856,65287,0,50,8.65395,10.2901,1
487,382992384,665.404,0.0374376,0.466145,6.96395,13.0748,1.05958,65401,0,50,8.65394,10.2901,1
488,383778816,666.938,0.0381854,0.551714,7.26703,15.5957,1.07966,65558,0,50,8.65396,10.2901,1
489,384565248,668.469,0.0397056,0.634734,8.91669,25.9367,1.01609,65713,0,50,8.65396,10.2901,1
490,385351680,669.999,0.0382484,0.497575,8.23758,24.7137,1.18647,65855,0,50,8.65396,10.2901,1
491,386138112,671.528,0.0390811,0.564959,8.2956,13.0427,1.03648,66006,0,50,8.65396,10.2901,1
492,386924544,673.056,0.0385897,0.611649,11.3159,28.3264,0.909214,66137,0,50,8.65395,10.2901,1
493,387710976,674.583,0.0372444,0.671122,13.1666,25.7079,0.833924,66281,0,50,8.65396,10.2901,1
494,388497408,676.107,0.0367073,0.532645,7.17092,13.7291,1.14785,66439,0,50,8.65396,10.2901,1
495,389283840,677.632,0.0376118,0.727801,11.5837,26.0639,0.913749,66589,0,50,8.65396,10.2901,1
496,390070272,679.158,0.0377795,0.532805,12.2038,28.7921,0.777618,66721,0.005,50,8.65395,10.2901,1
497,390856704,680.682,0.0372666,0.593996,9.06152,22.5823,1.05019,66868,0.005,50,8.65396,10.2901,1
498,391643136,682.208,0.0365086,0.548189,16.3329,39.3848,0.763348,67012,0.005,50,8.65395,10.2901,1
499,392429568,683.734,0.0375671,0.572144,10.8661,26.16,0.838298,67172,0,50,8.65397,10.2901,1
500,393216000,685.26,0.0356237,0.584246,7.82196,13.9848,1.0301,67306,0,50,8.65395,10.2901,1
501,394002432,686.785,0.0359899,0.457149,10.0792,42.6935,1.04616,67437,0,50,8.65395,10.2901,1
502,394788864,688.311,0.0352214,0.46165,7.03453,12.4779,1.11649,67593,0,50,8.65396,10.2901,1
503,395575296,689.838,0.0358995,0.551122,14.5614,29.1185,0.66935,67728,0,50,8.65395,10.2901,1
504,396361728,691.367,0.034353,0.5307,9.46202,24.4898,0.827807,67862,0,50,8.65395,10.2901,1
505,397148160,692.895,0.0343136,0.561465,8.46745,17.7761,0.975679,68006,0,50,8.65396,10.2901,1
506,397934592,694.421,0.0338327,0.425931,13.7121,38.2288,0.809835,68139,0,50,8.65395,10.2901,1
507,398721024,695.946,0.0329616,0.522076,17.3778,48.1998,0.606592,68268,0,50,8.65395,10.2901,1
508,399507456,697.473,0.0342594,0.454643,10.1239,27.4067,0.789911,68420,0,50,8.65396,10.2901,1
509,400293888,699.001,0.034383,0.403382,6.99837,16.0995,1.07303,68560,0,50,8.65395,10.2901,1
510,401080320,700.525,0.0350108,0.45845,8.86031,16.1752,0.86706,68698,0,50,8.65395,10.2901,1
511,401866752,702.048,0.0335715,0.456934,9.36314,24.4786,0.90329,68835,0,50,8.65395,10.2901,1
512,402653184,703.574,0.0340391,0.471849,8.74429,17.1861,0.950352,68964,0,50,8.65395,10.2901,1
513,403439616,705.099,0.0348278,0.421206,9.22012,34.7439,1.03443,69113,0,50,8.65396,10.2901,1
514,404226048,706.627,0.0345499,0.416533,8.25089,28.8618,0.984673,69257,0,50,8.65396,10.2901,1
515,405012480,708.159,0.0350917,0.439468,8.9991,16.5257,0.822591,69399,0,50,8.65395,10.2901,1
516,405798912,709.707,0.0345736,0.519469,6.73613,13.7256,0.977694,69526,0,50,8.65395,10.2901,1
517,406585344,711.246,0.033461,0.294579,9.08334,24.5118,0.987767,69663,0,50,8.65395,10.2901,1
518,407371776,712.756,0.0351784,0.397105,10.8354,29.5384,0.768582,69827,0,50,8.65396,10.2901,1
519,408158208,714.26,0.033873,0.446664,16.887,43.5359,0.684695,69944,0,50,8.65394,10.2901,1
520,408944640,715.763,0.034517,0.409572,9.89759,27.8536,0.867058,70083,0,50,8.65395,10.2901,1
521,409731072,717.264,0.0348988,0.419402,11.5181,26.384,0.764428,70223,0,50,8.65395,10.2901,1
522,410517504,718.764,0.0346384,0.415619,8.41768,24.9738,1.05816,70352,0,50,8.65395,10.2901,1
523,411303936,720.271,0.0374422,0.386366,8.51809,27.3267,0.953178,70517,0,50,8.65396,10.2901,1
524,412090368,721.783,0.0387432,0.489199,12.8863,26.6181,0.609501,70686,0,50,8.65397,10.2901,1
525,412876800,723.295,0.0370615,0.403982,9.40324,30.2398,0.938887,70824,0,50,8.65395,10.2901,1
526,413663232,724.812,0.037864,0.483697,9.29244,31.4711,0.87684,70951,0,50,8.65395,10.2901,1
527,414449664,726.326,0.0383765,0.43303,8.63699,18.6782,0.796966,71091,0,50,8.65395,10.2901,1
528,415236096,727.833,0.0378586,0.418644,15.1456,25.7256,0.51278,71218,0,50,8.65394,10.2901,1
529,416022528,729.336,0.0394146,0.461739,12.1142,28.1155,0.727532,71379,0,50,8.65396,10.2901,1
530,416808960,730.821,0.0399284,0.498818,12.8437,25.1359,0.668141,71534,0,50,8.65396,10.2901,1
531,417595392,732.305,0.0412068,0.547651,16.1944,39.7414,0.575199,71668,0,50,8.65395,10.2901,1
532,418381824,733.792,0.0416115,0.471816,6.00175,12.491,1.08758,71806,0,50,8.65395,10.2901,1
533,419168256,735.293,0.0391506,0.480273,7.67153,24.9904,1.05627,71935,0,50,8.65395,10.2901,1
534,419954688,736.791,0.0401929,0.52272,6.88672,16.0089,1.00704,72061,0,50,8.65395,10.2901,1
535,420741120,738.343,0.0412351,0.450759,11.4671,28.4502,0.858024,72220,0,50,8.65396,10.2901,1
536,421527552,739.881,0.0414776,0.533496,8.12128,30.9434,1.11057,72369,0,50,8.65396,10.2901,1
537,422313984,741.41,0.0414305,0.473605,6.28706,15.2589,1.02936,72508,0,50,8.65395,10.2901,1
538,423100416,742.939,0.0426707,0.511193,6.50062,15.7669,1.17269,72657,0,50,8.65396,10.2901,1
539,423886848,744.462,0.0429347,0.605704,20.9436,46.9655,0.586461,72785,0,50,8.65395,10.2901,1
540,424673280,745.982,0.0429226,0.565447,8.73619,21.0282,0.83788,72923,0,50,8.65395,10.2901,1
541,425459712,747.488,0.0448113,0.634618,6.46858,16.3279,1.11646,73085,0,50,8.65396,10.2901,1
542,426246144,748.973,0.0435694,0.589531,10.8815,22.7286,0.807112,73225,0,50,8.65395,10.2901,1
543,427032576,750.454,0.043035,0.576371,8.81387,24.1376,1.05721,73366,0,50,8.65395,10.2901,1
544,427819008,751.945,0.0439421,0.591677,15.9109,28.32,0.511261,73502,0,50,8.65395,10.2901,1
545,428605440,753.458,0.0445687,0.589926,7.35102,17.9245,1.11761,73651,0,50,8.65395,10.2901,1
546,429391872,754.973,0.0453679,0.668809,7.86541,14.9601,0.969033,73804,0,50,8.65396,10.2901,1
547,430178304,756.499,0.0444168,0.553767,8.34771,23.5214,1.04593,73938,0,50,8.65395,10.2901,1
548,430964736,758.034,0.0427519,0.596985,8.42901,23.5015,1.0963,74076,0,50,8.65395,10.2901,1
549,431751168,759.584,0.0446988,0.617844,10.3183,26.8137,0.935272,74228,0,50,8.65396,10.2901,1
550,432537600,761.11,0.0430897,0.60064,8.55528,20.4298,0.898259,74355,0,50,8.65395,10.2901,1
551,433324032,762.67,0.0438244,0.67724,11.522,28.8448,0.763589,74485,0,50,8.65395,10.2901,1
552,434110464,764.229,0.0445168,0.660964,10.0884,33.0163,0.894913,74618,0,50,8.65395,10.2901,1
553,434896896,765.765,0.0445756,0.667038,9.32104,25.3913,0.972251,74747,0,50,8.65395,10.2901,1
554,435683328,767.298,0.0435722,0.74255,20.0504,49.8801,0.635063,74895,0,50,8.65396,10.2901,1
555,436469760,768.815,0.0424421,0.680321,10.7478,28.3692,0.923789,75027,0,50,8.65395,10.2901,1
556,437256192,770.335,0.0421747,0.6908,10.8388,26.919,0.868097,75174,0.005,50,8.65396,10.2901,1
557,438042624,771.872,0.0422227,0.697425,10.7797,27.063,0.788375,75314,0.005,50,8.65395,10.2901,1
558,438829056,773.371,0.0426096,0.694157,9.31058,19.9512,1.06664,75450,0.005,50,8.65395,10.2901,1
559,439615488,774.863,0.0424669,0.635508,8.60482,15.677,1.03545,75595,0.005,50,8.65395,10.2901,1
560,440401920,776.354,0.0411596,0.606502,10.092,27.7918,1.04736,75739,0,50,8.65396,10.2901,1
561,441188352,777.863,0.0418658,0.598333,11.6864,25.4595,0.834102,75890,0,50,8.65396,10.2901,1
562,441974784,779.378,0.0412841,0.585066,12.1061,27.4517,0.755525,76021,0,50,8.65395,10.2901,1
563,442761216,780.89,0.040622,0.586354,8.46182,15.839,0.889368,76144,0,50,8.65394,10.2901,1
564,443547648,782.401,0.0410639,0.569113,9.64159,29.688,0.905697,76285,0,50,8.65395,10.2901,1
565,444334080,783.898,0.0421673,0.731917,18.3481,41.9398,0.682946,76443,0,50,8.65396,10.2901,1
566,445120512,785.393,0.0407479,0.666412,13.8937,29.4274,0.69005,76563,0,50,8.65394,10.2901,1
567,445906944,786.888,0.0404994,0.674362,15.3361,39.3595,0.769064,76705,0,50,8.65395,10.2901,1
568,446693376,788.379,0.0395536,0.696663,13.1435,33.6482,0.907511,76830,0,50,8.65394,10.2901,1
569,447479808,789.869,0.0416938,0.599477,10.223,23.3437,0.892697,76983,0,50,8.65396,10.2901,1
570,448266240,791.358,0.0409468,0.763586,11.7392,42.327,0.950831,77148,0,50,8.65397,10.2901,1
571,449052672,792.845,0.0416299,0.577853,7.63136,15.4401,1.03157,77307,0,50,8.65396,10.2901,1
572,449839104,794.33,0.0390556,0.606003,9.3033,16.9631,0.923636,77449,0,50,8.65395,10.2901,1
573,450625536,795.832,0.0406492,0.620732,9.78245,30.2622,0.977159,77583,0,50,8.65395,10.2901,1
574,451411968,797.357,0.0410673,0.546897,7.29263,15.9219,1.15118,77731,0,50,8.65396,10.2901,1
575,452198400,798.893,0.0403408,0.48872,9.2839,30.2585,0.99923,77853,0,50,8.65394,10.2901,1
576,452984832,800.432,0.0416205,0.611073,6.85811,15.8921,1.12951,78020,0,50,8.65397,10.2901,1
577,453771264,801.973,0.0414455,0.607425,7.83393,17.8999,1.02837,78153,0,50,8.65395,10.2901,1
578,454557696,803.513,0.0411209,0.681433,18.5378,49.9133,0.718233,78285,0,50,8.65395,10.2901,1
579,455344128,805.056,0.0413029,0.572397,9.28068,24.6013,0.928861,78419,0,50,8.65395,10.2901,1
580,456130560,806.563,0.0411391,0.563256,8.93113,26.2061,1.06635,78558,0,50,8.65395,10.2901,1
581,456916992,808.055,0.04163,0.675521,16.2578,33.7047,0.821245,78684,0,50,8.65395,10.2901,1
582,457703424,809.542,0.0405579,0.553854,21.1691,47.5976,0.642707,78834,0,50,8.65396,10.2901,1
583,458489856,811.027,0.0414959,0.726679,15.0585,28.1716,0.717627,78973,0,50,8.65395,10.2901,1
584,459276288,812.512,0.0416484,0.678396,15.0412,37.1471,0.711097,79113,0,50,8.65395,10.2901,1
585,460062720,813.996,0.0424429,0.669565,10.0213,22.8273,0.962064,79257,0,50,8.65395,10.2901,1
586,460849152,815.478,0.0408882,0.670441,16.6092,51.3707,0.72753,79377,0,50,8.65394,10.2901,1
587,461635584,816.961,0.0406906,0.699542,19.0853,54.0148,0.799057,79515,0,50,8.65395,10.2901,1
588,462422016,818.478,0.0423308,0.676187,21.467,58.6534,0.627369,79665,0,50,8.65396,10.2901,1
589,463208448,819.995,0.0421623,0.631945,8.45139,29.2559,1.11188,79816,0,50,8.65396,10.2901,1
590,463994880,821.533,0.0416743,0.646407,7.49646,15.9678,1.31133,79951,0,51,8.65395,10.2901,1
591,464781312,823.051,0.0400183,0.655247,11.8097,35.1927,0.993347,80077,0,51,8.65395,10.2901,1
592,465567744,824.528,0.041637,0.658767,8.74403,26.9247,1.09766,80224,0,51,8.65395,10.2901,1
593,466354176,826.003,0.0419266,0.681211,8.55014,26.2948,1.24678,80375,0,51,8.65396,10.2901,1
594,467140608,827.488,0.0405529,0.514578,7.10944,16.163,1.17388,80503,0,51,8.65395,10.2901,1
595,467927040,828.984,0.0413181,0.707503,12.1357,31.3996,0.921287,80643,0,51,8.65395,10.2901,1
596,468713472,830.495,0.0411516,0.55503,12.4133,32.3457,0.925281,80791,0,51,8.65396,10.2901,1
597,469499904,831.995,0.0411474,0.641165,8.49319,16.5028,1.16553,80921,0,51,8.65395,10.2901,1
598,470286336,833.482,0.0418276,0.804669,15.138,33.1177,0.755105,81041,0,51,8.65394,10.2901,1
599,471072768,834.957,0.0420482,0.660942,15.2128,42.9422,0.751939,81179,0,51,8.65395,10.2901,1
600,471859200,836.433,0.0421762,0.620719,9.82578,29.829,1.0903,81311,0,51,8.65395,10.2901,1
601,472645632,837.915,0.0432439,0.596905,10.3168,31.124,1.10115,81459,0,51,8.65396,10.2901,1
602,473432064,839.394,0.0431794,0.6727,11.4799,30.5872,0.88553,81603,0,51,8.65395,10.2901,1
603,474218496,840.874,0.0435278,0.584027,7.69194,28.9935,1.28754,81755,0,51,8.65396,10.2901,1
604,475004928,842.352,0.0426434,0.668463,18.8198,42.0717,0.937046,81891,0,51,8.65395,10.2901,1
605,475791360,843.826,0.0433261,0.65283,18.7877,50.5569,0.685814,82026,0,51,8.65395,10.2901,1
606,476577792,845.299,0.0430562,0.640956,9.81393,28.7232,1.03869,82161,0,51,8.65395,10.2901,1
607,477364224,846.776,0.0441488,0.765696,14.3571,29.1988,0.898368,82309,0,51,8.65396,10.2901,1
608,478150656,848.253,0.0448006,0.799686,20.8843,52.8496,0.755105,82466,0,51,8.65396,10.2901,1
609,478937088,849.731,0.0440508,0.696912,21.6467,47.4776,0.57832,82598,0,52,8.65395,10.2901,1
610,479723520,851.209,0.0434702,0.654478,14.4933,54.536,0.933107,82708,0,52,8.65394,10.2901,1
611,480509952,852.685,0.0435616,0.636567,10.8767,26.313,0.910294,82853,0,52,8.65395,10.2901,1
612,481296384,854.163,0.0445082,0.657686,13.0444,33.7218,0.923341,82996,0,52,8.65395,10.2901,1
613,482082816,855.652,0.0457597,0.808757,11.088,28.348,1.0149,83134,0,52,8.65395,10.2901,1
614,482869248,857.144,0.0461321,0.700065,8.98402,35.8603,1.15408,83260,0,52,8.65395,10.2901,1
615,483655680,858.638,0.0463459,0.662964,16.5609,58.3236,0.878395,83398,0,52,8.65395,10.2901,1
616,484442112,860.116,0.0462778,0.633035,10.2774,32.9643,0.939532,83555,0,52,8.65396,10.2901,1
617,485228544,861.595,0.0465863,0.742141,15.9793,46.871,0.893363,83721,0,52,8.65396,10.2901,1
618,486014976,863.074,0.0468316,0.687171,10.213,21.4589,0.995075,83887,0,52,8.65397,10.2901,1
619,486801408,864.549,0.0472589,0.686062,11.2664,32.6479,0.90344,84031,0,52,8.65395,10.2901,1
620,487587840,866.025,0.0469728,0.666216,13.8702,35.441,1.0346,84178,0,52,8.65396,10.2901,1
621,488374272,867.503,0.0463421,0.681332,7.36328,21.5404,1.25246,84317,0,52,8.65395,10.2901,1
622,489160704,868.978,0.0466119,0.770242,12.2506,30.7002,0.840312,84450,0,52,8.65395,10.2901,1
623,489947136,870.454,0.0472192,0.716016,19.4726,50.5061,0.869422,84613,0,52,8.65397,10.2901,1
624,490733568,871.908,0.0456266,0.689699,12.4331,36.5005,0.97578,84756,0,52,8.65395,10.2901,1
625,491520000,873.354,0.0454663,0.657714,14.3765,37.5985,0.854516,84895,0,52,8.65395,10.2901,1
626,492306432,874.802,0.0462054,0.673993,9.2412,29.5054,1.11273,85032,0,52,8.65395,10.2901,1
627,493092864,876.252,0.0459605,0.72343,11.6207,21.2593,0.973887,85171,0,52,8.65395,10.2901,1
628,493879296,877.724,0.045547,0.681385,12.9088,30.0727,0.818151,85295,0,52,8.65395,10.2901,1
629,494665728,879.186,0.0459873,0.829916,15.7399,57.6009,0.976903,85446,0,52,8.65396,10.2901,1
630,495452160,880.634,0.0467608,0.650624,13.0246,30.4304,0.979259,85586,0,52,8.65396,10.2901,1
631,496238592,882.083,0.0470193,0.627662,21.0329,53.3493,0.669027,85729,0,52,8.65395,10.2901,1
632,497025024,883.53,0.0456752,0.585841,12.3284,37.5513,0.878124,85872,0,52,8.65396,10.2901,1
633,497811456,884.977,0.0470285,0.794192,17.4907,50.137,0.845737,86007,0,52,8.65395,10.2901,1
634,498597888,886.494,0.0460884,0.729311,10.5605,33.6899,1.01035,86139,0,52,8.65395,10.2901,1
635,499384320,888.01,0.0474431,0.70488,8.97853,28.2291,1.14511,86296,0,52,8.65396,10.2901,1
636,500170752,889.545,0.0470766,0.581332,11.1033,29.086,1.02195,86450,0,52,8.65396,10.2901,1
637,500957184,891.1,0.0471069,0.7216,11.7858,26.3144,1.07191,86579,0,52,8.65395,10.2901,1
638,501743616,892.649,0.0461139,0.742907,13.7708,44.0914,0.895566,86704,0,52,8.65395,10.2901,1
639,502530048,894.177,0.0473139,0.747397,19.5797,38.5031,0.662037,86852,0,52,8.65396,10.2901,1
640,503316480,895.667,0.0474635,0.720986,10.0666,19.6578,0.952905,87001,0,52,8.65396,10.2901,1
641,504102912,897.143,0.0456279,0.768703,10.4272,28.0756,1.16915,87122,0,52,8.65394,10.2901,1
642,504889344,898.622,0.047058,0.73549,16.6079,39.6903,0.749728,87275,0,52,8.65396,10.2901,1
643,505675776,900.121,0.0468175,0.941501,9.72187,21.3904,1.21497,87408,0,52,8.65395,10.2901,1
644,506462208,901.622,0.0460212,0.783114,11.2261,23.7048,0.925859,87542,0,53,8.65395,10.2901,1
645,507248640,903.119,0.0458878,0.688753,9.41748,22.2026,1.13938,87663,0,53,8.65394,10.2901,1
646,508035072,904.615,0.0465536,0.723048,18.4022,55.2869,0.799049,87799,0,53,8.65395,10.2901,1
647,508821504,906.111,0.0478871,0.725047,12.5376,34.5799,1.02871,87935,0,53,8.65395,10.2901,1
648,509607936,907.606,0.0485574,0.793356,14.0723,43.8454,0.92185,88078,0,53,8.65395,10.2901,1
649,510394368,909.098,0.0497711,0.786254,9.77535,22.4029,1.17714,88223,0,53,8.65396,10.2901,1
650,511180800,910.591,0.0474114,0.721379,10.8215,33.5594,0.958445,88366,0,53,8.65396,10.2901,1
651,511967232,912.086,0.0486319,0.680878,9.59681,15.8775,0.95433,88512,0,53,8.65395,10.2901,1
652,512753664,913.582,0.0502632,0.674856,12.6237,26.5398,0.801119,88640,0,53,8.65395,10.2901,1
653,513540096,915.081,0.0485199,0.681234,9.15735,27.2882,1.11307,88781,0,53,8.65395,10.2901,1
654,514326528,916.576,0.0493821,0.83172,16.7557,45.5456,0.914945,88916,0,53,8.65395,10.2901,1
655,515112960,918.076,0.0505859,0.773912,14.4059,33.6201,0.681015,89073,0,53,8.65396,10.2901,1
656,515899392,919.577,0.0489215,0.714524,11.8685,27.9151,0.827364,89192,0,53,8.65394,10.2901,1
657,516685824,921.078,0.0484237,0.743073,17.2119,35.3728,0.71822,89304,0,53,8.65394,10.2901,1
658,517472256,922.574,0.0486074,0.862152,14.6437,54.1257,0.962153,89446,0,53,8.65395,10.2901,1
659,518258688,924.067,0.0493934,0.777967,9.76602,29.2454,1.11079,89589,0,53,8.65396,10.2901,1
660,519045120,925.59,0.0503551,0.747774,17.5191,47.5571,0.596349,89716,0,53,8.65395,10.2901,1
661,519831552,927.114,0.0497476,0.78124,13.3005,36.9932,0.926539,89838,0,53,8.65394,10.2901,1
662,520617984,928.632,0.048252,0.790581,19.771,47.1514,0.825618,89988,0,53,8.65395,10.2901,1
663,521404416,930.146,0.0499408,0.804157,18.5127,57.6865,0.724484,90140,0,53,8.65396,10.2901,1
664,522190848,931.665,0.0497118,0.654746,8.84357,20.3369,1.21779,90303,0,53,8.65396,10.2901,1
665,522977280,933.18,0.0505594,0.683759,14.4908,36.4528,0.813048,90466,0,53,8.65396,10.2901,1
666,523763712,934.684,0.0499956,0.780248,11.1314,26.6138,1.02346,90603,0,53,8.65395,10.2901,1
667,524550144,936.18,0.0486791,0.785329,12.219,33.6094,0.846334,90747,0,53,8.65396,10.2901,1
668,525336576,937.68,0.0493964,0.638159,13.1581,36.4472,1.03905,90890,0,53,8.65395,10.2901,1
669,526123008,939.181,0.049175,0.706569,9.71081,20.4969,0.974775,91020,0,53,8.65395,10.2901,1
670,526909440,940.71,0.051844,0.817274,12.3504,28.2466,0.906362,91183,0,53,8.65396,10.2901,1
671,527695872,942.271,0.048604,0.806264,14.5808,37.9606,0.979909,91323,0,53,8.65395,10.2901,1
672,528482304,943.827,0.0492948,0.605197,17.9126,42.4493,0.770231,91463,0,53,8.65396,10.2901,1
673,529268736,945.389,0.0490014,0.782979,13.317,43.3223,1.00848,91599,0,53,8.65395,10.2901,1
674,530055168,946.952,0.0489013,0.843011,14.6,35.9461,0.837502,91726,0,53,8.65395,10.2901,1
675,530841600,948.509,0.0499359,0.888307,16.3565,45.096,0.958755,91854,0,53,8.65395,10.2901,1
676,531628032,950.067,0.0521744,0.785902,12.1969,24.6389,0.893968,92009,0,53,8.65396,10.2901,1
677,532414464,951.628,0.0496548,0.635362,10.1933,21.693,1.05636,92150,0,53,8.65395,10.2901,1
678,533200896,953.19,0.0502557,0.719325,15.6275,32.1483,0.860383,92295,0,53,8.65396,10.2901,1
679,533987328,954.748,0.0510541,0.81364,14.976,33.7114,0.840351,92434,0,53,8.65395,10.2901,1
680,534773760,956.308,0.0509717,0.951265,16.2409,36.3015,0.857273,92573,0,53,8.65395,10.2901,1
681,535560192,957.866,0.0489571,1.07525,32.7117,83.294,0.675279,92711,0,53,8.65395,10.2901,1
682,536346624,959.424,0.0500934,0.779443,9.83684,20.6698,1.04833,92874,0,53,8.65396,10.2901,1
683,537133056,960.979,0.049894,0.910517,17.1705,44.9985,0.954131,93024,0,53,8.65396,10.2901,1
684,537919488,962.536,0.0494459,0.661343,12.5093,28.3408,0.873879,93151,0,53,8.65394,10.2901,1
685,538705920,964.096,0.0485498,0.766103,10.5392,34.4722,1.08128,93275,0,53,8.65395,10.2901,1
686,539492352,965.66,0.0501358,0.765239,9.90838,27.3258,0.974541,93440,0,53,8.65396,10.2901,1
687,540278784,967.218,0.0508879,0.784398,10.4279,23.1007,1.02194,93591,0,53,8.65396,10.2901,1
688,541065216,968.771,0.0504168,0.803434,15.301,52.9937,0.822806,93728,0,53,8.65395,10.2901,1
689,541851648,970.326,0.0489541,0.845142,16.6846,40.1527,0.835927,93870,0,53,8.65396,10.2901,1
690,542638080,971.885,0.0500469,0.824971,11.6561,31.6821,0.999251,94015,0,53,8.65395,10.2901,1
691,543424512,973.442,0.0498535,0.949698,13.0759,33.9294,0.961366,94151,0,53,8.65395,10.2901,1
692,544210944,974.996,0.049094,0.883355,14.8072,32.5024,0.898787,94271,0,53,8.65394,10.2901,1
693,544997376,976.553,0.0497806,0.823258,13.8347,43.9711,1.01457,94414,0,53,8.65395,10.2901,1
694,545783808,978.111,0.048324,0.895187,12.9597,35.8156,0.919959,94539,0,53,8.65395,10.2901,1
695,546570240,979.677,0.0488175,0.758723,17.5051,47.5357,0.870363,94685,0,53,8.65396,10.2901,1
696,547356672,981.245,0.0484612,0.886136,14.1843,36.1564,0.86298,94831,0,53,8.65395,10.2901,1
697,548143104,982.814,0.0478759,0.660488,8.01644,19.362,1.20334,94977,0,53,8.65396,10.2901,1
698,548929536,984.386,0.0487447,0.924766,19.3551,82.3801,0.930136,95124,0,53,8.65396,10.2901,1
699,549715968,985.957,0.0477774,0.810609,19.4307,60.613,0.794215,95256,0,53,8.65395,10.2901,1
700,550502400,987.528,0.0469094,0.86211,13.0716,29.5763,0.873517,95403,0,53,8.65396,10.2901,1
701,551288832,989.1,0.0457802,0.849494,11.0707,25.1106,0.987464,95524,0,53,8.65394,10.2901,1
702,552075264,990.625,0.0488012,0.855513,20.6308,43.9741,0.601872,95676,0,53,8.65396,10.2901,1
703,552861696,992.145,0.0469325,0.809247,17.56,47.5566,0.760255,95802,0,53,8.65395,10.2901,1
704,553648128,993.66,0.0460519,0.731876,16.5254,37.4719,0.805916,95921,0,53,8.65394,10.2901,1
705,554434560,995.175,0.0470273,0.876773,20.2478,46.3767,0.873305,96075,0,53,8.65396,10.2901,1
706,555220992,996.692,0.0479881,0.86249,15.9167,42.0582,0.92659,96224,0,53,8.65396,10.2901,1
707,556007424,998.207,0.0456518,0.673632,14.9523,34.5429,0.734594,96359,0,53,8.65395,10.2901,1
708,556793856,999.723,0.0457669,0.78436,14.2876,40.1977,0.877341,96482,0,53,8.65395,10.2901,1
709,557580288,1001.24,0.0461924,0.646523,13.9001,35.3166,0.906426,96629,0,53,8.65396,10.2901,1
710,558366720,1002.75,0.0466871,0.758084,22.5749,62.4797,0.661664,96779,0,53,8.65396,10.2901,1
711,559153152,1004.26,0.048737,0.865378,18.1952,68.1421,0.879915,96963,0,53,8.65397,10.2901,1
712,559939584,1005.77,0.048661,0.759507,20.1935,51.4802,0.689676,97107,0,53,8.65396,10.2901,1
713,560726016,1007.29,0.0466373,0.833681,18.5365,47.9209,0.752511,97238,0,53,8.65395,10.2901,1
714,561512448,1008.8,0.0485955,0.92319,19.0747,52.0561,0.838045,97391,0,53,8.65396,10.2901,1
715,562298880,1010.31,0.0474578,0.814824,18.3778,36.9767,0.902769,97523,0,53,8.65395,10.2901,1
716,563085312,1011.83,0.0475584,0.811599,22.8984,64.2194,0.866451,97658,0,53,8.65395,10.2901,1
717,563871744,1013.35,0.0486195,0.92364,28.1606,62.0742,0.662495,97810,0,53,8.65396,10.2901,1
718,564658176,1014.86,0.0486804,1.04101,10.8725,22.5444,1.26196,97958,0,53,8.65396,10.2901,1
719,565444608,1016.37,0.0484199,0.868932,12.4583,35.4914,1.13209,98107,0,53,8.65396,10.2901,1
720,566231040,1017.88,0.0478092,0.695304,15.0722,39.164,0.928999,98236,0,53,8.65395,10.2901,1
721,567017472,1019.39,0.0486347,0.864675,12.0626,26.516,1.05191,98360,0,53,8.65395,10.2901,1
722,567803904,1020.91,0.0460452,0.765876,19.6345,46.7492,0.848617,98486,0,53,8.65394,10.2901,1
723,568590336,1022.42,0.0483005,0.720244,25.5145,63.9247,0.552704,98635,0,53,8.65396,10.2901,1
724,569376768,1023.97,0.0489175,0.762411,14.026,32.9674,0.901608,98786,0,53,8.65396,10.2901,1
725,570163200,1025.51,0.0499777,0.663495,14.3098,39.129,0.854317,98929,0,53,8.65395,10.2901,1
726,570949632,1027.04,0.048733,0.719055,13.0509,32.4132,0.878634,99059,0,53,8.65395,10.2901,1
727,571736064,1028.57,0.0510982,0.854825,15.7005,40.2438,0.960733,99199,0,53,8.65395,10.2901,1
728,572522496,1030.11,0.0512148,0.894414,30.7134,81.7773,0.692627,99344,0,53,8.65395,10.2901,1
729,573308928,1031.64,0.0521425,0.849795,29.341,58.3596,0.641555,99511,0,53,8.65397,10.2901,1
730,574095360,1033.18,0.0518995,0.905022,26.8074,66.8513,0.705189,99673,0,53,8.65396,10.2901,1
731,574881792,1034.72,0.0507652,0.867698,41.3426,86.5606,0.586975,99789,0,53,8.65394,10.2901,1
732,575668224,1036.25,0.0498426,0.923038,19.4464,47.0641,0.719876,99916,0,53,8.65395,10.2901,1
733,576454656,1037.76,0.0519849,0.799711,11.4131,43.8615,1.17058,100085,0,53,8.65397,10.2901,1
734,577241088,1039.28,0.0516871,1.16355,63.5652,126.598,0.516518,100244,0,53,8.65396,10.2901,1
735,578027520,1040.8,0.0497371,0.827587,12.9917,38.9387,0.983075,100378,0,53,8.65395,10.2901,1
736,578813952,1042.33,0.0508126,0.775095,21.3452,60.5903,0.811845,100533,0,53,8.65396,10.2901,1
737,579600384,1043.85,0.0494232,0.686722,12.4889,23.3455,1.02822,100676,0,53,8.65395,10.2901,1
738,580386816,1045.37,0.0486627,0.864064,37.9552,95.2974,0.496806,100807,0,53,8.65395,10.2901,1
739,581173248,1046.91,0.0484509,0.66581,15.1271,37.733,0.863222,100940,0,53,8.65395,10.2901,1
740,581959680,1048.44,0.0489186,0.900955,27.5368,74.7123,0.744125,101072,0,53,8.65395,10.2901,1
741,582746112,1049.99,0.0489188,0.949741,27.017,65.1957,0.567659,101201,0,53,8.65395,10.2901,1
742,583532544,1051.53,0.0490272,0.786688,17.5115,43.5105,0.775148,101353,0,53,8.65396,10.2901,1
743,584318976,1053.06,0.0487632,0.695688,17.804,48.3074,0.954896,101505,0,53,8.65396,10.2901,1
744,585105408,1054.59,0.0488993,0.890381,18.816,45.4981,0.753933,101661,0,53,8.65396,10.2901,1
745,585891840,1056.12,0.0485065,0.820631,15.2471,62.6413,1.08561,101799,0,53,8.65395,10.2901,1
746,586678272,1057.65,0.046366,0.896633,26.2592,56.7898,0.536556,101937,0,53,8.65395,10.2901,1
747,587464704,1059.18,0.0473056,0.836388,11.6743,22.8253,0.991754,102083,0,53,8.65396,10.2901,1
748,588251136,1060.71,0.0464708,0.97438,31.7822,102.479,0.658839,102205,0,53,8.65395,10.2901,1
749,589037568,1062.24,0.0474441,0.809149,14.8068,42.9739,0.97856,102359,0,53,8.65396,10.2901,1
750,589824000,1063.77,0.0452099,0.663681,26.9278,66.7352,0.569253,102477,0,53,8.65394,10.2901,1
751,590610432,1065.3,0.0438761,0.834427,26.7843,78.7214,0.66339,102588,0,53,8.65394,10.2901,1
752,591396864,1066.83,0.0443891,0.775412,12.436,24.8726,0.958284,102748,0,53,8.65396,10.2901,1
753,592183296,1068.35,0.0442297,0.80988,22.4601,61.3734,1.00769,102900,0,53,8.65396,10.2901,1
754,592969728,1069.87,0.0443847,0.822573,26.7684,69.6363,0.709082,103030,0,53,8.65395,10.2901,1
755,593756160,1071.39,0.0440527,0.819996,20.7694,71.7433,0.75652,103164,0,53,8.65395,10.2901,1
756,594542592,1072.91,0.0435931,0.825247,39.8388,91.0421,0.570788,103301,0,53,8.65395,10.2901,1
757,595329024,1074.43,0.0427085,0.72971,19.7671,50.5372,0.805226,103449,0,53,8.65396,10.2901,1
758,596115456,1075.95,0.0419274,0.722867,17.1753,54.3137,0.775883,103616,0,53,8.65397,10.2901,1
759,596901888,1077.48,0.0429578,0.706194,13.0254,26.1022,0.996834,103764,0,53,8.65396,10.2901,1
760,597688320,1079.01,0.0423159,0.927374,40.5714,116.799,0.572425,103901,0,53,8.65395,10.2901,1
761,598474752,1080.52,0.0443254,0.733706,11.4694,29.0537,1.13018,104062,0,53,8.65396,10.2901,1
762,599261184,1082.04,0.0409751,0.692974,26.5692,72.0557,0.719084,104182,0,53,8.65395,10.2901,1
763,600047616,1083.57,0.0426257,0.724587,17.4218,49.444,0.939169,104320,0,53,8.65395,10.2901,1
764,600834048,1085.08,0.0426501,0.656566,20.7559,51.81,0.734114,104481,0,53,8.65396,10.2901,1
765,601620480,1086.58,0.0435893,0.762918,16.0267,41.9825,0.967976,104635,0,53,8.65396,10.2901,1
766,602406912,1088.08,0.0435134,0.699888,14.6664,40.6482,1.03988,104784,0,53,8.65396,10.2901,1
767,603193344,1089.58,0.0434713,0.756831,15.2971,42.7376,0.943049,104909,0,53,8.65395,10.2901,1
768,603979776,1091.08,0.0428618,0.644967,16.013,35.9892,0.934764,105033,0,53,8.65395,10.2901,1
769,604766208,1092.59,0.0439903,0.624615,17.8376,47.4944,0.879306,105173,0,53,8.65395,10.2901,1
770,605552640,1094.09,0.0433212,0.69212,16.9139,49.6353,0.818597,105312,0,53,8.65395,10.2901,1
771,606339072,1095.58,0.0427555,0.643651,17.0275,47.5785,0.89086,105452,0,53,8.65395,10.2901,1
772,607125504,1097.08,0.0447603,0.717331,15.7501,64.9769,1.01952,105591,0,53,8.65395,10.2901,1
773,607911936,1098.58,0.0439874,0.60414,13.4649,24.5236,0.926009,105730,0,53,8.65395,10.2901,1
774,608698368,1100.07,0.0440469,0.778319,16.9794,45.6973,0.749545,105873,0,53,8.65395,10.2901,1
775,609484800,1101.57,0.0442878,0.819199,14.1052,32.6593,0.981359,106023,0,53,8.65396,10.2901,1
776,610271232,1103.06,0.0440455,0.795522,16.3422,38.3311,0.967938,106176,0,53,8.65396,10.2901,1
777,611057664,1104.56,0.0444589,0.742671,20.4632,59.4506,0.810721,106332,0,53,8.65396,10.2901,1
778,611844096,1106.05,0.0427204,0.666828,22.9586,53.6092,0.689967,106444,0,53,8.65394,10.2901,1
779,612630528,1107.55,0.0447522,0.666279,16.5667,38.2961,0.803485,106578,0,53,8.65395,10.2901,1
780,613416960,1109.05,0.047532,0.617788,10.5233,27.0186,1.02581,106747,0,53,8.65397,10.2901,1
781,614203392,1110.56,0.0456559,0.667883,22.9638,77.668,0.78679,106891,0.005,53,8.65396,10.2901,1
782,614989824,1112.08,0.0447188,0.638663,10.6802,23.057,1.10519,107023,0.005,53,8.65395,10.2901,1
783,615776256,1113.61,0.0463628,0.741153,24.3627,48.7604,0.77627,107175,0.005,53,8.65396,10.2901,1
784,616562688,1115.14,0.0458315,0.692849,11.4672,21.4799,1.07981,107306,0,53,8.65395,10.2901,1
785,617349120,1116.66,0.0459107,0.71274,16.987,49.6312,0.89901,107433,0,53,8.65395,10.2901,1
786,618135552,1118.16,0.0480138,0.828094,15.4872,48.5078,1.0011,107571,0,53,8.65395,10.2901,1
787,618921984,1119.66,0.0457446,0.70403,14.8246,35.396,0.904517,107699,0,53,8.65395,10.2901,1
788,619708416,1121.15,0.0465816,0.775454,28.5002,75.4956,0.584165,107829,0,53,8.65395,10.2901,1
789,620494848,1122.64,0.048083,0.78835,18.7092,54.4159,0.785998,107977,0,53,8.65395,10.2901,1
790,621281280,1124.14,0.0481063,0.781664,23.0451,78.7413,0.687677,108125,0,53,8.65396,10.2901,1
791,622067712,1125.63,0.0481756,0.785264,11.1298,33.4327,1.01283,108267,0,53,8.65395,10.2901,1
792,622854144,1127.13,0.0490602,0.871271,38.668,87.966,0.666876,108415,0,53,8.65395,10.2901,1
793,623640576,1128.63,0.047729,0.813269,15.3248,38.4868,0.902569,108556,0,53,8.65395,10.2901,1
794,624427008,1130.13,0.0484203,0.637916,16.4663,40.6298,0.766164,108703,0,53,8.65396,10.2901,1
795,625213440,1131.63,0.0470742,0.67933,14.7145,43.9266,0.968707,108822,0,53,8.65394,10.2901,1
796,625999872,1133.13,0.0474056,0.753397,24.9845,61.8603,0.620285,108971,0,53,8.65396,10.2901,1
797,626786304,1134.62,0.0468975,0.638068,16.0688,42.6341,0.814775,109092,0,53,8.65394,10.2901,1
798,627572736,1136.12,0.0482927,0.81142,38.2661,81.3951,0.554164,109214,0,53,8.65394,10.2901,1
799,628359168,1137.61,0.0474064,0.68209,19.1375,45.0322,0.782665,109370,0,53,8.65396,10.2901,1
800,629145600,1139.12,0.0484507,0.659808,22.2665,53.6852,0.65404,109513,0,53,8.65396,10.2901,1
801,629932032,1140.62,0.0476797,0.750347,12.1583,28.2297,1.0579,109640,0,53,8.65395,10.2901,1
802,630718464,1142.12,0.049444,0.848732,11.6588,28.4692,1.17601,109775,0,53,8.65395,10.2901,1
803,631504896,1143.63,0.0496696,0.726296,13.5423,38.3556,1.11879,109919,0,53,8.65395,10.2901,1
804,632291328,1145.13,0.0494418,0.772506,12.3051,34.6602,0.980207,110076,0,53,8.65396,10.2901,1
805,633077760,1146.65,0.0502651,0.723878,20.6009,61.0097,0.800034,110241,0,53,8.65396,10.2901,1
806,633864192,1148.17,0.0507156,0.903037,23.93,51.7671,0.740798,110387,0,53,8.65396,10.2901,1
807,634650624,1149.69,0.0498619,0.832836,13.8364,39.4527,1.00938,110536,0,53,8.65395,10.2901,1
808,635437056,1151.19,0.049418,0.875434,12.1869,28.6514,0.979864,110699,0,53,8.65396,10.2901,1
809,636223488,1152.7,0.0487663,0.76316,17.1206,55.6478,0.806407,110826,0,53,8.65395,10.2901,1
810,637009920,1154.19,0.0483349,0.859103,17.0903,66.8419,0.806969,110961,0,53,8.65395,10.2901,1
811,637796352,1155.68,0.0483313,0.776295,26.8813,74.607,0.689549,111115,0,53,8.65396,10.2901,1
812,638582784,1157.15,0.0488531,0.817248,10.7876,27.8358,1.16677,111270,0,53,8.65396,10.2901,1
813,639369216,1158.69,0.0503969,0.694521,18.2577,54.0275,0.851048,111432,0,53,8.65396,10.2901,1
814,640155648,1160.21,0.0488953,0.854869,11.4176,34.9707,1.12858,111558,0,53,8.65394,10.2901,1
815,640942080,1161.73,0.0483386,0.788103,27.916,90.0089,0.750193,111683,0,53,8.65395,10.2901,1
816,641728512,1163.29,0.0482174,0.934951,21.9856,48.8153,0.759639,111826,0,53,8.65395,10.2901,1
817,642514944,1164.85,0.0483247,0.920808,31.1422,79.9072,0.618686,111989,0,53,8.65396,10.2901,1
818,643301376,1166.36,0.0470631,0.784838,17.5112,45.7042,0.76061,112136,0,53,8.65395,10.2901,1
819,644087808,1167.88,0.0481515,0.787299,21.6321,45.7862,0.779048,112265,0,53,8.65395,10.2901,1
820,644874240,1169.39,0.0482848,0.795399,15.0934,44.8839,0.96505,112409,0,53,8.65395,10.2901,1
821,645660672,1170.9,0.0462803,0.775244,11.5698,27.8292,1.08916,112549,0,53,8.65395,10.2901,1
822,646447104,1172.42,0.0481304,0.698955,16.6472,43.4344,0.790515,112697,0,53,8.65396,10.2901,1
823,647233536,1173.94,0.0468028,0.723152,28.7291,68.9253,0.591935,112857,0,53,8.65396,10.2901,1
824,648019968,1175.45,0.0475424,0.779867,38.5364,91.939,0.446824,113011,0,53,8.65396,10.2901,1
825,648806400,1176.94,0.0464386,0.742925,13.8181,39.4931,0.943047,113126,0,53,8.65394,10.2901,1
826,649592832,1178.45,0.0459057,0.698761,14.2436,34.9524,0.939656,113264,0,53,8.65395,10.2901,1
827,650379264,1179.96,0.0478133,0.802615,14.2471,29.2534,0.853741,113432,0,53,8.65396,10.2901,1
828,651165696,1181.46,0.0463459,0.762363,13.2876,32.7926,0.942389,113575,0,53,8.65396,10.2901,1
829,651952128,1182.96,0.0462647,0.751964,12.3219,27.9436,0.925038,113707,0,53,8.65395,10.2901,1
830,652738560,1184.48,0.0449266,0.510837,18.9842,62.0475,0.68758,113844,0,53,8.65395,10.2901,1
831,653524992,1186,0.0452621,0.769862,24.3146,54.4482,0.709467,113966,0,53,8.65395,10.2901,1
832,654311424,1187.54,0.0446371,0.600002,21.373,59.7709,0.607451,114087,0,53,8.65394,10.2901,1
833,655097856,1189.06,0.04536,0.761973,15.8103,37.9114,0.816811,114226,0,53,8.65395,10.2901,1
834,655884288,1190.59,0.0436715,0.703858,17.2084,47.4969,0.754099,114348,0,53,8.65394,10.2901,1
835,656670720,1192.11,0.044946,0.692825,27.0372,77.5345,0.623275,114488,0,53,8.65395,10.2901,1
836,657457152,1193.62,0.0454528,0.704138,16.2205,50.3792,0.945898,114627,0,53,8.65395,10.2901,1
837,658243584,1195.12,0.0450627,0.692446,24.0984,57.6341,0.621866,114766,0,53,8.65395,10.2901,1
838,659030016,1196.62,0.0470216,0.780489,23.1207,76.4467,0.723564,114922,0,53,8.65396,10.2901,1
839,659816448,1198.13,0.0465409,0.734564,36.615,62.9106,0.412881,115058,0,53,8.65395,10.2901,1
840,660602880,1199.65,0.0451715,0.72101,15.6413,35.719,0.9135,115197,0,53,8.65395,10.2901,1
841,661389312,1201.15,0.0455547,0.648526,15.0574,34.8653,0.756628,115336,0,53,8.65395,10.2901,1
842,662175744,1202.7,0.0441771,0.885416,13.6262,34.962,0.948912,115463,0,53,8.65395,10.2901,1
843,662962176,1204.24,0.0440325,0.671066,10.5595,22.2677,0.938785,115615,0,53,8.65396,10.2901,1
844,663748608,1205.79,0.0435978,0.698382,14.5784,41.8953,0.932306,115741,0,53,8.65394,10.2901,1
845,664535040,1207.33,0.0429528,0.623127,15.9678,39.9669,0.783974,115854,0,53,8.65394,10.2901,1
846,665321472,1208.87,0.0442939,0.711186,14.4894,33.6449,0.823904,116016,0,53,8.65396,10.2901,1
847,666107904,1210.41,0.0446143,0.761352,17.9308,53.0304,0.833859,116156,0,53,8.65395,10.2901,1
848,666894336,1211.96,0.0448163,0.660134,14.9332,44.3261,0.805443,116292,0,53,8.65395,10.2901,1
849,667680768,1213.51,0.0439175,0.773871,16.2002,36.0067,0.976581,116411,0,53,8.65394,10.2901,1
850,668467200,1215.05,0.0444639,0.712582,15.1992,44.4159,0.822973,116556,0,53,8.65395,10.2901,1
851,669253632,1216.58,0.045495,0.851041,21.0951,43.5762,0.699622,116704,0,53,8.65396,10.2901,1
852,670040064,1218.1,0.0466404,0.710258,14.5904,38.5523,0.898745,116868,0,53,8.65397,10.2901,1
853,670826496,1219.64,0.0468935,0.757834,16.3689,45.1798,0.741751,117010,0,53,8.65395,10.2901,1
854,671612928,1221.17,0.045449,0.606086,9.79422,22.7957,1.04248,117159,0,53,8.65396,10.2901,1
855,672399360,1222.71,0.0469385,0.764041,32.1422,83.4402,0.58825,117317,0,53,8.65396,10.2901,1
856,673185792,1224.25,0.0466107,0.706741,17.9539,68.9534,0.875846,117446,0,53,8.65395,10.2901,1
857,673972224,1225.79,0.0468698,0.842521,37.4461,82.1576,0.431783,117592,0,53,8.65396,10.2901,1
858,674758656,1227.33,0.0481175,0.784028,29.6391,69.1209,0.572295,117751,0,53,8.65396,10.2901,1
859,675545088,1228.87,0.046673,0.687544,14.9238,33.1525,0.825386,117897,0,53,8.65396,10.2901,1
860,676331520,1230.4,0.0479731,0.804526,16.4481,67.3873,0.967048,118044,0,53,8.65396,10.2901,1
861,677117952,1231.94,0.0468676,0.896862,14.2111,45.4006,1.00671,118179,0,53,8.65395,10.2901,1
862,677904384,1233.47,0.0463791,0.981037,12.0726,25.3949,1.02895,118301,0,53,8.65394,10.2901,1
863,678690816,1235.01,0.0463574,0.753517,16.3624,37.3318,0.79262,118451,0,53,8.65396,10.2901,1
864,679477248,1236.55,0.0479095,1.07675,14.5231,35.3262,0.92652,118604,0,53,8.65396,10.2901,1
865,680263680,1238.04,0.0474366,0.649672,16.5361,53.1747,0.788138,118744,0,53,8.65395,10.2901,1
866,681050112,1239.54,0.0468888,0.896321,16.3543,41.0352,0.873105,118871,0,53,8.65395,10.2901,1
867,681836544,1241.04,0.0465762,0.842549,18.102,64.2034,0.800411,119014,0,53,8.65395,10.2901,1
868,682622976,1242.55,0.0467609,0.839853,19.2766,46.4429,0.741826,119163,0,53,8.65396,10.2901,1
869,683409408,1244.05,0.0466195,0.825154,19.8624,49.5354,0.612491,119307,0,53,8.65396,10.2901,1
870,684195840,1245.55,0.0473907,0.863987,19.7504,58.113,0.826213,119475,0,53,8.65397,10.2901,1
871,684982272,1247.08,0.0476531,0.8821,23.091,88.5367,0.717848,119623,0,53,8.65396,10.2901,1
872,685768704,1248.61,0.0469755,0.721452,23.0654,64.068,0.714472,119744,0,53,8.65394,10.2901,1
873,686555136,1250.13,0.047006,0.762234,13.1887,38.0929,1.00638,119888,0,53,8.65395,10.2901,1
874,687341568,1251.65,0.0479274,0.794591,19.2471,47.6567,0.772138,120047,0,53,8.65396,10.2901,1
875,688128000,1253.18,0.0487364,0.800544,12.9016,33.8493,0.949769,120192,0,53,8.65396,10.2901,1
876,688914432,1254.71,0.0476696,0.882955,12.5925,39.9488,1.0533,120332,0,53,8.65395,10.2901,1
877,689700864,1256.23,0.0465548,0.729295,15.7403,38.8066,0.93547,120464,0,53,8.65395,10.2901,1
878,690487296,1257.76,0.0464899,0.750951,11.7704,32.341,0.947191,120583,0,53,8.65394,10.2901,1
879,691273728,1259.29,0.0483946,0.871765,14.0653,34.6069,0.949933,120714,0,53,8.65395,10.2901,1
880,692060160,1260.81,0.0477134,0.70582,16.348,43.0353,0.81553,120874,0,53,8.65396,10.2901,1
881,692846592,1262.33,0.0453545,0.695084,17.0292,33.7241,0.684289,120993,0,53,8.65394,10.2901,1
882,693633024,1263.86,0.0462459,0.766177,18.525,45.0063,0.738201,121132,0,53,8.65395,10.2901,1
883,694419456,1265.39,0.0443577,0.673234,19.7527,41.8209,0.708577,121253,0,53,8.65395,10.2901,1
884,695205888,1266.92,0.0466462,0.719869,21.0119,63.2294,0.62477,121396,0,53,8.65395,10.2901,1
885,695992320,1268.46,0.0470288,0.681857,18.4407,43.1243,0.677277,121548,0,53,8.65396,10.2901,1
886,696778752,1269.98,0.0467075,0.63486,15.1457,50.1456,0.752431,121679,0,53,8.65395,10.2901,1
887,697565184,1271.51,0.0463919,0.793583,22.2167,59.7808,0.609222,121809,0,53,8.65395,10.2901,1
888,698351616,1273.04,0.0468278,0.707654,10.1556,26.3662,1.02853,121946,0,53,8.65395,10.2901,1
889,699138048,1274.57,0.0473776,0.586869,21.1123,58.8374,0.757035,122080,0,53,8.65395,10.2901,1
890,699924480,1276.09,0.0486611,0.667666,18.1242,45.0098,0.738581,122229,0,53,8.65396,10.2901,1
891,700710912,1277.62,0.0480281,0.708498,25.8382,69.7931,0.574357,122354,0,53,8.65395,10.2901,1
892,701497344,1279.14,0.0463767,0.597768,9.74385,22.6892,1.00284,122465,0,53,8.65394,10.2901,1
893,702283776,1280.69,0.0492068,0.736162,13.6981,39.9254,0.899801,122636,0,53,8.65397,10.2901,1
894,703070208,1282.22,0.0486682,0.661711,16.449,41.8421,0.812089,122768,0,53,8.65395,10.2901,1
895,703856640,1283.75,0.0492465,1.02244,48.1622,99.5616,0.504306,122896,0,53,8.65395,10.2901,1
896,704643072,1285.28,0.0485101,1.01563,24.5127,58.3935,0.669382,123028,0,53,8.65395,10.2901,1
897,705429504,1286.8,0.049732,0.870859,13.0819,32.2018,0.916334,123174,0,53,8.65396,10.2901,1
898,706215936,1288.32,0.0499465,0.779872,21.3017,62.6897,0.719171,123322,0,53,8.65396,10.2901,1
899,707002368,1289.85,0.0524992,0.697849,13.4406,39.1594,0.956681,123475,0,53,8.65396,10.2901,1
900,707788800,1291.39,0.0519736,0.78214,17.7049,36.7559,0.669936,123614,0,53,8.65395,10.2901,1
901,708575232,1292.95,0.0516175,0.700824,15.2821,29.5548,0.78648,123764,0,53,8.65396,10.2901,1
902,709361664,1294.53,0.0529538,0.874736,12.393,31.6356,1.03231,123923,0,53,8.65396,10.2901,1
903,710148096,1296.11,0.0525509,0.668619,22.9332,78.928,0.815648,124063,0,53,8.65395,10.2901,1
904,710934528,1297.69,0.051221,0.781694,14.3595,32.7929,0.843539,124222,0,53,8.65396,10.2901,1
905,711720960,1299.24,0.0528832,0.760724,14.9579,39.0599,0.870955,124380,0,53,8.65396,10.2901,1
906,712507392,1300.72,0.0517236,0.728825,12.2307,22.9323,0.843393,124522,0,53,8.65396,10.2901,1
907,713293824,1302.15,0.0536481,0.772313,16.3581,46.1373,0.791441,124664,0,53,8.65395,10.2901,1
908,714080256,1303.67,0.0513182,0.85286,19.5643,67.0374,0.872759,124790,0,53,8.65395,10.2901,1
909,714866688,1305.18,0.050777,0.774625,12.1511,26.1668,0.903538,124919,0,53,8.65394,10.2901,1
910,715653120,1306.66,0.0540235,0.745773,17.2094,44.5385,0.885646,125071,0,53,8.65396,10.2901,1
911,716439552,1308.15,0.0536144,0.881332,15.1844,28.0504,0.733331,125221,0,53,8.65396,10.2901,1
912,717225984,1309.6,0.0533668,0.789767,20.7009,50.4679,0.729397,125348,0,53,8.65395,10.2901,1
913,718012416,1311.08,0.0532414,0.717563,22.3274,57.0661,0.717083,125493,0,53,8.65395,10.2901,1
914,718798848,1312.53,0.0546196,0.77915,33.5452,94.9568,0.618482,125622,0,53,8.65395,10.2901,1
915,719585280,1313.99,0.0539437,0.925341,28.3673,92.0686,0.593919,125760,0,53,8.65395,10.2901,1
916,720371712,1315.45,0.056083,0.98669,21.451,60.8843,0.740815,125915,0,53,8.65396,10.2901,1
917,721158144,1316.91,0.0534871,0.893592,17.4564,39.5203,0.848343,126071,0,53,8.65396,10.2901,1
918,721944576,1318.42,0.055159,0.809651,17.2838,60.6336,0.928242,126219,0,53,8.65396,10.2901,1
919,722731008,1319.92,0.0533808,1.02279,26.7288,65.2736,0.711071,126354,0,53,8.65395,10.2901,1
920,723517440,1321.42,0.0518313,0.784908,14.0425,34.1047,0.88571,126502,0,53,8.65396,10.2901,1
921,724303872,1322.91,0.0535852,0.727863,14.2842,41.2377,1.00387,126652,0,53,8.65396,10.2901,1
922,725090304,1324.41,0.0531558,0.80586,13.9299,39.0306,1.00485,126796,0,53,8.65395,10.2901,1
923,725876736,1325.91,0.0525714,0.832817,15.2067,34.051,0.738005,126934,0,53,8.65395,10.2901,1
924,726663168,1327.42,0.0523946,0.940656,16.8547,46.1462,0.80493,127065,0,53,8.65395,10.2901,1
925,727449600,1328.91,0.0508944,0.901406,14.5864,40.355,0.890438,127187,0,53,8.65394,10.2901,1
926,728236032,1330.42,0.0507996,0.952842,20.8005,57.5825,0.742392,127321,0,53,8.65395,10.2901,1
927,729022464,1331.93,0.0505065,0.944736,12.3226,29.5409,0.947524,127482,0,53,8.65396,10.2901,1
928,729808896,1333.44,0.0484912,0.876815,10.3459,26.0803,1.03147,127617,0,53,8.65395,10.2901,1
929,730595328,1334.94,0.0483035,0.789159,9.70838,18.4519,1.04445,127754,0,53,8.65395,10.2901,1
930,731381760,1336.44,0.0471816,0.774003,9.44397,22.7186,1.12739,127881,0,53,8.65394,10.2901,1
931,732168192,1337.93,0.0475353,0.919704,22.2607,60.3449,0.766987,128017,0,53,8.65395,10.2901,1
932,732954624,1339.43,0.0501731,0.911471,18.6814,45.2622,0.736665,128177,0,53,8.65396,10.2901,1
933,733741056,1340.92,0.0483327,0.88949,22.1792,52.0676,0.687088,128310,0,53,8.65395,10.2901,1
934,734527488,1342.41,0.0468413,0.642466,14.8805,32.9173,0.726542,128428,0,53,8.65394,10.2901,1
935,735313920,1343.9,0.0473918,1.24128,12.8273,29.3384,1.01121,128571,0,53,8.65395,10.2901,1
936,736100352,1345.39,0.0467814,0.754582,9.65145,27.9942,1.08938,128704,0,53,8.65395,10.2901,1
937,736886784,1346.91,0.046977,0.795023,13.3633,25.0013,0.848399,128845,0,53,8.65395,10.2901,1
938,737673216,1348.43,0.047581,0.894129,17.5155,44.989,0.69959,128967,0,53,8.65394,10.2901,1
939,738459648,1349.95,0.0466598,0.997062,12.9085,33.5383,0.975505,129093,0,53,8.65394,10.2901,1
940,739246080,1351.47,0.0472195,1.06861,11.7725,22.5494,1.0239,129262,0,53,8.65397,10.2901,1
941,740032512,1353.01,0.0465802,0.787082,17.6912,43.5559,0.761495,129384,0,53,8.65394,10.2901,1
942,740818944,1354.55,0.0461563,0.696247,10.6357,25.788,0.914682,129510,0,53,8.65395,10.2901,1
943,741605376,1356.11,0.0469143,0.721124,11.7682,39.057,0.973933,129654,0,53,8.65395,10.2901,1
944,742391808,1357.67,0.0469034,0.93385,14.8311,41.8178,0.844997,129796,0,53,8.65396,10.2901,1
945,743178240,1359.22,0.0468172,0.918918,18.2088,41.594,0.744887,129960,0,53,8.65396,10.2901,1
946,743964672,1360.74,0.047406,0.803158,11.3561,20.7807,0.852118,130116,0,53,8.65396,10.2901,1
947,744751104,1362.28,0.0472664,0.655843,10.8918,24.2645,0.889703,130251,0,53,8.65395,10.2901,1
948,745537536,1363.78,0.0454791,0.671328,10.5342,24.9737,0.950493,130402,0,53,8.65396,10.2901,1
949,746323968,1365.3,0.0487971,0.76001,26.5978,63.5222,0.57706,130566,0,53,8.65396,10.2901,1
950,747110400,1366.85,0.0468245,0.755197,13.8769,35.0657,0.794924,130696,0,53,8.65395,10.2901,1
951,747896832,1368.42,0.0494943,0.728316,22.1884,52.2761,0.575966,130867,0,53,8.65397,10.2901,1
952,748683264,1369.98,0.049458,0.800556,14.049,36.6485,0.758216,131020,0,53,8.65396,10.2901,1
953,749469696,1371.54,0.0508023,1.1295,12.4199,39.9228,1.13017,131172,0,53,8.65396,10.2901,1
954,750256128,1373.1,0.0496821,0.745797,12.2583,25.4262,0.823051,131311,0,53,8.65395,10.2901,1
955,751042560,1374.67,0.0491314,0.932804,13.9077,34.4132,0.766181,131444,0,53,8.65395,10.2901,1
956,751828992,1376.23,0.0482382,0.789685,13.4923,33.3326,0.80543,131582,0,53,8.65395,10.2901,1
957,752615424,1377.8,0.0486632,0.882593,16.1382,32.6726,0.747848,131728,0,53,8.65395,10.2901,1
958,753401856,1379.36,0.0490749,0.783434,10.6979,32.152,0.970758,131878,0,53,8.65396,10.2901,1
959,754188288,1380.92,0.0489485,0.76638,12.7812,31.405,0.79887,131998,0,53,8.65394,10.2901,1
960,754974720,1382.49,0.0478979,0.825028,14.2394,34.8717,0.753602,132144,0,53,8.65395,10.2901,1
961,755761152,1384.05,0.0479637,0.757448,11.364,23.4738,0.839469,132271,0,53,8.65395,10.2901,1
962,756547584,1385.62,0.0476324,0.670854,14.0563,40.5618,0.870483,132403,0,53,8.65395,10.2901,1
963,757334016,1387.18,0.0488052,0.845648,20.7016,40.9707,0.565734,132552,0,53,8.65396,10.2901,1
964,758120448,1388.73,0.0492669,0.743739,13.8065,31.8243,0.684768,132717,0,53,8.65396,10.2901,1
965,758906880,1390.29,0.0496407,0.980723,11.0606,21.2,0.935533,132853,0,53,8.65395,10.2901,1
966,759693312,1391.82,0.0478754,0.92796,9.84751,20.668,0.993646,132987,0,53,8.65395,10.2901,1
967,760479744,1393.35,0.0485367,0.754846,12.0455,39.5404,0.919539,133126,0,53,8.65395,10.2901,1
968,761266176,1394.86,0.0488944,0.717275,14.2054,40.7215,0.777565,133275,0,53,8.65396,10.2901,1
969,762052608,1396.38,0.0484734,0.73352,9.72367,27.1511,1.0214,133419,0,53,8.65396,10.2901,1
970,762839040,1397.91,0.0506459,0.972531,19.9863,51.2559,0.648789,133568,0,53,8.65396,10.2901,1
971,763625472,1399.43,0.0491364,0.774021,12.8011,28.6581,0.789611,133694,0,53,8.65395,10.2901,1
972,764411904,1400.94,0.0480627,0.846719,15.1402,33.3512,0.731282,133820,0,53,8.65395,10.2901,1
973,765198336,1402.47,0.0471942,0.631505,13.9146,36.6436,0.746712,133943,0,53,8.65394,10.2901,1
974,765984768,1403.99,0.0498392,0.743315,16.8408,63.5236,0.91265,134104,0,53,8.65396,10.2901,1
975,766771200,1405.5,0.0487987,0.820901,20.8278,47.2505,0.597838,134233,0,53,8.65395,10.2901,1
976,767557632,1407.01,0.0476599,0.789589,11.8398,24.796,0.822234,134361,0,53,8.65395,10.2901,1
977,768344064,1408.52,0.0481861,0.7524,12.5536,31.8933,0.776758,134505,0,53,8.65395,10.2901,1
978,769130496,1410.09,0.0482413,0.630683,11.3227,27.1695,0.792857,134642,0,53,8.65395,10.2901,1
979,769916928,1411.66,0.0496289,0.705731,10.494,28.1159,0.91907,134794,0,53,8.65396,10.2901,1
980,770703360,1413.19,0.0482674,0.767766,16.0325,38.1512,0.655034,134919,0,53,8.65395,10.2901,1
981,771489792,1414.75,0.046973,0.86865,11.7221,23.7735,0.879817,135042,0,53,8.65394,10.2901,1
982,772276224,1416.32,0.0486227,0.739853,11.4035,24.0077,0.878401,135181,0,53,8.65395,10.2901,1
983,773062656,1417.89,0.0471089,0.927233,12.4515,37.6946,0.863445,135321,0,53,8.65395,10.2901,1
984,773849088,1419.45,0.0485156,0.729046,8.50889,16.4753,1.02258,135459,0,53,8.65395,10.2901,1
985,774635520,1421,0.0478526,0.743019,15.3635,44.149,0.73533,135571,0,53,8.65394,10.2901,1
986,775421952,1422.55,0.0479901,0.781945,21.8335,47.2496,0.547599,135699,0,53,8.65395,10.2901,1
987,776208384,1424.1,0.0507096,0.926358,25.5534,66.5005,0.599941,135869,0,53,8.65397,10.2901,1
988,776994816,1425.66,0.0490458,0.929932,13.5395,41.5666,0.886318,136000,0,53,8.65395,10.2901,1
989,777781248,1427.21,0.048354,0.671336,13.1516,26.7699,0.800585,136118,0,53,8.65394,10.2901,1
990,778567680,1428.74,0.0470157,0.663564,10.1087,20.4079,0.912999,136256,0,53,8.65395,10.2901,1
991,779354112,1430.27,0.0486872,0.735997,11.3276,29.0595,0.898853,136395,0,53,8.65395,10.2901,1
992,780140544,1431.8,0.0486736,0.631077,10.0584,20.7518,0.845762,136560,0,53,8.65396,10.2901,1
993,780926976,1433.36,0.0488212,0.668402,14.7247,41.1758,0.796778,136724,0,53,8.65397,10.2901,1
994,781713408,1434.93,0.0482329,0.578738,16.019,35.6482,0.611751,136847,0,53,8.65394,10.2901,1
995,782499840,1436.49,0.0501259,0.742775,17.7286,61.4838,0.775849,137006,0,53,8.65396,10.2901,1
996,783286272,1438.06,0.0499377,0.683703,15.634,55.4328,0.692804,137155,0,53,8.65396,10.2901,1
997,784072704,1439.63,0.0507448,0.853956,24.6718,53.9786,0.570327,137286,0,53,8.65395,10.2901,1
998,784859136,1441.19,0.0497121,0.772585,14.5262,35.7419,0.763352,137448,0,53,8.65396,10.2901,1
999,785645568,1442.76,0.0502467,0.932696,22.4395,61.4454,0.705105,137597,0,53,8.65396,10.2901,1
1000,786432000,1444.32,0.0496747,0.600928,11.464,36.0612,0.860799,137739,0,53,8.65395,10.2901,1
1001,787218432,1445.89,0.0487937,0.779231,19.7094,46.9816,0.637526,137872,0,53,8.65395,10.2901,1
1002,788004864,1447.45,0.0486968,0.894617,17.274,38.491,0.649909,138001,0,53,8.65395,10.2901,1
1003,788791296,1449.02,0.0498406,0.888428,28.072,66.914,0.503414,138144,0,53,8.65395,10.2901,1
1004,789577728,1450.6,0.04867,0.752235,12.1802,27.326,0.811068,138293,0,53,8.65396,10.2901,1
1005,790364160,1452.18,0.0494747,1.0365,28.3392,62.5952,0.606311,138440,0,53,8.65396,10.2901,1
1006,791150592,1453.76,0.0477246,0.890403,17.3085,44.335,0.689991,138558,0,53,8.65394,10.2901,1
1007,791937024,1455.33,0.0488278,0.878021,19.3566,48.357,0.624774,138698,0,53,8.65396,10.2901,1
1008,792723456,1456.87,0.0493699,0.870613,17.9573,38.3813,0.680135,138831,0,53,8.65395,10.2901,1
1009,793509888,1458.42,0.0496057,0.92715,14.6474,34.8465,0.818492,138965,0,53,8.65395,10.2901,1
1010,794296320,1459.97,0.0511505,0.858641,10.6257,26.5926,1.0189,139118,0,53,8.65396,10.2901,1
1011,795082752,1461.53,0.0498414,0.733095,18.7151,50.9497,0.696168,139273,0,53,8.65396,10.2901,1
1012,795869184,1463.08,0.0491592,0.889473,12.5172,23.6475,0.925346,139415,0,53,8.65395,10.2901,1
1013,796655616,1464.63,0.0495305,0.892765,11.4075,31.0139,0.88004,139561,0,53,8.65396,10.2901,1
1014,797442048,1466.19,0.0499208,0.836718,13.5492,32.9859,0.876423,139708,0,53,8.65395,10.2901,1
1015,798228480,1467.68,0.0508845,0.921449,12.1183,20.885,0.848197,139864,0,53,8.65396,10.2901,1
1016,799014912,1469.18,0.0480017,0.648967,13.462,29.4018,0.825807,140008,0,53,8.65395,10.2901,1
1017,799801344,1470.66,0.0477149,0.827021,29.5885,67.5857,0.476314,140160,0,53,8.65396,10.2901,1
1018,800587776,1472.13,0.046277,0.6844,15.9238,44.289,0.816979,140287,0,53,8.65395,10.2901,1
1019,801374208,1473.61,0.0470734,0.607493,22.9225,52.9295,0.538529,140409,0,53,8.65395,10.2901,1
1020,802160640,1475.08,0.0470272,0.769412,15.2032,39.5831,0.743478,140541,0,53,8.65395,10.2901,1
1021,802947072,1476.55,0.0466198,0.771688,14.7841,35.5919,0.844423,140700,0,53,8.65396,10.2901,1
1022,803733504,1478.06,0.0459058,0.770399,12.2165,30.4819,0.957678,140826,0,53,8.65395,10.2901,1
1023,804519936,1479.59,0.046128,0.757651,17.1075,47.6511,0.782899,140970,0,53,8.65395,10.2901,1
1024,805306368,1481.1,0.0446351,0.754252,15.1874,36.5525,0.728964,141102,0,53,8.65395,10.2901,1
1025,806092800,1482.62,0.0444792,0.75165,12.475,44.1877,0.902301,141240,0,53,8.65395,10.2901,1
1026,806879232,1484.15,0.0437298,0.855823,14.1748,38.357,0.846257,141381,0,53,8.65395,10.2901,1
1027,807665664,1485.69,0.0433421,0.68223,14.6226,46.2097,0.810547,141513,0,53,8.65395,10.2901,1
1028,808452096,1487.22,0.0434321,0.776225,12.3262,24.6389,0.880954,141641,0,53,8.65395,10.2901,1
1029,809238528,1488.75,0.0432149,0.711891,15.0723,37.9637,0.8144,141778,0,53,8.65395,10.2901,1
1030,810024960,1490.27,0.0449155,0.730408,15.7877,45.5813,0.678724,141929,0,53,8.65396,10.2901,1
1031,810811392,1491.8,0.0436072,0.675572,18.7891,44.2205,0.771381,142056,0,53,8.65395,10.2901,1
1032,811597824,1493.32,0.043443,0.876499,28.5307,85.4232,0.599063,142161,0,53,8.65394,10.2901,1
1033,812384256,1494.85,0.0450478,0.705393,24.5594,66.7104,0.493599,142301,0,53,8.65395,10.2901,1
1034,813170688,1496.38,0.0464749,0.725969,15.2605,53.8515,0.804722,142471,0,53,8.65397,10.2901,1
1035,813957120,1497.9,0.0454282,0.687075,9.97616,24.06,1.0734,142596,0,53,8.65395,10.2901,1
1036,814743552,1499.44,0.0445565,0.667832,12.4362,29.0455,0.846053,142717,0,53,8.65394,10.2901,1
1037,815529984,1500.97,0.04585,0.642274,9.46729,20.731,0.986847,142863,0,53,8.65396,10.2901,1
1038,816316416,1502.5,0.047454,0.67313,13.0563,50.0702,0.990749,142994,0,53,8.65395,10.2901,1
1039,817102848,1504.04,0.0480582,0.793659,13.9337,36.7511,0.900069,143156,0,53,8.65397,10.2901,1
1040,817889280,1505.58,0.048746,0.720337,16.8953,33.9274,0.601414,143315,0,53,8.65396,10.2901,1
1041,818675712,1507.1,0.0479956,0.665823,12.565,27.6328,0.802695,143445,0,53,8.65395,10.2901,1
1042,819462144,1508.64,0.0483065,0.790997,20.7251,56.0311,0.746479,143583,0,53,8.65396,10.2901,1
1043,820248576,1510.18,0.0472652,0.778497,19.2336,54.8101,0.717278,143719,0,53,8.65395,10.2901,1
1044,821035008,1511.71,0.0460174,0.754754,22.5352,56.0991,0.701629,143846,0,53,8.65395,10.2901,1
1045,821821440,1513.26,0.0470728,0.752958,18.6414,55.2451,0.751329,144001,0,53,8.65396,10.2901,1
1046,822607872,1514.82,0.0478207,0.758243,22.3511,54.3725,0.572876,144142,0,53,8.65395,10.2901,1
1047,823394304,1516.39,0.0479722,0.757002,16.6989,46.1325,0.627779,144277,0,53,8.65395,10.2901,1
1048,824180736,1517.96,0.0479085,0.751731,11.1543,26.0571,1.11846,144402,0,53,8.65395,10.2901,1
1049,824967168,1519.54,0.0477066,0.731122,19.2833,39.6921,0.765585,144534,0,53,8.65395,10.2901,1
1050,825753600,1521.11,0.0501676,0.772057,22.9821,49.8019,0.637038,144682,0,53,8.65396,10.2901,1
1051,826540032,1522.68,0.0492834,0.681444,11.6565,34.4566,0.908723,144818,0,53,8.65395,10.2901,1
1052,827326464,1524.25,0.0495672,0.643416,13.2085,33.2874,0.900523,144960,0,53,8.65395,10.2901,1
1053,828112896,1525.81,0.048124,0.75519,25.6419,81.3886,0.702318,145064,0,53,8.65394,10.2901,1
1054,828899328,1527.39,0.0493963,0.769891,19.082,46.0332,0.614164,145207,0,53,8.65395,10.2901,1
1055,829685760,1528.96,0.0495751,0.669508,13.4653,48.2759,0.801145,145326,0,53,8.65394,10.2901,1
1056,830472192,1530.53,0.0496901,0.790165,13.6493,39.6002,0.932746,145452,0,53,8.65395,10.2901,1
1057,831258624,1532.12,0.0505931,0.74621,16.2432,39.4342,0.708778,145595,0,53,8.65395,10.2901,1
1058,832045056,1533.71,0.0507311,0.852933,13.8885,48.6111,0.885242,145755,0,53,8.65396,10.2901,1
1059,832831488,1535.28,0.0508704,1.0377,20.672,52.8859,0.759478,145892,0,53,8.65395,10.2901,1
1060,833617920,1536.85,0.0502981,0.816486,18.6472,50.0775,0.67426,146043,0,53,8.65396,10.2901,1
1061,834404352,1538.43,0.0510489,0.733724,13.2667,32.1489,0.943122,146186,0,53,8.65395,10.2901,1
1062,835190784,1540.07,0.0525339,0.787181,17.3167,38.2323,0.732477,146342,0,53,8.65396,10.2901,1
1063,835977216,1541.66,0.0507227,0.701907,15.7067,46.0261,0.735613,146485,0,53,8.65395,10.2901,1
1064,836763648,1543.28,0.0499883,0.667457,17.3946,47.4846,0.758469,146638,0,53,8.65396,10.2901,1
1065,837550080,1544.86,0.0506199,0.841902,20.8662,62.9682,0.702802,146779,0,53,8.65395,10.2901,1
1066,838336512,1546.44,0.0496784,0.763055,20.4709,66.8737,0.777036,146902,0,53,8.65395,10.2901,1
1067,839122944,1548.03,0.0496981,0.731164,13.494,33.2056,0.776921,147046,0,53,8.65395,10.2901,1
1068,839909376,1549.62,0.049179,0.817446,27.4029,78.1112,0.540805,147204,0,53,8.65396,10.2901,1
1069,840695808,1551.2,0.0488233,0.854742,21.8923,52.5049,0.599257,147344,0,53,8.65395,10.2901,1
1070,841482240,1552.77,0.0500075,0.797485,18.577,47.4337,0.631314,147506,0,53,8.65396,10.2901,1
1071,842268672,1554.35,0.0483452,0.737355,15.7727,33.0058,0.776169,147627,0,53,8.65395,10.2901,1
1072,843055104,1555.94,0.0478764,0.874566,22.3038,57.4221,0.612212,147770,0,53,8.65395,10.2901,1
1073,843841536,1557.53,0.0466208,0.795264,11.199,32.9265,1.05558,147915,0,53,8.65396,10.2901,1
1074,844627968,1559.12,0.0476951,0.738678,16.0938,35.4216,0.842997,148052,0,53,8.65395,10.2901,1
1075,845414400,1560.71,0.0485742,0.630755,10.6317,19.828,0.946254,148180,0,53,8.65395,10.2901,1
1076,846200832,1562.31,0.0479386,0.635015,20.8751,51.6119,0.689426,148316,0,53,8.65395,10.2901,1
1077,846987264,1563.92,0.0490467,0.902811,18.1462,56.6495,0.713125,148470,0,53,8.65396,10.2901,1
1078,847773696,1565.54,0.0476348,0.735029,11.3896,24.8064,1.09003,148594,0,53,8.65395,10.2901,1
1079,848560128,1567.16,0.046226,0.868708,13.3874,39.8777,0.910687,148702,0,53,8.65394,10.2901,1
1080,849346560,1568.77,0.0463789,0.664015,13.9501,33.3342,0.879565,148842,0,53,8.65395,10.2901,1
1081,850132992,1570.39,0.0478734,0.744266,27.285,91.2554,0.717136,148998,0,53,8.65396,10.2901,1
1082,850919424,1572.01,0.0474971,0.705992,28.3482,74.6501,0.545968,149132,0,53,8.65395,10.2901,1
1083,851705856,1573.62,0.0460918,0.726155,17.437,65.8357,0.813974,149268,0,53,8.65395,10.2901,1
1084,852492288,1575.21,0.0463322,0.716254,20.1808,59.4375,0.621794,149426,0,53,8.65396,10.2901,1
1085,853278720,1576.8,0.0462647,0.676951,26.9302,62.1466,0.556954,149558,0,53,8.65395,10.2901,1
1086,854065152,1578.38,0.0459697,0.817178,39.2318,80.2958,0.425231,149711,0,53,8.65396,10.2901,1
1087,854851584,1579.96,0.0467484,0.596169,12.2495,29.8726,0.88092,149874,0,53,8.65396,10.2901,1
1088,855638016,1581.55,0.0463469,0.756362,11.7242,28.426,1.11124,149997,0,53,8.65394,10.2901,1
1089,856424448,1583.13,0.047854,0.637071,14.1001,51.8013,0.734921,150137,0,53,8.65395,10.2901,1
1090,857210880,1584.7,0.0468379,0.638966,15.0246,44.2028,0.869111,150279,0,53,8.65395,10.2901,1
1091,857997312,1586.28,0.0456784,0.740405,30.1533,94.6801,0.61547,150399,0,53,8.65395,10.2901,1
1092,858783744,1587.86,0.0483228,0.783555,22.6023,57.0444,0.652781,150566,0,53,8.65397,10.2901,1
1093,859570176,1589.43,0.0466192,0.806939,34.5682,105.309,0.556747,150712,0,53,8.65396,10.2901,1
1094,860356608,1590.99,0.0476062,0.638923,13.8196,44.8096,0.796687,150853,0,53,8.65395,10.2901,1
1095,861143040,1592.54,0.0464134,0.835704,16.0444,42.8517,0.856679,150977,0,53,8.65395,10.2901,1
1096,861929472,1594.1,0.0469092,0.589418,17.9747,61.3074,0.616802,151116,0,53,8.65395,10.2901,1
1097,862715904,1595.65,0.0472777,0.716986,15.8674,41.31,0.808663,151254,0,53,8.65395,10.2901,1
1098,863502336,1597.2,0.0468726,0.716982,33.1537,77.4711,0.441288,151392,0,53,8.65395,10.2901,1
1099,864288768,1598.75,0.0460177,0.612913,25.2299,61.2686,0.518313,151518,0,53,8.65395,10.2901,1
1100,865075200,1600.3,0.0464679,0.742521,22.2371,90.4831,0.654773,151631,0,53,8.65394,10.2901,1
1101,865861632,1601.85,0.048125,0.603108,28.0146,81.4327,0.521542,151778,0,53,8.65396,10.2901,1
1102,866648064,1603.4,0.0460494,0.583858,20.3798,53.8166,0.621512,151890,0,53,8.65394,10.2901,1
1103,867434496,1604.9,0.0475982,0.716531,21.3581,41.6901,0.597606,152018,0,53,8.65395,10.2901,1
1104,868220928,1606.4,0.0479514,0.611369,14.6887,36.7311,0.729997,152159,0,53,8.65395,10.2901,1
1105,869007360,1607.9,0.0482763,0.655688,12.0238,27.7769,0.956286,152312,0,53,8.65396,10.2901,1
1106,869793792,1609.4,0.048538,0.657636,20.1224,47.6747,0.574264,152448,0,53,8.65395,10.2901,1
1107,870580224,1610.91,0.0501588,0.607494,13.2893,33.2358,0.735785,152595,0,53,8.65396,10.2901,1
1108,871366656,1612.43,0.0484581,0.63017,22.9438,67.293,0.622945,152724,0,53,8.65395,10.2901,1
1109,872153088,1613.95,0.0498689,0.696811,17.005,48.4175,0.706049,152881,0,53,8.65396,10.2901,1
1110,872939520,1615.47,0.0499796,0.806356,41.9829,83.5558,0.40265,153026,0,53,8.65395,10.2901,1
1111,873725952,1616.99,0.0509783,0.646703,12.9526,30.7347,0.733701,153175,0,53,8.65396,10.2901,1
1112,874512384,1618.51,0.0525033,0.810313,22.1295,48.9627,0.616639,153313,0,53,8.65395,10.2901,1
1113,875298816,1620.02,0.0501038,0.847493,18.7218,47.1602,0.621804,153443,0,53,8.65395,10.2901,1
1114,876085248,1621.54,0.0522107,0.900035,23.4251,59.2009,0.510988,153586,0,53,8.65395,10.2901,1
1115,876871680,1623.07,0.0529339,0.930343,19.5715,43.769,0.739672,153730,0,53,8.65396,10.2901,1
1116,877658112,1624.61,0.0530688,0.787061,11.0853,23.8064,0.935396,153870,0,53,8.65395,10.2901,1
1117,878444544,1626.14,0.0529095,0.820234,14.4458,27.3682,0.757864,154022,0,53,8.65396,10.2901,1
1118,879230976,1627.68,0.0525269,0.922714,22.6169,56.7631,0.640411,154143,0,53,8.65394,10.2901,1
1119,880017408,1629.21,0.053125,0.820957,26.7801,89.7341,0.639714,154290,0,53,8.65396,10.2901,1
1120,880803840,1630.74,0.0513777,0.844901,23.7086,57.3744,0.60832,154427,0,53,8.65395,10.2901,1
1121,881590272,1632.27,0.0526655,0.983463,16.4953,34.4142,0.691005,154563,0,53,8.65395,10.2901,1
1122,882376704,1633.79,0.0521462,0.823873,13.0972,30.7975,0.788139,154687,0,53,8.65394,10.2901,1
1123,883163136,1635.32,0.0511484,0.805378,16.6485,51.9603,0.741731,154822,0,53,8.65395,10.2901,1
1124,883949568,1636.85,0.0521453,0.95325,19.9881,54.1579,0.726298,154971,0,53,8.65396,10.2901,1
1125,884736000,1638.38,0.0518279,0.859317,13.5751,42.5205,0.829262,155094,0,53,8.65394,10.2901,1
1126,885522432,1639.9,0.0508277,0.919638,15.8682,45.5697,0.792601,155202,0,53,8.65394,10.2901,1
1127,886308864,1641.43,0.0519411,0.884764,25.1301,66.3316,0.648771,155345,0,53,8.65395,10.2901,1
1128,887095296,1642.96,0.0531673,1.14045,47.0968,104.216,0.375808,155494,0,53,8.65396,10.2901,1
1129,887881728,1644.49,0.0523992,0.780395,13.8641,33.2795,0.798779,155634,0,53,8.65395,10.2901,1
1130,888668160,1646.01,0.0520127,0.875303,12.0657,26.8188,0.968428,155777,0,53,8.65395,10.2901,1
1131,889454592,1647.54,0.0516979,0.992439,15.3673,34.0293,0.784048,155925,0,53,8.65396,10.2901,1
1132,890241024,1649.06,0.0524478,0.952576,21.041,55.1447,0.733055,156065,0,53,8.65395,10.2901,1
1133,891027456,1650.59,0.0534851,0.885697,14.7386,30.7734,0.792278,156219,0,53,8.65396,10.2901,1
1134,891813888,1652.13,0.0529314,0.699639,19.9204,60.2386,0.548618,156377,0,53,8.65396,10.2901,1
1135,892600320,1653.69,0.0529404,0.797793,15.7355,38.8847,0.773796,156499,0,53,8.65394,10.2901,1
1136,893386752,1655.26,0.0540065,0.776402,13.5782,30.2009,0.820006,156645,0,53,8.65396,10.2901,1
1137,894173184,1656.83,0.051316,0.813562,29.0808,61.7894,0.485894,156774,0,53,8.65395,10.2901,1
1138,894959616,1658.39,0.0506955,0.873561,19.078,49.8858,0.639816,156906,0,53,8.65395,10.2901,1
1139,895746048,1659.95,0.052763,0.847776,10.5819,22.0051,0.949579,157080,0,53,8.65397,10.2901,1
1140,896532480,1661.49,0.052537,0.870473,15.4479,38.1323,0.871898,157224,0,53,8.65396,10.2901,1
1141,897318912,1663.03,0.0531904,0.787422,14.7975,36.6439,0.794176,157359,0,53,8.65395,10.2901,1
1142,898105344,1664.59,0.0532533,0.970049,18.1589,40.7083,0.764572,157489,0,53,8.65395,10.2901,1
1143,898891776,1666.14,0.0531291,0.99945,33.4625,105.941,0.545039,157631,0,53,8.65395,10.2901,1
1144,899678208,1667.69,0.0534091,0.720504,18.6976,44.3773,0.657487,157768,0,53,8.65395,10.2901,1
1145,900464640,1669.27,0.0510359,0.819219,15.2145,39.0189,0.670274,157902,0,53,8.65395,10.2901,1
1146,901251072,1670.84,0.052911,0.856254,10.8513,24.35,0.89585,158030,0,53,8.65395,10.2901,1
1147,902037504,1672.4,0.0521121,0.816518,11.2079,29.367,0.85279,158148,0,53,8.65394,10.2901,1
1148,902823936,1673.96,0.053819,0.76301,11.4859,28.3493,0.815741,158289,0,53,8.65395,10.2901,1
1149,903610368,1675.52,0.051935,0.905204,25.0211,74.5019,0.582082,158401,0,53,8.65394,10.2901,1
1150,904396800,1677.07,0.0526188,0.796578,13.3978,29.548,0.786116,158541,0,53,8.65395,10.2901,1
1151,905183232,1678.61,0.0537742,0.767292,16.5272,40.2011,0.735761,158685,0,53,8.65396,10.2901,1
1152,905969664,1680.16,0.0535217,0.873715,15.8389,40.5691,0.752659,158838,0,53,8.65396,10.2901,1
1153,906756096,1681.72,0.0525855,0.759358,14.1683,30.9345,0.708048,158963,0,53,8.65395,10.2901,1
1154,907542528,1683.27,0.0547872,0.831503,12.3634,28.6116,0.774223,159119,0,53,8.65396,10.2901,1
1155,908328960,1684.83,0.05365,0.768802,20.1859,55.3827,0.65853,159250,0,53,8.65394,10.2901,1
1156,909115392,1686.39,0.053555,0.75201,14.432,38.3364,0.760819,159401,0,53,8.65396,10.2901,1
1157,909901824,1687.95,0.052812,0.801427,26.0039,67.6271,0.649813,159548,0,53,8.65396,10.2901,1
1158,910688256,1689.52,0.0542023,0.902182,48.1203,123.848,0.378957,159700,0,53,8.65396,10.2901,1
1159,911474688,1691.08,0.0531783,0.780527,12.1373,32.772,0.86943,159841,0,53,8.65395,10.2901,1
1160,912261120,1692.64,0.0533702,0.852142,19.4368,43.3608,0.579872,159977,0,53,8.65395,10.2901,1
1161,913047552,1694.19,0.0533384,0.781204,22.7344,58.7561,0.552347,160115,0,53,8.65395,10.2901,1
1162,913833984,1695.74,0.0527706,0.686878,16.7671,43.5227,0.641409,160257,0,53,8.65395,10.2901,1
1163,914620416,1697.3,0.051745,0.727381,13.3807,30.6314,0.643406,160389,0,53,8.65395,10.2901,1
1164,915406848,1698.87,0.0536129,0.617706,12.9377,32.7057,0.724591,160541,0,53,8.65396,10.2901,1
1165,916193280,1700.43,0.0541174,0.803886,12.0969,37.5546,0.847623,160663,0,53,8.65395,10.2901,1
1166,916979712,1701.99,0.0519494,0.755068,13.3854,32.1162,0.780927,160809,0,53,8.65395,10.2901,1
1167,917766144,1703.54,0.0529796,0.766017,14.1371,44.4282,0.796073,160955,0,53,8.65396,10.2901,1
1168,918552576,1705.08,0.0528106,0.734441,15.8423,36.5637,0.698687,161093,0,53,8.65395,10.2901,1
1169,919339008,1706.63,0.0513849,0.724346,11.0988,21.3265,1.06228,161219,0,53,8.65394,10.2901,1
1170,920125440,1708.18,0.0530866,0.768904,17.6207,49.7226,0.865309,161358,0,53,8.65395,10.2901,1
1171,920911872,1709.73,0.0529981,0.792316,16.0963,36.5924,0.775777,161500,0,53,8.65395,10.2901,1
1172,921698304,1711.27,0.052172,0.736746,23.1349,53.4426,0.510973,161633,0,53,8.65395,10.2901,1
1173,922484736,1712.82,0.0515454,0.849222,26.6198,58.7921,0.624133,161736,0,53,8.65394,10.2901,1
1174,923271168,1714.37,0.0530513,0.712048,20.2829,49.2113,0.572344,161865,0,53,8.65395,10.2901,1
1175,924057600,1715.92,0.0543498,0.724309,11.7651,27.1196,0.820871,162020,0,53,8.65396,10.2901,1
1176,924844032,1717.46,0.0550875,0.73719,15.9233,52.5161,0.792581,162168,0,53,8.65396,10.2901,1
1177,925630464,1719.01,0.0535109,0.927086,19.4065,48.7137,0.644501,162312,0,53,8.65396,10.2901,1
1178,926416896,1720.56,0.0538073,0.760875,14.4591,42.2326,0.749445,162460,0,53,8.65396,10.2901,1
1179,927203328,1722.1,0.0540448,0.82081,12.6843,36.7499,0.884704,162600,0,53,8.65395,10.2901,1
1180,927989760,1723.62,0.054231,0.853024,12.4315,37.3677,0.896774,162759,0,53,8.65396,10.2901,1
1181,928776192,1725.16,0.0539449,0.725683,14.3149,33.2126,0.64988,162908,0,53,8.65396,10.2901,1
1182,929562624,1726.69,0.0533284,0.731354,15.0746,34.9362,0.735802,163032,0,53,8.65394,10.2901,1
1183,930349056,1728.21,0.0535189,0.711427,30.9131,71.9907,0.603907,163173,0,53,8.65395,10.2901,1
1184,931135488,1729.74,0.0531622,0.807415,19.1039,47.5003,0.60823,163301,0,53,8.65395,10.2901,1
1185,931921920,1731.28,0.0541333,0.804796,10.8594,26.4524,0.918547,163448,0,53,8.65396,10.2901,1
1186,932708352,1732.8,0.0555557,0.782691,13.534,42.872,0.733733,163609,0,53,8.65397,10.2901,1
1187,933494784,1734.33,0.0551062,0.697112,13.1547,26.1948,0.668034,163746,0,53,8.65395,10.2901,1
1188,934281216,1735.87,0.0549196,0.697345,9.30595,17.97,0.810347,163880,0,53,8.65395,10.2901,1
1189,935067648,1737.4,0.0541211,0.767162,12.7558,27.7977,0.742471,164017,0,53,8.65395,10.2901,1
1190,935854080,1738.93,0.0549565,0.888096,11.9364,27.797,0.750469,164168,0,53,8.65396,10.2901,1
1191,936640512,1740.47,0.053846,0.820674,12.3846,30.8654,0.837216,164295,0,53,8.65395,10.2901,1
1192,937426944,1742,0.0534202,0.674424,11.06,30.0902,0.756169,164429,0,53,8.65395,10.2901,1
1193,938213376,1743.53,0.0539309,0.859674,12.6911,24.5301,0.759608,164557,0,53,8.65395,10.2901,1
1194,938999808,1745.06,0.0525278,0.970288,21.1388,52.4039,0.502924,164686,0,53,8.65395,10.2901,1
1195,939786240,1746.58,0.0537052,0.982825,18.9181,48.1296,0.584866,164813,0,53,8.65395,10.2901,1
1196,940572672,1748.1,0.0518994,0.850755,31.1483,62.7311,0.426148,164926,0,53,8.65394,10.2901,1
1197,941359104,1749.63,0.0536887,0.911282,11.0964,24.042,0.80456,165075,0,53,8.65396,10.2901,1
1198,942145536,1751.16,0.0532359,0.702118,10.0754,26.7697,0.91721,165221,0,53,8.65396,10.2901,1
1199,942931968,1752.7,0.0551882,0.833274,15.5514,37.1788,0.619838,165378,0,53,8.65396,10.2901,1
1200,943718400,1754.24,0.05398,0.627329,16.7204,40.1298,0.56924,165502,0,53,8.65394,10.2901,1
1201,944504832,1755.79,0.0558396,0.852085,15.6205,35.2254,0.6079,165657,0,53,8.65396,10.2901,1
1202,945291264,1757.33,0.0542029,0.705922,14.6746,32.4923,0.601665,165787,0,53,8.65395,10.2901,1
1203,946077696,1758.87,0.0547013,0.74378,10.447,24.5667,0.887126,165927,0,53,8.65395,10.2901,1
1204,946864128,1760.41,0.0564325,0.693206,14.3416,33.4167,0.621109,166083,0,53,8.65396,10.2901,1
1205,947650560,1761.96,0.0547035,0.634704,24.2969,55.0901,0.528945,166221,0,53,8.65395,10.2901,1
1206,948436992,1763.51,0.0559665,0.809461,12.9726,31.063,0.687958,166361,0,53,8.65395,10.2901,1
1207,949223424,1765.06,0.054983,0.95551,15.0547,43.3605,0.707457,166499,0,53,8.65395,10.2901,1
1208,950009856,1766.6,0.0556417,0.78572,19.6737,66.8978,0.670622,166634,0,53,8.65395,10.2901,1
1209,950796288,1768.15,0.0552625,0.946293,16.5211,48.9968,0.715024,166793,0,53,8.65396,10.2901,1
1210,951582720,1769.69,0.054302,0.750837,14.1272,33.6005,0.681063,166926,0,53,8.65395,10.2901,1
1211,952369152,1771.23,0.0539218,0.722474,10.1835,22.534,0.803883,167076,0,53,8.65396,10.2901,1
1212,953155584,1772.77,0.0534193,0.789005,9.25762,18.4971,0.920017,167202,0,53,8.65394,10.2901,1
1213,953942016,1774.3,0.0540153,0.690578,12.5182,28.4828,0.660578,167353,0,53,8.65396,10.2901,1
1214,954728448,1775.83,0.0542585,0.838493,12.4475,30.2282,0.714788,167494,0,53,8.65395,10.2901,1
1215,955514880,1777.36,0.0540747,0.742206,16.6998,41.7433,0.62812,167640,0,53,8.65396,10.2901,1
1216,956301312,1778.88,0.0524775,0.776564,12.6354,28.0477,0.679976,167758,0,53,8.65394,10.2901,1
1217,957087744,1780.41,0.0537987,0.746474,12.5533,36.06,0.825212,167904,0,53,8.65396,10.2901,1
1218,957874176,1781.93,0.0541657,0.960417,15.1738,41.5524,0.653152,168052,0,53,8.65395,10.2901,1
1219,958660608,1783.45,0.0539306,0.883535,18.4252,43.3692,0.616653,168176,0,53,8.65395,10.2901,1
1220,959447040,1784.97,0.0530406,0.802291,15.914,36.6763,0.629166,168278,0,53,8.65393,10.2901,1
1221,960233472,1786.51,0.0543999,0.835109,11.6303,24.652,0.843049,168419,0,53,8.65395,10.2901,1
1222,961019904,1788.05,0.0550791,0.830623,12.9912,32.7215,0.787341,168563,0,53,8.65396,10.2901,1
1223,961806336,1789.58,0.0543423,0.68973,10.3673,27.9847,0.920275,168697,0,53,8.65395,10.2901,1
1224,962592768,1791.13,0.055634,1.01964,14.0892,33.723,0.764907,168834,0,53,8.65395,10.2901,1
1225,963379200,1792.68,0.057276,0.919362,10.5856,21.5052,0.870669,168977,0,53,8.65395,10.2901,1
1226,964165632,1794.23,0.0554141,1.00137,15.6408,38.4827,0.653225,169121,0,53,8.65395,10.2901,1
1227,964952064,1795.77,0.0570826,0.865348,16.0316,59.1151,0.604697,169294,0,53,8.65397,10.2901,1
1228,965738496,1797.3,0.0558745,0.81,9.70512,26.368,0.877642,169438,0,53,8.65395,10.2901,1
1229,966524928,1798.83,0.0551578,0.584057,11.1044,25.2622,0.796104,169553,0,53,8.65394,10.2901,1
1230,967311360,1800.34,0.0561446,0.719506,10.5141,33.0037,0.988035,169698,0,53,8.65395,10.2901,1
1231,968097792,1801.87,0.0554006,0.665261,10.1226,22.3071,0.805391,169824,0,53,8.65395,10.2901,1
1232,968884224,1803.4,0.0563999,0.733316,11.5743,35.0988,0.829348,169972,0,53,8.65396,10.2901,1
1233,969670656,1804.93,0.0559194,0.954906,13.0223,34.198,0.774872,170120,0,53,8.65396,10.2901,1
1234,970457088,1806.45,0.0559033,0.86796,11.1281,21.3863,0.848846,170259,0,53,8.65395,10.2901,1
1235,971243520,1807.98,0.0567625,0.860418,14.7637,36.0278,0.747732,170403,0,53,8.65395,10.2901,1
1236,972029952,1809.52,0.0573634,0.767224,11.976,37.7342,0.760669,170540,0,53,8.65395,10.2901,1
1237,972816384,1811.05,0.0586218,0.926002,15.575,37.4844,0.865962,170680,0,53,8.65395,10.2901,1
1238,973602816,1812.57,0.0573733,0.907858,24.6159,59.6865,0.578287,170814,0,53,8.65395,10.2901,1
1239,974389248,1814.11,0.0569792,1.13093,21.1493,63.718,0.644902,170945,0,53,8.65395,10.2901,1
1240,975175680,1815.63,0.0582392,0.783847,16.2873,42.4259,0.620982,171075,0,53,8.65395,10.2901,1
1241,975962112,1817.16,0.0569507,0.798411,12.7371,36.9022,0.762784,171214,0,53,8.65395,10.2901,1
1242,976748544,1818.69,0.0566245,0.773962,14.7842,35.0561,0.669346,171334,0,53,8.65394,10.2901,1
1243,977534976,1820.21,0.0541297,0.827102,14.3991,32.2601,0.6872,171443,0,53,8.65394,10.2901,1
1244,978321408,1821.74,0.0552902,0.801628,12.4397,33.181,0.661029,171579,0,53,8.65395,10.2901,1
1245,979107840,1823.27,0.0549511,0.963039,13.5762,38.1513,0.708889,171722,0,53,8.65395,10.2901,1
1246,979894272,1824.79,0.0553712,0.643412,13.3542,31.8376,0.734759,171861,0,53,8.65395,10.2901,1
1247,980680704,1826.33,0.0549349,0.581538,9.68331,27.6386,0.790218,171990,0,53,8.65395,10.2901,1
1248,981467136,1827.87,0.0558087,0.836186,13.8289,35.3666,0.716222,172137,0,53,8.65396,10.2901,1
1249,982253568,1829.42,0.0543404,0.962678,39.2745,102.591,0.414629,172269,0,53,8.65395,10.2901,1
1250,983040000,1830.96,0.0539152,0.832212,18.0748,87.8732,0.61209,172407,0,53,8.65395,10.2901,1
1251,983826432,1832.5,0.0544958,0.766128,10.5836,28.7553,0.77764,172551,0,53,8.65395,10.2901,1
1252,984612864,1834.03,0.0550438,0.849239,12.3813,21.7527,0.859034,172688,0,53,8.65395,10.2901,1
1253,985399296,1835.56,0.0549475,0.857384,14.5748,33.2362,0.692272,172832,0,53,8.65395,10.2901,1
1254,986185728,1837.09,0.0565386,0.862264,13.98,28.8024,0.627273,172972,0,53,8.65395,10.2901,1
1255,986972160,1838.63,0.0541272,0.765278,13.3039,33.1795,0.661966,173116,0,53,8.65395,10.2901,1
1256,987758592,1840.18,0.0558861,0.883724,20.5009,48.8379,0.543552,173267,0,53,8.65396,10.2901,1
1257,988545024,1841.73,0.05668,0.894466,16.2488,45.3247,0.641135,173408,0,53,8.65396,10.2901,1
1258,989331456,1843.28,0.0560087,0.967382,13.1237,24.9455,0.772217,173550,0,53,8.65395,10.2901,1
1259,990117888,1844.82,0.055251,0.966393,11.4845,34.2532,0.821475,173682,0,53,8.65395,10.2901,1
1260,990904320,1846.36,0.0549623,0.879676,16.7257,54.1199,0.667835,173829,0,53,8.65396,10.2901,1
1261,991690752,1847.92,0.0553834,0.691069,15.9597,33.6307,0.623641,173977,0,53,8.65396,10.2901,1
1262,992477184,1849.47,0.0559996,0.709923,10.4771,29.3819,0.751543,174122,0,53,8.65396,10.2901,1
1263,993263616,1851.02,0.0541432,0.815093,13.2763,28.5876,0.71682,174239,0,53,8.65394,10.2901,1
1264,994050048,1852.58,0.0558707,0.97498,17.2049,41.302,0.690922,174384,0,53,8.65395,10.2901,1
1265,994836480,1854.14,0.0564456,0.961512,14.8716,40.3229,0.705336,174523,0,53,8.65395,10.2901,1
1266,995622912,1855.7,0.0558342,1.07794,20.2417,55.4751,0.594788,174653,0,53,8.65395,10.2901,1
1267,996409344,1857.26,0.0547328,0.933886,22.9702,64.1334,0.463141,174757,0,53,8.65393,10.2901,1
1268,997195776,1858.82,0.055274,0.808446,18.4697,54.725,0.655106,174905,0,53,8.65396,10.2901,1
1269,997982208,1860.37,0.0560957,0.861015,15.9924,56.0107,0.754292,175043,0,53,8.65396,10.2901,1
1270,998768640,1861.92,0.0561918,0.843371,15.3595,47.6615,0.652232,175180,0,53,8.65395,10.2901,1
1271,999555072,1863.48,0.0562691,0.744194,10.388,22.9187,0.828296,175320,0,53,8.65395,10.2901,1
1272,1000341504,1865.04,0.0547471,0.894914,11.266,24.1735,0.811106,175456,0,53,8.65395,10.2901,1
1273,1001127936,1866.6,0.0555887,0.897315,15.7431,42.8926,0.72257,175603,0,53,8.65395,10.2901,1
1274,1001914368,1868.17,0.0576419,0.795265,11.059,20.1043,0.788912,175762,0,53,8.65396,10.2901,1
1275,1002700800,1869.74,0.0560272,1.09849,15.2009,38.0262,0.697325,175899,0,53,8.65395,10.2901,1
1276,1003487232,1871.32,0.0550241,0.908088,14.953,44.0026,0.653947,176028,0,53,8.65395,10.2901,1
1277,1004273664,1872.88,0.0562313,0.976954,17.9366,50.6835,0.694014,176171,0,53,8.65395,10.2901,1
1278,1005060096,1874.46,0.0547114,0.951228,17.7257,48.7862,0.629488,176299,0,53,8.65395,10.2901,1
1279,1005846528,1876.03,0.0554364,0.83122,28.966,95.2859,0.479009,176450,0,53,8.65396,10.2901,1
1280,1006632960,1877.6,0.05494,0.730878,13.3496,30.4178,0.757239,176600,0,53,8.65396,10.2901,1
1281,1007419392,1879.18,0.0535316,0.919819,32.4433,88.988,0.515597,176740,0,53,8.65395,10.2901,1
1282,1008205824,1880.75,0.0532078,0.936475,23.7724,75.7938,0.471769,176890,0,53,8.65396,10.2901,1
1283,1008992256,1882.32,0.0533337,0.933015,21.5909,54.555,0.573047,177022,0,53,8.65395,10.2901,1
1284,1009778688,1883.9,0.0526616,0.806399,19.9162,55.4466,0.607216,177165,0,53,8.65395,10.2901,1
1285,1010565120,1885.46,0.0533259,0.932731,15.7041,44.8843,0.704702,177305,0,53,8.65395,10.2901,1
1286,1011351552,1887.03,0.0531925,0.820378,11.2187,25.1537,0.819582,177442,0,53,8.65395,10.2901,1
1287,1012137984,1888.6,0.0524186,0.962945,13.7742,34.6074,0.743393,177572,0,53,8.65395,10.2901,1
1288,1012924416,1890.17,0.0535042,0.671603,17.8292,40.8015,0.607537,177693,0,53,8.65395,10.2901,1
1289,1013710848,1891.74,0.0533588,0.786317,11.4451,28.4277,0.772102,177817,0,53,8.65394,10.2901,1
1290,1014497280,1893.3,0.0526768,0.897234,27.7143,77.7213,0.615427,177928,0,53,8.65394,10.2901,1
1291,1015283712,1894.86,0.0528805,0.814616,18.1294,59.1781,0.716786,178059,0,53,8.65395,10.2901,1
1292,1016070144,1896.42,0.0537503,0.687481,16.852,37.688,0.702923,178201,0,53,8.65395,10.2901,1
1293,1016856576,1897.98,0.0556026,0.914367,19.3703,49.1605,0.589724,178338,0,53,8.65395,10.2901,1
1294,1017643008,1899.55,0.0551841,0.802637,16.7707,60.1415,0.708944,178465,0,53,8.65395,10.2901,1
1295,1018429440,1901.12,0.055773,0.893666,17.3996,51.3143,0.719325,178607,0,53,8.65395,10.2901,1
1296,1019215872,1902.67,0.0546859,0.697722,15.1328,38.6498,0.650786,178752,0,53,8.65396,10.2901,1
1297,1020002304,1904.25,0.0551549,0.807428,16.6354,55.6907,0.707385,178881,0,53,8.65395,10.2901,1
1298,1020788736,1905.83,0.0554911,0.847282,19.4928,73.773,0.699061,179040,0,53,8.65396,10.2901,1
1299,1021575168,1907.41,0.0564639,0.920558,18.3418,55.2867,0.70146,179180,0,53,8.65395,10.2901,1
1300,1022361600,1908.97,0.0573262,0.961477,15.5385,36.5193,0.743772,179331,0,53,8.65396,10.2901,1
1301,1023148032,1910.53,0.0562444,0.786216,23.1802,60.717,0.491082,179465,0,53,8.65395,10.2901,1
1302,1023934464,1912.1,0.0573292,0.890815,16.3414,50.4977,0.674898,179616,0,53,8.65396,10.2901,1
1303,1024720896,1913.66,0.0565451,1.01965,18.9468,54.6971,0.686354,179758,0,53,8.65396,10.2901,1
1304,1025507328,1915.23,0.0563166,0.960926,15.8533,35.4887,0.701906,179901,0,53,8.65395,10.2901,1
1305,1026293760,1916.79,0.0559418,0.951562,16.1802,44.4468,0.649496,180047,0,53,8.65396,10.2901,1
1306,1027080192,1918.35,0.0551436,0.874994,15.2967,35.7399,0.653871,180186,0,53,8.65395,10.2901,1
1307,1027866624,1919.91,0.0549611,0.668816,16.8467,47.5041,0.726325,180327,0,53,8.65395,10.2901,1
1308,1028653056,1921.47,0.0552965,0.758234,17.4393,44.7046,0.645431,180480,0,53,8.65396,10.2901,1
1309,1029439488,1923.04,0.0551858,0.910767,15.7391,44.0993,0.793737,180612,0,53,8.65395,10.2901,1
1310,1030225920,1924.61,0.055021,0.924713,18.5353,41.3592,0.621091,180735,0,53,8.65394,10.2901,1
1311,1031012352,1926.18,0.0554562,0.915247,27.4514,80.7088,0.548689,180874,0,53,8.65395,10.2901,1
1312,1031798784,1927.75,0.0563053,0.825717,12.5598,40.6558,0.703011,181016,0,53,8.65395,10.2901,1
1313,1032585216,1929.3,0.0544904,0.98162,15.4695,43.2203,0.742121,181141,0,53,8.65395,10.2901,1
1314,1033371648,1930.87,0.0524006,0.742626,19.7566,48.2847,0.711432,181253,0,53,8.65394,10.2901,1
1315,1034158080,1932.43,0.0550776,0.860515,31.3408,85.4771,0.433541,181408,0,53,8.65396,10.2901,1
1316,1034944512,1933.98,0.0540965,1.13911,46.2398,92.2445,0.359055,181547,0,53,8.65395,10.2901,1
1317,1035730944,1935.52,0.0535508,0.89926,16.5771,62.5495,0.714327,181680,0,53,8.65395,10.2901,1
1318,1036517376,1937.06,0.0539065,0.982103,20.8217,48.7054,0.524461,181820,0,53,8.65395,10.2901,1
1319,1037303808,1938.61,0.0539314,0.762847,11.7113,28.5292,0.744522,181957,0,53,8.65395,10.2901,1
1320,1038090240,1940.16,0.0525654,0.799634,18.2158,44.4163,0.69014,182094,0,53,8.65395,10.2901,1
1321,1038876672,1941.71,0.054151,0.721965,13.4522,48.836,0.720465,182249,0,53,8.65396,10.2901,1
1322,1039663104,1943.26,0.0541743,0.768533,16.8357,48.5063,0.716303,182387,0,53,8.65395,10.2901,1
1323,1040449536,1944.82,0.0530605,0.834989,15.0775,34.3105,0.687488,182521,0,53,8.65395,10.2901,1
1324,1041235968,1946.38,0.0534991,0.743057,14.8112,40.602,0.781844,182667,0,53,8.65395,10.2901,1
1325,1042022400,1947.96,0.0547343,0.810054,21.0979,57.765,0.591747,182799,0,53,8.65395,10.2901,1
1326,1042808832,1949.53,0.0530627,0.914087,19.8122,55.9686,0.578464,182941,0,53,8.65395,10.2901,1
1327,1043595264,1951.1,0.0559985,0.758476,11.3821,24.9124,0.763066,183101,0,53,8.65396,10.2901,1
1328,1044381696,1952.69,0.0540054,0.734501,10.9664,27.3318,0.830553,183243,0,53,8.65395,10.2901,1
1329,1045168128,1954.27,0.0542254,0.726099,15.8181,46.0127,0.664671,183392,0,53,8.65396,10.2901,1
1330,1045954560,1955.85,0.0546625,0.712607,13.9332,32.2678,0.72555,183525,0,53,8.65395,10.2901,1
1331,1046740992,1957.42,0.0548671,0.722739,13.2344,38.1593,0.808958,183659,0,53,8.65395,10.2901,1
1332,1047527424,1958.98,0.0551684,0.783038,19.3347,39.6439,0.529128,183793,0,53,8.65395,10.2901,1
1333,1048313856,1960.54,0.0546943,0.600262,15.2685,46.8309,0.711407,183930,0,53,8.65395,10.2901,1
1334,1049100288,1962.12,0.0567214,0.84551,13.097,31.9491,0.705988,184064,0,53,8.65395,10.2901,1
1335,1049886720,1963.71,0.0549312,0.700016,11.4824,23.428,0.723099,184182,0,53,8.65394,10.2901,1
1336,1050673152,1965.28,0.0556314,0.794134,14.9006,31.2025,0.721005,184313,0,53,8.65395,10.2901,1
1337,1051459584,1966.84,0.0536578,0.624319,18.4948,38.1262,0.56144,184429,0,53,8.65394,10.2901,1
1338,1052246016,1968.39,0.0555794,0.767979,13.7351,32.6793,0.702853,184565,0,53,8.65395,10.2901,1
1339,1053032448,1969.94,0.055953,0.872626,16.6712,38.5058,0.703358,184715,0,53,8.65396,10.2901,1
1340,1053818880,1971.48,0.0556396,0.673703,13.3528,30.9355,0.69448,184855,0,53,8.65395,10.2901,1
1341,1054605312,1973.03,0.0559151,0.713803,19.2909,56.6531,0.634701,184982,0,53,8.65395,10.2901,1
1342,1055391744,1974.58,0.0557931,0.897474,12.5341,27.5238,0.755807,185122,0,53,8.65395,10.2901,1
1343,1056178176,1976.12,0.0570639,0.872801,12.3108,25.76,0.79314,185264,0,53,8.65396,10.2901,1
1344,1056964608,1977.67,0.0556179,0.990018,28.6299,74.3168,0.535229,185399,0,53,8.65395,10.2901,1
1345,1057751040,1979.21,0.0554658,0.899518,13.0507,24.5119,0.730343,185554,0,53,8.65396,10.2901,1
1346,1058537472,1980.75,0.057567,0.776355,11.0771,23.8152,0.828217,185705,0,53,8.65396,10.2901,1
1347,1059323904,1982.31,0.0580896,0.738613,14.1385,40.3187,0.725574,185853,0,53,8.65396,10.2901,1
1348,1060110336,1983.83,0.0584751,0.744868,14.58,30.344,0.664937,185995,0,53,8.65395,10.2901,1
1349,1060896768,1985.35,0.0590748,0.890017,14.288,39.6323,0.670523,186150,0,53,8.65396,10.2901,1
1350,1061683200,1986.87,0.0574342,0.792793,16.483,32.0849,0.60276,186288,0,53,8.65395,10.2901,1
1351,1062469632,1988.39,0.0588147,0.70707,13.2976,28.795,0.643718,186431,0,53,8.65396,10.2901,1
1352,1063256064,1989.92,0.0592258,0.89746,14.8255,39.1246,0.657816,186579,0,53,8.65396,10.2901,1
1353,1064042496,1991.45,0.0585036,0.765638,13.1116,28.7497,0.658576,186713,0,53,8.65395,10.2901,1
1354,1064828928,1993,0.0588284,0.798099,11.5303,21.1146,0.775672,186861,0,53,8.65396,10.2901,1
1355,1065615360,1994.56,0.0583663,0.758523,12.1038,30.5226,0.754952,187018,0,53,8.65396,10.2901,1
1356,1066401792,1996.1,0.0580986,0.856316,12.9946,29.3152,0.715863,187145,0,53,8.65395,10.2901,1
1357,1067188224,1997.71,0.0583514,1.00055,14.534,29.8332,0.735488,187276,0,53,8.65395,10.2901,1
1358,1067974656,1999.26,0.0587366,0.91272,16.0487,41.234,0.625588,187418,0,53,8.65395,10.2901,1
1359,1068761088,2000.86,0.0589336,0.888414,18.7104,52.9559,0.710189,187565,0,53,8.65396,10.2901,1
1360,1069547520,2002.43,0.0588607,0.933625,13.4689,33.9377,0.729607,187694,0,53,8.65395,10.2901,1
1361,1070333952,2003.99,0.0575954,0.896356,20.4088,51.9159,0.558164,187813,0,53,8.65394,10.2901,1
1362,1071120384,2005.55,0.0572733,0.900827,14.4822,64.0769,0.794634,187964,0,53,8.65396,10.2901,1
1363,1071906816,2007.11,0.0579498,0.864524,11.2127,28.9666,0.796014,188095,0,53,8.65395,10.2901,1
1364,1072693248,2008.68,0.0584759,0.774295,11.0345,29.0419,0.814972,188236,0,53,8.65395,10.2901,1
1365,1073479680,2010.25,0.057814,0.912608,12.9584,36.1806,0.748758,188379,0,53,8.65395,10.2901,1
1366,1074266112,2011.8,0.057446,0.859762,13.8907,46.8611,0.757794,188518,0,53,8.65395,10.2901,1
1367,1075052544,2013.34,0.0583523,0.864707,19.9953,42.7995,0.675295,188658,0,53,8.65395,10.2901,1
1368,1075838976,2014.89,0.0593281,0.782607,16.1065,42.6976,0.628441,188804,0,53,8.65396,10.2901,1
1369,1076625408,2016.43,0.0583907,0.837701,16.3586,35.0328,0.593444,188938,0,53,8.65395,10.2901,1
1370,1077411840,2017.98,0.0579407,0.98747,19.9187,58.5642,0.562692,189073,0,53,8.65395,10.2901,1
1371,1078198272,2019.53,0.0567548,0.790326,14.7765,34.9409,0.582096,189199,0,53,8.65395,10.2901,1
1372,1078984704,2021.09,0.0574708,0.72967,13.2699,38.3377,0.643839,189332,0,53,8.65395,10.2901,1
1373,1079771136,2022.65,0.0590586,0.847649,12.5479,34.0844,0.789685,189481,0,53,8.65396,10.2901,1
1374,1080557568,2024.2,0.0598491,0.982709,12.2109,24.1588,0.858078,189640,0,53,8.65396,10.2901,1
1375,1081344000,2025.76,0.0605064,0.90424,13.368,27.8336,0.679456,189779,0,53,8.65395,10.2901,1
1376,1082130432,2027.32,0.0582613,0.979532,16.1591,46.8895,0.735411,189917,0,53,8.65395,10.2901,1
1377,1082916864,2028.89,0.0599659,1.01619,17.9108,38.127,0.562803,190064,0,53,8.65395,10.2901,1
1378,1083703296,2030.45,0.0593886,0.939994,11.2073,25.881,0.945366,190193,0,53,8.65395,10.2901,1
1379,1084489728,2032.01,0.0586151,0.993973,14.488,42.199,0.711642,190322,0,53,8.65395,10.2901,1
1380,1085276160,2033.58,0.0589266,0.923199,13.0021,30.2782,0.660374,190463,0,53,8.65395,10.2901,1
1381,1086062592,2035.14,0.0566515,0.851438,28.4388,93.6725,0.461392,190583,0,53,8.65394,10.2901,1
1382,1086849024,2036.71,0.0576235,0.97652,15.5246,38.8098,0.622431,190712,0,53,8.65395,10.2901,1
1383,1087635456,2038.26,0.0575486,0.974821,22.0708,55.2903,0.498176,190837,0,53,8.65395,10.2901,1
1384,1088421888,2039.81,0.0594711,1.04963,19.1747,61.3153,0.695289,190963,0,53,8.65394,10.2901,1
1385,1089208320,2041.38,0.0578141,0.840286,14.4329,32.0464,0.7491,191102,0,53,8.65395,10.2901,1
1386,1089994752,2042.95,0.0601482,0.889912,14.9428,41.9746,0.647217,191249,0,53,8.65396,10.2901,1
1387,1090781184,2044.52,0.059011,0.958071,28.1727,92.9864,0.526665,191387,0,53,8.65395,10.2901,1
1388,1091567616,2046.09,0.0596933,1.03831,13.47,30.729,0.724735,191518,0,53,8.65395,10.2901,1
1389,1092354048,2047.66,0.0592558,0.835761,13.2848,34.8681,0.708826,191654,0,53,8.65395,10.2901,1
1390,1093140480,2049.24,0.0615416,0.754953,18.2129,37.3629,0.590505,191793,0,53,8.65395,10.2901,1
1391,1093926912,2050.85,0.0618488,0.820533,23.2325,67.8948,0.591695,191932,0,53,8.65395,10.2901,1
1392,1094713344,2052.46,0.0630592,0.919764,29.8467,78.2994,0.472309,192094,0,53,8.65396,10.2901,1
1393,1095499776,2054.08,0.0640334,1.06119,14.8161,36.8359,0.6775,192246,0,53,8.65396,10.2901,1
1394,1096286208,2055.69,0.0625713,1.01331,14.1058,45.1876,0.746886,192389,0,53,8.65395,10.2901,1
1395,1097072640,2057.3,0.0624525,0.861666,20.7986,61.821,0.507055,192533,0,53,8.65395,10.2901,1
1396,1097859072,2058.91,0.0623967,1.01439,15.1009,31.0583,0.66435,192687,0,53,8.65396,10.2901,1
1397,1098645504,2060.51,0.0630755,1.01585,14.4779,36.4718,0.734278,192826,0,53,8.65395,10.2901,1
1398,1099431936,2062.08,0.0613114,1.01967,46.7676,128.174,0.435995,192971,0,53,8.65396,10.2901,1
1399,1100218368,2063.65,0.0603241,0.884428,18.0044,82.5535,0.64445,193101,0,53,8.65395,10.2901,1
1400,1101004800,2065.23,0.0605282,0.754354,14.4093,43.9602,0.741616,193242,0,53,8.65395,10.2901,1
1401,1101791232,2066.8,0.060996,0.976819,17.2548,33.0056,0.689356,193389,0,53,8.65395,10.2901,1
1402,1102577664,2068.38,0.0624932,0.978418,13.6941,37.4647,0.783291,193545,0,53,8.65396,10.2901,1
1403,1103364096,2069.96,0.0611044,0.954947,17.0164,43.5227,0.755057,193678,0,53,8.65395,10.2901,1
1404,1104150528,2071.56,0.0607433,0.825901,14.4485,55.7907,0.789087,193811,0,53,8.65395,10.2901,1
1405,1104936960,2073.18,0.061136,1.02504,19.4927,46.6648,0.663003,193961,0,53,8.65396,10.2901,1
1406,1105723392,2074.79,0.0598255,1.071,23.3867,62.9543,0.507267,194104,0,53,8.65395,10.2901,1
1407,1106509824,2076.39,0.0575055,0.899277,29.6204,77.2161,0.53694,194231,0,53,8.65395,10.2901,1
1408,1107296256,2078,0.0557395,0.856631,30.488,77.3868,0.413834,194347,0,53,8.65394,10.2901,1
1409,1108082688,2079.61,0.059119,0.885074,13.4125,36.1232,0.694906,194498,0,53,8.65396,10.2901,1
1410,1108869120,2081.21,0.0581405,1.07339,12.608,37.6046,0.748617,194618,0,53,8.65394,10.2901,1
1411,1109655552,2082.82,0.0582494,0.814167,17.2894,52.3157,0.646252,194752,0,53,8.65395,10.2901,1
1412,1110441984,2084.44,0.0604483,1.07983,13.7593,32.1533,0.782642,194893,0,53,8.65395,10.2901,1
1413,1111228416,2086.06,0.0599236,1.0111,23.5689,59.7714,0.542969,195048,0,53,8.65396,10.2901,1
1414,1112014848,2087.69,0.0607749,1.13974,22.7576,74.6059,0.554533,195190,0,53,8.65395,10.2901,1
1415,1112801280,2089.31,0.0596275,1.36417,63.568,158.238,0.405568,195329,0,53,8.65395,10.2901,1
1416,1113587712,2090.94,0.0607169,1.09017,20.0752,46.5874,0.563946,195463,0,53,8.65395,10.2901,1
1417,1114374144,2092.56,0.0598991,1.08692,15.4333,42.6328,0.7457,195603,0,53,8.65395,10.2901,1
1418,1115160576,2094.25,0.0586243,0.816375,19.0993,59.632,0.584399,195724,0,53,8.65394,10.2901,1
1419,1115947008,2095.86,0.0587517,1.03582,17.4301,39.3672,0.593223,195852,0,53,8.65395,10.2901,1
1420,1116733440,2097.51,0.0588486,0.76486,12.9925,27.7994,0.672786,196003,0,53,8.65396,10.2901,1
1421,1117519872,2099.12,0.060206,0.858191,14.4344,43.0147,0.685189,196154,0,53,8.65396,10.2901,1
1422,1118306304,2100.71,0.0603271,0.90369,35.2373,120.574,0.596389,196290,0,53,8.65395,10.2901,1
1423,1119092736,2102.31,0.0608481,1.00984,16.4171,41.1133,0.647158,196431,0,53,8.65395,10.2901,1
1424,1119879168,2103.92,0.0605438,0.853473,18.7897,56.7559,0.618771,196584,0,53,8.65396,10.2901,1
1425,1120665600,2105.52,0.0608196,0.934073,16.4729,44.1827,0.66908,196703,0,53,8.65394,10.2901,1
1426,1121452032,2107.1,0.0601073,0.993035,26.0722,87.6599,0.570783,196844,0,53,8.65395,10.2901,1
1427,1122238464,2108.69,0.0605044,1.0117,11.4595,29.5664,0.84664,196987,0,53,8.65395,10.2901,1
1428,1123024896,2110.26,0.0587391,0.868527,14.0465,47.9555,0.748364,197105,0,53,8.65394,10.2901,1
1429,1123811328,2111.84,0.0600256,1.07087,16.6758,69.8736,0.74104,197237,0,53,8.65395,10.2901,1
1430,1124597760,2113.42,0.0595866,0.997497,20.7202,54.7161,0.61404,197380,0,53,8.65395,10.2901,1
1431,1125384192,2115,0.0590877,0.878455,16.6019,46.5006,0.658644,197496,0,53,8.65394,10.2901,1
1432,1126170624,2116.58,0.0598443,0.946935,16.5288,47.1608,0.67183,197651,0,53,8.65396,10.2901,1
1433,1126957056,2118.17,0.0584498,0.880034,14.4645,38.6648,0.654712,197796,0,53,8.65396,10.2901,1
1434,1127743488,2119.75,0.0581966,1.13907,25.9148,64.5669,0.605981,197934,0,53,8.65395,10.2901,1
1435,1128529920,2121.32,0.0569783,1.0501,13.212,30.5235,0.790943,198067,0,53,8.65395,10.2901,1
1436,1129316352,2122.9,0.0566822,0.930486,14.0002,31.7563,0.713758,198199,0,53,8.65395,10.2901,1
1437,1130102784,2124.48,0.0573976,0.878942,32.4108,68.2923,0.487044,198340,0,53,8.65395,10.2901,1
1438,1130889216,2126.05,0.0589583,0.971202,27.8588,69.6724,0.471566,198478,0,53,8.65395,10.2901,1
1439,1131675648,2127.63,0.058373,1.03351,19.0209,54.5854,0.614676,198642,0,53,8.65396,10.2901,1
1440,1132462080,2129.2,0.0587183,0.975309,12.5544,22.906,0.76555,198786,0,53,8.65395,10.2901,1
1441,1133248512,2130.76,0.0603106,1.00501,15.1981,33.9287,0.70201,198938,0,53,8.65396,10.2901,1
1442,1134034944,2132.32,0.0585492,0.916933,12.454,27.3847,0.720939,199078,0,53,8.65395,10.2901,1
1443,1134821376,2133.89,0.059077,1.0525,14.0068,27.6507,0.766997,199215,0,53,8.65395,10.2901,1
1444,1135607808,2135.46,0.0603517,0.747926,18.5759,46.9454,0.633137,199348,0,53,8.65395,10.2901,1
1445,1136394240,2137.02,0.0613856,0.973108,18.9849,48.7499,0.591802,199489,0,53,8.65395,10.2901,1
1446,1137180672,2138.59,0.0597281,1.00447,31.6234,71.4292,0.404955,199631,0,53,8.65395,10.2901,1
1447,1137967104,2140.15,0.0601669,1.11117,16.072,49.5349,0.651064,199760,0,53,8.65395,10.2901,1
1448,1138753536,2141.71,0.0605398,0.882375,19.2323,57.1269,0.62471,199892,0,53,8.65395,10.2901,1
1449,1139539968,2143.27,0.0589074,0.814913,13.4255,26.1838,0.68154,200036,0,53,8.65395,10.2901,1
1450,1140326400,2144.84,0.059654,1.17827,37.275,76.9912,0.427363,200177,0,53,8.65395,10.2901,1
1451,1141112832,2146.42,0.0582338,0.825347,25.1188,72.9271,0.477172,200323,0,53,8.65395,10.2901,1
1452,1141899264,2147.98,0.0608157,0.949498,23.977,61.6888,0.613472,200468,0,53,8.65396,10.2901,1
1453,1142685696,2149.54,0.0600259,0.94107,13.1651,23.4801,0.62153,200605,0,53,8.65395,10.2901,1
1454,1143472128,2151.11,0.0594058,0.920428,12.2378,29.996,0.767851,200721,0,53,8.65394,10.2901,1
1455,1144258560,2152.68,0.0589686,0.750274,13.0846,34.4977,0.70762,200849,0,53,8.65395,10.2901,1
1456,1145044992,2154.24,0.0598733,0.927903,19.6346,54.4443,0.62063,200988,0,53,8.65395,10.2901,1
1457,1145831424,2155.81,0.0594315,1.03735,12.4771,28.9255,0.677117,201116,0,53,8.65395,10.2901,1
1458,1146617856,2157.39,0.0603339,1.02859,14.5081,35.1477,0.686901,201250,0,53,8.65395,10.2901,1
1459,1147404288,2158.97,0.0595956,0.940341,20.4471,52.6747,0.570289,201391,0,53,8.65395,10.2901,1
1460,1148190720,2160.53,0.0586896,0.903841,13.5763,28.5664,0.676489,201532,0,53,8.65395,10.2901,1
1461,1148977152,2162.09,0.0598004,1.05785,17.6889,44.2252,0.62767,201677,0,53,8.65396,10.2901,1
1462,1149763584,2163.65,0.0606263,0.904979,14.0476,39.1584,0.624092,201821,0,53,8.65396,10.2901,1
1463,1150550016,2165.21,0.0602844,0.914661,11.6596,25.7649,0.757576,201954,0,53,8.65395,10.2901,1
1464,1151336448,2166.77,0.0604048,0.837627,18.0448,46.1005,0.614189,202101,0,53,8.65395,10.2901,1
1465,1152122880,2168.32,0.0597863,0.999319,23.683,72.7534,0.508214,202230,0,53,8.65395,10.2901,1
1466,1152909312,2169.87,0.0589685,0.915048,18.1003,58.3017,0.597606,202362,0,53,8.65395,10.2901,1
1467,1153695744,2171.45,0.0580695,0.990835,13.9481,33.1328,0.610013,202504,0,53,8.65395,10.2901,1
1468,1154482176,2173.03,0.0587725,0.887173,19.4209,55.12,0.558614,202649,0,53,8.65396,10.2901,1
1469,1155268608,2174.61,0.0594935,0.97679,14.7061,28.8501,0.702541,202792,0,53,8.65395,10.2901,1
1470,1156055040,2176.18,0.0592723,0.947159,18.148,49.8812,0.624,202941,0,53,8.65396,10.2901,1
1471,1156841472,2177.74,0.0598539,0.866411,16.8626,35.7862,0.617937,203097,0,53,8.65396,10.2901,1
1472,1157627904,2179.31,0.0590494,1.00502,18.6054,46.223,0.636667,203224,0,53,8.65395,10.2901,1
1473,1158414336,2180.92,0.0581233,0.909808,17.3445,38.608,0.565808,203360,0,53,8.65395,10.2901,1
1474,1159200768,2182.53,0.0597769,0.927041,20.0249,53.1615,0.554277,203515,0,53,8.65396,10.2901,1
1475,1159987200,2184.14,0.0588326,0.820451,23.8803,49.3329,0.490436,203640,0,53,8.65395,10.2901,1
1476,1160773632,2185.7,0.0585273,0.977191,16.1262,43.3045,0.619006,203769,0,53,8.65395,10.2901,1
1477,1161560064,2187.23,0.0584025,0.938686,16.9089,42.4377,0.615205,203898,0,53,8.65395,10.2901,1
1478,1162346496,2188.78,0.059326,1.05972,15.857,38.7971,0.611347,204025,0,53,8.65395,10.2901,1
1479,1163132928,2190.35,0.0589505,0.960104,19.8262,42.8564,0.578647,204169,0,53,8.65395,10.2901,1
1480,1163919360,2191.94,0.0590816,0.830027,23.971,65.4135,0.49594,204320,0,53,8.65396,10.2901,1
1481,1164705792,2193.57,0.0587135,0.853874,19.6054,40.0848,0.513054,204455,0,53,8.65395,10.2901,1
1482,1165492224,2195.12,0.058422,0.781932,15.0239,51.4428,0.681214,204592,0,53,8.65395,10.2901,1
1483,1166278656,2196.67,0.0595971,0.980873,18.4264,54.1909,0.609416,204723,0,53,8.65395,10.2901,1
1484,1167065088,2198.22,0.0599168,0.943994,16.7306,46.4102,0.648185,204869,0,53,8.65396,10.2901,1
1485,1167851520,2199.78,0.0582523,0.827012,12.1586,22.1952,0.632858,205005,0,53,8.65395,10.2901,1
1486,1168637952,2201.35,0.0609729,0.821976,13.602,31.5635,0.657688,205172,0,53,8.65396,10.2901,1
1487,1169424384,2202.92,0.0610094,0.897534,15.8985,33.0425,0.54347,205325,0,53,8.65396,10.2901,1
1488,1170210816,2204.53,0.0610663,1.02961,13.3154,39.2527,0.766184,205470,0,53,8.65396,10.2901,1
1489,1170997248,2206.18,0.0591348,0.988832,29.6642,81.7788,0.496624,205603,0,53,8.65395,10.2901,1
1490,1171783680,2207.82,0.0595279,1.10742,14.51,26.9653,0.595346,205745,0,53,8.65395,10.2901,1
1491,1172570112,2209.45,0.0591263,1.0402,15.0297,40.5942,0.731532,205881,0,53,8.65395,10.2901,1
1492,1173356544,2211.04,0.0593359,1.11708,13.6228,33.4205,0.710251,206025,0,53,8.65395,10.2901,1
1493,1174142976,2212.66,0.0603538,1.09222,18.5695,54.6809,0.591883,206179,0,53,8.65396,10.2901,1
1494,1174929408,2214.26,0.0586662,0.868377,19.5043,57.9972,0.559021,206311,0,53,8.65395,10.2901,1
1495,1175715840,2215.85,0.058202,1.00166,21.8466,63.7169,0.553091,206447,0,53,8.65395,10.2901,1
1496,1176502272,2217.44,0.0584053,0.831357,15.812,42.119,0.593165,206585,0,53,8.65395,10.2901,1
1497,1177288704,2218.99,0.0611492,0.957202,16.6475,33.9903,0.563466,206715,0,53,8.65395,10.2901,1
1498,1178075136,2220.56,0.0588121,0.830669,15.3812,42.0584,0.596844,206853,0,53,8.65395,10.2901,1
1499,1178861568,2222.16,0.0590892,0.95871,13.9222,35.115,0.63597,207003,0,53,8.65396,10.2901,1
1500,1179648000,2223.75,0.0591722,0.803639,13.3654,41.6485,0.675315,207140,0,53,8.65395,10.2901,1
1501,1180434432,2225.34,0.0579998,0.799278,10.3507,16.6782,0.717703,207249,0,53,8.65394,10.2901,1
1502,1181220864,2226.92,0.0582033,0.881231,14.9397,44.384,0.63971,207361,0,53,8.65394,10.2901,1
1503,1182007296,2228.51,0.0582766,0.77528,22.9508,44.7137,0.487598,207504,0,53,8.65395,10.2901,1
1504,1182793728,2230.09,0.0576692,0.965443,11.033,23.0546,0.806343,207628,0,53,8.65394,10.2901,1
1505,1183580160,2231.68,0.0582539,1.00883,13.7652,32.3735,0.671905,207765,0,53,8.65395,10.2901,1
1506,1184366592,2233.29,0.0581411,0.882881,16.6078,43.8745,0.611418,207904,0,53,8.65395,10.2901,1
1507,1185153024,2234.9,0.0591072,1.00581,16.3194,39.267,0.591349,208039,0,53,8.65395,10.2901,1
1508,1185939456,2236.51,0.0603039,0.84338,13.7752,28.1785,0.652463,208191,0,53,8.65396,10.2901,1
1509,1186725888,2238.1,0.061164,0.854258,19.8018,60.5579,0.52807,208333,0,53,8.65395,10.2901,1
1510,1187512320,2239.7,0.0609409,0.861092,14.5472,27.405,0.601258,208467,0,53,8.65395,10.2901,1
1511,1188298752,2241.23,0.0605529,0.883072,14.0372,38.173,0.66173,208606,0,53,8.65395,10.2901,1
1512,1189085184,2242.77,0.0613335,0.809156,11.2029,24.6827,0.751371,208727,0,53,8.65395,10.2901,1
1513,1189871616,2244.29,0.0614525,1.02668,14.7266,48.407,0.594378,208865,0,53,8.65395,10.2901,1
1514,1190658048,2245.77,0.060089,0.887788,17.0691,38.2292,0.537409,209003,0,53,8.65395,10.2901,1
1515,1191444480,2247.3,0.0625004,0.859062,15.945,35.7203,0.574666,209150,0,53,8.65396,10.2901,1
1516,1192230912,2248.86,0.0621156,0.911992,13.2079,29.6921,0.66475,209291,0,53,8.65395,10.2901,1
1517,1193017344,2250.42,0.0615586,0.745537,17.1256,63.6923,0.636427,209439,0,53,8.65395,10.2901,1
1518,1193803776,2251.98,0.0629218,1.18365,51.6959,134.175,0.329422,209601,0,53,8.65396,10.2901,1
1519,1194590208,2253.54,0.0595382,1.15573,22.8753,62.6968,0.573356,209731,0,53,8.65395,10.2901,1
1520,1195376640,2255.1,0.0610355,0.932033,19.7781,78.4507,0.580133,209870,0,53,8.65396,10.2901,1
1521,1196163072,2256.65,0.0621808,0.885964,18.0368,54.8483,0.641124,210030,0,53,8.65396,10.2901,1
1522,1196949504,2258.22,0.0609099,1.14174,37.4337,90.7758,0.407615,210141,0,53,8.65394,10.2901,1
1523,1197735936,2259.79,0.0601816,0.9261,23.7066,53.9717,0.459197,210268,0,53,8.65395,10.2901,1
1524,1198522368,2261.36,0.0598342,0.886735,17.3619,33.0425,0.501048,210400,0,53,8.65395,10.2901,1
1525,1199308800,2262.9,0.060439,1.14952,13.9886,33.2811,0.641992,210536,0,53,8.65395,10.2901,1
1526,1200095232,2264.45,0.0600866,1.07564,13.7242,37.7302,0.705472,210683,0,53,8.65396,10.2901,1
1527,1200881664,2265.98,0.0605749,1.05253,13.1998,30.496,0.673847,210840,0,53,8.65396,10.2901,1
1528,1201668096,2267.56,0.0591195,0.792599,14.7781,36.0489,0.580894,210964,0,53,8.65395,10.2901,1
1529,1202454528,2269.13,0.0608012,0.951043,10.7892,17.1619,0.721191,211105,0,53,8.65395,10.2901,1
1530,1203240960,2270.69,0.0598815,0.941993,15.6939,34.5808,0.626959,211246,0,53,8.65395,10.2901,1
1531,1204027392,2272.25,0.0602505,0.921912,13.2591,27.6548,0.681779,211396,0,53,8.65396,10.2901,1
1532,1204813824,2273.82,0.0594676,0.845708,17.4015,50.0593,0.552468,211536,0,53,8.65395,10.2901,1
1533,1205600256,2275.38,0.0606529,0.895693,12.3903,27.588,0.645878,211700,0,53,8.65396,10.2901,1
1534,1206386688,2276.95,0.0602358,0.888118,12.5222,21.5297,0.663481,211849,0,53,8.65396,10.2901,1
1535,1207173120,2278.52,0.060809,0.957475,11.2363,21.8144,0.704267,211996,0,53,8.65396,10.2901,1
1536,1207959552,2280.09,0.0603382,0.95412,13.9302,35.4636,0.618813,212139,0,53,8.65395,10.2901,1
1537,1208745984,2281.65,0.0590406,0.918687,18.7531,41.8747,0.487106,212278,0,53,8.65395,10.2901,1
1538,1209532416,2283.27,0.0597352,1.01963,21.7846,44.8834,0.480063,212425,0,53,8.65396,10.2901,1
1539,1210318848,2284.83,0.060099,0.76622,12.0542,27.4214,0.674504,212570,0,53,8.65395,10.2901,1
1540,1211105280,2286.46,0.0609164,1.03305,16.987,43.9175,0.558537,212716,0,53,8.65396,10.2901,1
1541,1211891712,2288.03,0.0600366,0.913599,13.0712,25.3772,0.6805,212843,0,53,8.65395,10.2901,1
1542,1212678144,2289.61,0.057852,0.959047,14.0958,31.1764,0.629929,212975,0,53,8.65395,10.2901,1
1543,1213464576,2291.21,0.0598959,0.84375,14.9678,40.215,0.619851,213110,0,53,8.65395,10.2901,1
1544,1214251008,2292.82,0.0588295,0.999624,22.5955,48.7251,0.489029,213230,0,53,8.65394,10.2901,1
1545,1215037440,2294.4,0.0599955,0.916189,14.4283,31.4043,0.590798,213375,0,53,8.65396,10.2901,1
1546,1215823872,2295.97,0.0596309,0.942634,13.0184,31.2702,0.613423,213529,0,53,8.65396,10.2901,1
1547,1216610304,2297.53,0.0587929,0.955101,15.7504,41.718,0.639915,213674,0,53,8.65395,10.2901,1
1548,1217396736,2299.09,0.0581112,0.798672,12.274,25.0232,0.700404,213792,0,53,8.65394,10.2901,1
1549,1218183168,2300.65,0.0574847,0.933405,14.1164,29.6198,0.652005,213902,0,53,8.65394,10.2901,1
1550,1218969600,2302.21,0.0580027,0.856859,13.5733,35.7587,0.606654,214041,0,53,8.65395,10.2901,1
1551,1219756032,2303.77,0.0582596,0.861124,14.0109,36.4677,0.611118,214165,0,53,8.65395,10.2901,1
1552,1220542464,2305.34,0.0579924,0.798176,10.5213,26.4434,0.733722,214301,0,53,8.65395,10.2901,1
1553,1221328896,2306.91,0.0596599,0.747333,11.5315,27.1863,0.688981,214437,0,53,8.65395,10.2901,1
1554,1222115328,2308.48,0.0594165,0.855072,10.7761,21.5017,0.695433,214565,0,53,8.65395,10.2901,1
1555,1222901760,2310.04,0.0600287,0.859634,11.2599,29.4925,0.748168,214716,0,53,8.65396,10.2901,1
1556,1223688192,2311.63,0.0589319,0.96068,12.6847,31.0404,0.660294,214841,0,53,8.65395,10.2901,1
1557,1224474624,2313.21,0.0598266,0.91512,14.2739,31.3911,0.621225,214980,0,53,8.65395,10.2901,1
1558,1225261056,2314.8,0.0598462,0.948919,11.3124,36.871,0.690522,215118,0,53,8.65395,10.2901,1
1559,1226047488,2316.4,0.0590754,0.771535,13.3523,34.0343,0.613456,215239,0,53,8.65394,10.2901,1
1560,1226833920,2318,0.0584505,0.820465,14.9248,28.5498,0.500146,215371,0,53,8.65395,10.2901,1
1561,1227620352,2319.59,0.0581929,0.819787,11.0109,22.5083,0.671157,215509,0,53,8.65395,10.2901,1
1562,1228406784,2321.18,0.0589245,0.812699,13.0489,29.6406,0.582438,215659,0,53,8.65396,10.2901,1
1563,1229193216,2322.78,0.0595838,0.880151,16.9545,46.6871,0.580056,215801,0,53,8.65395,10.2901,1
1564,1229979648,2324.37,0.0577841,0.841551,14.0381,30.6022,0.610563,215952,0,53,8.65396,10.2901,1
1565,1230766080,2325.97,0.0582024,0.76456,11.5936,21.7364,0.62763,216108,0,53,8.65396,10.2901,1
1566,1231552512,2327.57,0.0571639,0.847448,19.5762,53.2844,0.545172,216238,0,53,8.65395,10.2901,1
1567,1232338944,2329.16,0.0579832,0.85669,14.5155,42.7593,0.549656,216371,0,53,8.65395,10.2901,1
1568,1233125376,2330.74,0.0577834,0.857512,12.3525,25.5284,0.669075,216539,0,53,8.65396,10.2901,1
1569,1233911808,2332.32,0.0573184,0.918113,10.9582,20.4375,0.780127,216649,0,53,8.65394,10.2901,1
1570,1234698240,2333.91,0.0561691,0.998282,13.0908,29.5758,0.649876,216790,0,53,8.65395,10.2901,1
1571,1235484672,2335.48,0.0553547,0.987894,13.8573,29.1224,0.579745,216911,0,53,8.65394,10.2901,1
1572,1236271104,2337.06,0.0579412,0.99377,14.4684,31.7387,0.613527,217047,0,53,8.65395,10.2901,1
1573,1237057536,2338.65,0.0574,1.16185,16.0216,38.1272,0.583941,217204,0,53,8.65396,10.2901,1
1574,1237843968,2340.24,0.0553751,0.929641,17.0282,39.2748,0.633473,217360,0,53,8.65396,10.2901,1
1575,1238630400,2341.83,0.0567997,0.794798,16.4944,37.5182,0.480904,217487,0,53,8.65395,10.2901,1
1576,1239416832,2343.42,0.055386,0.797635,13.6867,31.5645,0.597939,217628,0,53,8.65395,10.2901,1
1577,1240203264,2344.99,0.0546555,0.85063,19.2508,53.6498,0.640789,217770,0,53,8.65395,10.2901,1
1578,1240989696,2346.54,0.05507,0.980571,9.78341,17.2941,0.730146,217911,0,53,8.65395,10.2901,1
1579,1241776128,2348.09,0.0549543,0.9003,14.9306,26.2325,0.618478,218053,0,53,8.65395,10.2901,1
1580,1242562560,2349.64,0.0567893,1.02146,17.2586,55.5985,0.523076,218224,0,53,8.65397,10.2901,1
1581,1243348992,2351.2,0.0551862,0.96796,18.7894,36.1761,0.548836,218367,0,53,8.65396,10.2901,1
1582,1244135424,2352.76,0.054665,0.984234,14.7547,41.4481,0.656727,218518,0,53,8.65396,10.2901,1
1583,1244921856,2354.33,0.056418,0.95752,21.6693,46.1851,0.434264,218670,0,53,8.65396,10.2901,1
1584,1245708288,2355.89,0.0558223,1.06066,14.6017,36.3362,0.741049,218814,0,53,8.65395,10.2901,1
1585,1246494720,2357.44,0.0546816,0.982924,13.7915,32.7699,0.697812,218959,0,53,8.65396,10.2901,1
1586,1247281152,2359,0.0552185,0.871199,17.0481,39.9984,0.618659,219109,0,53,8.65396,10.2901,1
1587,1248067584,2360.55,0.0560632,0.780435,18.4514,54.6669,0.554256,219250,0,53,8.65395,10.2901,1
1588,1248854016,2362.1,0.0553191,0.823959,15.0953,36.3816,0.606661,219378,0,53,8.65395,10.2901,1
1589,1249640448,2363.68,0.0556226,1.08283,12.9925,39.9766,0.643169,219520,0,53,8.65395,10.2901,1
1590,1250426880,2365.28,0.0560197,0.905057,12.6383,26.3781,0.625278,219655,0,53,8.65395,10.2901,1
1591,1251213312,2366.88,0.0555852,1.03557,20.1667,59.6547,0.513413,219785,0,53,8.65395,10.2901,1
1592,1251999744,2368.46,0.0548638,0.909076,14.5634,37.6872,0.543963,219924,0,53,8.65395,10.2901,1
1593,1252786176,2370.02,0.0567778,1.0345,14.4858,32.4183,0.635827,220086,0,53,8.65396,10.2901,1
1594,1253572608,2371.58,0.0570115,1.07353,14.6547,33.3048,0.590054,220229,0,53,8.65395,10.2901,1
1595,1254359040,2373.16,0.0555284,0.97759,20.4875,56.8642,0.473531,220347,0,53,8.65395,10.2901,1
1596,1255145472,2374.73,0.0548357,0.796067,19.5187,51.5928,0.468947,220460,0,53,8.65394,10.2901,1
1597,1255931904,2376.3,0.0560524,0.901078,13.5083,42.1777,0.540786,220611,0,53,8.65396,10.2901,1
1598,1256718336,2377.87,0.0566379,1.09302,11.2985,21.3659,0.682694,220748,0,53,8.65395,10.2901,1
1599,1257504768,2379.44,0.0558655,1.08849,12.3752,33.1225,0.670366,220884,0,53,8.65395,10.2901,1
1600,1258291200,2381,0.0549844,0.923438,12.9462,27.6473,0.590264,221024,0,53,8.65395,10.2901,1
1601,1259077632,2382.55,0.0554343,0.930932,13.7009,34.0188,0.552391,221149,0,53,8.65395,10.2901,1
1602,1259864064,2384.1,0.0565975,0.961801,12.1561,35.7665,0.746731,221302,0,53,8.65396,10.2901,1
1603,1260650496,2385.65,0.0548947,0.950104,19.0721,50.222,0.507931,221414,0,53,8.65394,10.2901,1
1604,1261436928,2387.2,0.0576265,0.907157,13.3178,25.9026,0.578794,221550,0,53,8.65395,10.2901,1
1605,1262223360,2388.74,0.0579838,0.736036,14.8404,38.1702,0.520587,221686,0,53,8.65395,10.2901,1
1606,1263009792,2390.29,0.0576436,0.952367,15.5702,42.6792,0.533747,221810,0,53,8.65394,10.2901,1
1607,1263796224,2391.86,0.0571883,0.857017,13.4397,31.0732,0.532362,221941,0,53,8.65395,10.2901,1
1608,1264582656,2393.43,0.0586064,0.804834,14.2293,39.8332,0.567886,222088,0,53,8.65396,10.2901,1
1609,1265369088,2395,0.0580111,1.11677,15.9381,40.6431,0.489187,222234,0,53,8.65396,10.2901,1
1610,1266155520,2396.56,0.056427,0.856844,17.7496,47.2879,0.489118,222361,0,53,8.65395,10.2901,1
1611,1266941952,2398.13,0.0565796,0.825054,17.8826,43.6198,0.465444,222516,0,53,8.65396,10.2901,1
1612,1267728384,2399.68,0.0590157,0.91849,17.0669,43.0145,0.475052,222663,0,53,8.65396,10.2901,1
1613,1268514816,2401.24,0.0583381,0.885261,14.1839,37.9794,0.545929,222796,0,53,8.65395,10.2901,1
1614,1269301248,2402.84,0.0574655,0.818953,12.0777,33.9862,0.615673,222927,0,53,8.65395,10.2901,1
1615,1270087680,2404.45,0.0592357,1.03003,15.1295,42.4456,0.549604,223084,0,53,8.65396,10.2901,1
1616,1270874112,2406.05,0.0558539,0.926545,12.2063,31.2992,0.68105,223201,0,53,8.65394,10.2901,1
1617,1271660544,2407.67,0.0560931,0.743495,19.9148,53.4488,0.476239,223331,0,53,8.65395,10.2901,1
1618,1272446976,2409.24,0.0556951,0.890565,14.7297,50.6257,0.512023,223454,0,53,8.65394,10.2901,1
1619,1273233408,2410.8,0.0565692,0.938726,13.6173,34.4008,0.64274,223587,0,53,8.65395,10.2901,1
1620,1274019840,2412.37,0.0569751,0.748041,12.5299,28.4709,0.653052,223742,0,53,8.65396,10.2901,1
1621,1274806272,2413.93,0.0584153,0.93387,13.0077,31.7097,0.599705,223902,0,53,8.65396,10.2901,1
1622,1275592704,2415.49,0.0581358,0.870823,17.6605,48.8967,0.460807,224016,0,53,8.65394,10.2901,1
1623,1276379136,2417.05,0.0590419,0.933975,13.3736,27.6281,0.629878,224167,0,53,8.65396,10.2901,1
1624,1277165568,2418.61,0.0579468,0.862996,11.7524,26.127,0.623948,224302,0,53,8.65395,10.2901,1
1625,1277952000,2420.15,0.0587298,0.770107,11.7204,27.9712,0.644069,224449,0,53,8.65396,10.2901,1
1626,1278738432,2421.72,0.0574708,0.881181,12.9329,23.9624,0.571116,224596,0,53,8.65395,10.2901,1
1627,1279524864,2423.32,0.0586059,0.785708,19.6811,44.977,0.403166,224769,0,53,8.65397,10.2901,1
1628,1280311296,2424.96,0.0599299,0.744243,10.7138,21.175,0.616577,224904,0,53,8.65395,10.2901,1
1629,1281097728,2426.53,0.0614191,1.00728,14.3637,35.1069,0.56081,225064,0,53,8.65396,10.2901,1
1630,1281884160,2428.1,0.0602895,0.868245,12.8705,31.6334,0.575661,225217,0,53,8.65396,10.2901,1
1631,1282670592,2429.68,0.059834,0.95757,14.3809,41.7951,0.650012,225358,0,53,8.65395,10.2901,1
1632,1283457024,2431.24,0.0602437,0.946095,15.3889,37.5271,0.490636,225501,0,53,8.65395,10.2901,1
1633,1284243456,2432.8,0.0619105,0.828488,11.5547,26.1857,0.664012,225642,0,53,8.65395,10.2901,1
1634,1285029888,2434.36,0.0603872,0.701056,13.754,33.1872,0.5449,225772,0,53,8.65395,10.2901,1
1635,1285816320,2435.92,0.0595491,0.736127,9.61107,19.3549,0.650856,225903,0,53,8.65395,10.2901,1
1636,1286602752,2437.46,0.0601026,0.847699,12.8526,33.1119,0.597367,226043,0,53,8.65395,10.2901,1
1637,1287389184,2439.02,0.0599694,1.03974,24.9682,59.9054,0.404848,226177,0,53,8.65395,10.2901,1
1638,1288175616,2440.56,0.0595707,0.889304,13.3558,28.4447,0.55327,226309,0,53,8.65395,10.2901,1
1639,1288962048,2442.11,0.0601232,0.937883,16.3322,38.8418,0.520404,226461,0,53,8.65396,10.2901,1
1640,1289748480,2443.65,0.0579565,0.884583,17.2201,38.4439,0.475101,226617,0,53,8.65396,10.2901,1
1641,1290534912,2445.21,0.0586774,0.728684,19.1449,54.6803,0.491687,226758,0,53,8.65396,10.2901,1
1642,1291321344,2446.76,0.0580795,0.847609,18.0914,40.1427,0.525384,226883,0,53,8.65395,10.2901,1
1643,1292107776,2448.31,0.0590842,0.889459,11.4103,22.0453,0.623831,227010,0,53,8.65394,10.2901,1
1644,1292894208,2449.88,0.0599761,0.915726,14.0723,37.0682,0.545697,227162,0,53,8.65396,10.2901,1
1645,1293680640,2451.43,0.0580789,0.89493,13.4613,46.5039,0.670451,227286,0,53,8.65395,10.2901,1
1646,1294467072,2452.99,0.0594284,0.737392,12.5558,25.0982,0.558134,227424,0,53,8.65395,10.2901,1
1647,1295253504,2454.54,0.0581368,0.774723,9.98561,21.1601,0.689246,227557,0,53,8.65395,10.2901,1
1648,1296039936,2456.15,0.0575574,0.872874,12.3585,23.7553,0.593476,227689,0,53,8.65395,10.2901,1
1649,1296826368,2457.76,0.0595249,1.06382,13.7134,30.077,0.62346,227832,0,53,8.65396,10.2901,1
1650,1297612800,2459.38,0.058529,0.936656,9.92902,25.8604,0.652944,227955,0,53,8.65394,10.2901,1
1651,1298399232,2460.97,0.0589381,0.913779,13.4191,40.6404,0.59054,228076,0,53,8.65395,10.2901,1
1652,1299185664,2462.57,0.0580488,0.961104,15.9376,43.0006,0.525054,228217,0,53,8.65395,10.2901,1
1653,1299972096,2464.17,0.0584714,0.872813,10.4258,22.9378,0.664861,228342,0,53,8.65395,10.2901,1
1654,1300758528,2465.79,0.058051,0.968914,12.4602,22.4453,0.582626,228476,0,53,8.65395,10.2901,1
1655,1301544960,2467.41,0.0606204,1.01852,23.9759,58.9865,0.481628,228618,0,53,8.65396,10.2901,1
1656,1302331392,2469.01,0.0595101,1.06294,13.5014,21.9441,0.536011,228760,0,53,8.65395,10.2901,1
1657,1303117824,2470.61,0.0576176,0.907008,12.8488,28.6887,0.556848,228894,0,53,8.65395,10.2901,1
1658,1303904256,2472.2,0.0577662,1.01554,13.9008,28.4858,0.543388,229053,0,53,8.65396,10.2901,1
1659,1304690688,2473.76,0.0583899,0.893024,13.5869,25.9417,0.506827,229202,0,53,8.65396,10.2901,1
1660,1305477120,2475.31,0.0588856,0.838947,11.9918,26.3832,0.579698,229339,0,53,8.65395,10.2901,1
1661,1306263552,2476.88,0.0586205,0.972509,17.6531,49.0418,0.521527,229473,0,53,8.65395,10.2901,1
1662,1307049984,2478.44,0.0581333,1.09452,14.4464,42.1562,0.596541,229613,0,53,8.65396,10.2901,1
1663,1307836416,2480.02,0.0587488,0.849612,13.8076,31.9959,0.539324,229732,0,53,8.65394,10.2901,1
1664,1308622848,2481.61,0.0585985,1.04104,10.9047,18.9023,0.653126,229874,0,53,8.65395,10.2901,1
1665,1309409280,2483.2,0.0591634,1.03769,10.9734,23.5712,0.642396,229995,0,53,8.65394,10.2901,1
1666,1310195712,2484.77,0.0621013,1.01828,10.7089,26.2596,0.718494,230123,0,53,8.65395,10.2901,1
1667,1310982144,2486.33,0.0608293,1.01474,11.1801,23.8784,0.621313,230278,0,53,8.65396,10.2901,1
1668,1311768576,2487.9,0.0622687,1.184,19.7153,70.0651,0.616684,230434,0,53,8.65396,10.2901,1
1669,1312555008,2489.49,0.0604669,1.12151,20.236,50.2589,0.593552,230553,0,53,8.65394,10.2901,1
1670,1313341440,2491.08,0.0630224,0.999087,13.986,31.8668,0.635187,230699,0,53,8.65396,10.2901,1
1671,1314127872,2492.67,0.0622692,1.07473,29.708,75.7276,0.342016,230836,0,53,8.65395,10.2901,1
1672,1314914304,2494.25,0.0632383,1.08102,12.082,30.8409,0.652865,230976,0,53,8.65395,10.2901,1
1673,1315700736,2495.84,0.064012,1.00983,10.8672,26.2894,0.686323,231127,0,53,8.65396,10.2901,1
1674,1316487168,2497.42,0.0656727,1.06583,15.6966,39.6794,0.538098,231291,0,53,8.65397,10.2901,1
1675,1317273600,2499.04,0.0622229,1.04896,11.0908,33.561,0.640898,231430,0,53,8.65395,10.2901,1
1676,1318060032,2500.63,0.0638809,1.06874,16.984,60.4678,0.590509,231580,0,53,8.65396,10.2901,1
1677,1318846464,2502.16,0.0644863,0.976719,11.7822,24.8775,0.591885,231732,0,53,8.65396,10.2901,1
1678,1319632896,2503.72,0.0641537,1.01001,12.9508,26.1434,0.577424,231872,0,53,8.65395,10.2901,1
1679,1320419328,2505.28,0.0653936,1.15441,12.2643,25.5477,0.604726,232022,0,53,8.65396,10.2901,1
1680,1321205760,2506.85,0.0647022,1.1214,14.504,24.3411,0.511665,232167,0,53,8.65395,10.2901,1
1681,1321992192,2508.45,0.0650813,1.11711,15.7239,32.4465,0.492683,232295,0,53,8.65395,10.2901,1
1682,1322778624,2510.05,0.0653258,1.13408,13.8178,30.0052,0.600718,232443,0,53,8.65396,10.2901,1
1683,1323565056,2511.65,0.0656277,1.1646,15.0929,37.9949,0.602063,232591,0,53,8.65396,10.2901,1
1684,1324351488,2513.26,0.0639066,1.21472,14.0281,31.884,0.588625,232720,0,53,8.65395,10.2901,1
1685,1325137920,2514.86,0.0637114,1.28152,13.9572,32.2513,0.523991,232854,0,53,8.65395,10.2901,1
1686,1325924352,2516.46,0.0634115,0.900764,11.3501,25.2801,0.642641,233010,0,53,8.65396,10.2901,1
1687,1326710784,2518.06,0.0628854,1.13725,13.6828,36.4076,0.598676,233164,0,53,8.65396,10.2901,1
1688,1327497216,2519.6,0.0640653,0.910042,13.1758,32.7481,0.590035,233315,0,53,8.65396,10.2901,1
1689,1328283648,2521.14,0.0619554,0.975645,12.425,24.2248,0.55581,233433,0,53,8.65394,10.2901,1
1690,1329070080,2522.69,0.0626737,0.974574,12.0842,26.0237,0.623067,233559,0,53,8.65395,10.2901,1
1691,1329856512,2524.24,0.0624435,1.01144,20.2684,60.4884,0.555666,233701,0,53,8.65395,10.2901,1
1692,1330642944,2525.82,0.0625589,1.08681,13.6845,28.0295,0.623952,233828,0,53,8.65395,10.2901,1
1693,1331429376,2527.4,0.0622319,1.1244,15.6338,27.833,0.54252,233960,0,53,8.65395,10.2901,1
1694,1332215808,2528.99,0.0606503,1.06056,18.0693,42.9373,0.42515,234082,0,53,8.65395,10.2901,1
1695,1333002240,2530.57,0.0619101,1.05644,12.8804,23.5031,0.549476,234214,0,53,8.65395,10.2901,1
1696,1333788672,2532.15,0.0625188,0.963417,13.5528,27.3543,0.546844,234342,0,53,8.65395,10.2901,1
1697,1334575104,2533.73,0.0637689,1.02563,13.949,34.3679,0.575859,234480,0,53,8.65395,10.2901,1
1698,1335361536,2535.31,0.0626575,1.03054,11.7333,26.0005,0.677779,234619,0,53,8.65395,10.2901,1
1699,1336147968,2536.89,0.0616406,0.963986,12.621,22.1879,0.565939,234752,0,53,8.65395,10.2901,1
1700,1336934400,2538.47,0.0628272,1.03809,11.3638,20.99,0.619498,234883,0,53,8.65395,10.2901,1
1701,1337720832,2540.05,0.0644004,0.958941,11.1201,24.6264,0.645381,235024,0,53,8.65395,10.2901,1
1702,1338507264,2541.64,0.0638131,1.03778,14.4904,35.8853,0.657085,235162,0,53,8.65395,10.2901,1
1703,1339293696,2543.22,0.0618788,1.00463,13.5511,31.6776,0.581995,235300,0,53,8.65395,10.2901,1
1704,1340080128,2544.8,0.0627326,0.897277,16.7286,49.9285,0.484498,235439,0,53,8.65395,10.2901,1
1705,1340866560,2546.4,0.0648549,0.885579,15.065,34.0732,0.528008,235592,0,53,8.65396,10.2901,1
1706,1341652992,2548,0.0656594,1.1083,13.8058,24.3033,0.543206,235736,0,53,8.65396,10.2901,1
1707,1342439424,2549.66,0.0661663,1.0759,11.6304,23.4271,0.6019,235868,0,53,8.65395,10.2901,1
1708,1343225856,2551.35,0.0674042,0.998435,16.8492,52.3733,0.574042,236009,0,53,8.65395,10.2901,1
1709,1344012288,2553.02,0.0675294,1.04677,11.4645,28.1392,0.614681,236155,0,53,8.65396,10.2901,1
1710,1344798720,2554.63,0.0663618,1.17683,18.6303,47.7375,0.51131,236276,0,53,8.65394,10.2901,1
1711,1345585152,2556.27,0.0661224,1.20867,16.7001,37.4868,0.495232,236422,0,53,8.65396,10.2901,1
1712,1346371584,2557.91,0.064856,1.29795,16.8024,35.7615,0.460756,236538,0,53,8.65394,10.2901,1
1713,1347158016,2559.54,0.0645365,1.0225,16.8289,50.1679,0.514241,236674,0,53,8.65395,10.2901,1
1714,1347944448,2561.15,0.0642883,1.00811,14.0884,42.6868,0.564204,236816,0,53,8.65395,10.2901,1
1715,1348730880,2562.76,0.0643114,0.928477,16.6151,57.2488,0.559264,236965,0,53,8.65396,10.2901,1
1716,1349517312,2564.36,0.0661003,1.05257,14.4133,27.5543,0.58176,237092,0,53,8.65394,10.2901,1
1717,1350303744,2565.97,0.0652486,0.886876,12.8537,29.4138,0.568497,237232,0,53,8.65395,10.2901,1
1718,1351090176,2567.58,0.0649693,1.12377,29.7483,85.4253,0.468344,237362,0,53,8.65395,10.2901,1
1719,1351876608,2569.18,0.0637329,1.14242,14.4117,42.6987,0.593265,237498,0,53,8.65395,10.2901,1
1720,1352663040,2570.79,0.0637634,0.929749,13.9929,29.6596,0.513424,237631,0,53,8.65395,10.2901,1
1721,1353449472,2572.4,0.0659054,0.935506,11.6231,22.1461,0.646713,237789,0,53,8.65396,10.2901,1
1722,1354235904,2574.02,0.0638337,1.01779,17.1904,40.4252,0.461172,237933,0,53,8.65395,10.2901,1
1723,1355022336,2575.63,0.066274,1.1755,14.9731,37.5657,0.543042,238086,0,53,8.65396,10.2901,1
1724,1355808768,2577.24,0.0655913,1.05655,14.1896,27.1474,0.544454,238242,0,53,8.65396,10.2901,1
1725,1356595200,2578.85,0.0658564,1.13874,15.0185,34.523,0.530765,238380,0,53,8.65395,10.2901,1
1726,1357381632,2580.46,0.0654932,1.09568,14.9968,38.7382,0.545862,238524,0,53,8.65395,10.2901,1
1727,1358168064,2582.07,0.0659686,0.912062,12.2139,21.2762,0.551489,238670,0,53,8.65396,10.2901,1
1728,1358954496,2583.68,0.0624865,0.914241,17.2324,46.0913,0.498174,238805,0,53,8.65395,10.2901,1
1729,1359740928,2585.29,0.063685,0.975566,17.7257,53.2169,0.47025,238946,0,53,8.65395,10.2901,1
1730,1360527360,2586.9,0.0630351,1.17169,13.6802,28.8589,0.581967,239096,0,53,8.65396,10.2901,1
1731,1361313792,2588.51,0.06333,1.09858,16.0872,37.3942,0.505787,239227,0,53,8.65395,10.2901,1
1732,1362100224,2590.13,0.0626838,1.07277,13.1689,27.5191,0.580513,239372,0,53,8.65395,10.2901,1
1733,1362886656,2591.74,0.0633111,1.15324,12.2773,26.9179,0.607449,239529,0,53,8.65396,10.2901,1
1734,1363673088,2593.35,0.0617118,0.947789,13.9559,35.7237,0.547166,239675,0,53,8.65396,10.2901,1
1735,1364459520,2594.96,0.0624618,0.999973,12.8741,25.8012,0.599262,239826,0,53,8.65396,10.2901,1
1736,1365245952,2596.56,0.0627646,0.946465,12.902,23.4721,0.57448,239949,0,53,8.65394,10.2901,1
1737,1366032384,2598.17,0.0617706,0.935933,12.7237,33.0572,0.593879,240073,0,53,8.65394,10.2901,1
1738,1366818816,2599.77,0.0614164,0.831219,15.9624,39.8995,0.450816,240215,0,53,8.65395,10.2901,1
1739,1367605248,2601.37,0.0610328,0.963919,17.8778,46.4272,0.433845,240333,0,53,8.65394,10.2901,1
1740,1368391680,2602.96,0.0618569,1.02434,15.4784,34.2227,0.472203,240465,0,53,8.65395,10.2901,1
1741,1369178112,2604.54,0.0617001,0.855179,15.6963,33.5122,0.483856,240596,0,53,8.65395,10.2901,1
1742,1369964544,2606.14,0.0617103,0.961871,13.5311,29.3357,0.533415,240735,0,53,8.65395,10.2901,1
1743,1370750976,2607.8,0.0621044,0.900614,14.9677,35.7288,0.520649,240867,0,53,8.65395,10.2901,1
1744,1371537408,2609.39,0.0616177,0.801441,14.8055,45.1741,0.480984,241001,0,53,8.65395,10.2901,1
1745,1372323840,2611,0.0619894,0.930966,12.8617,35.6417,0.565436,241137,0,53,8.65395,10.2901,1
1746,1373110272,2612.61,0.062175,0.888614,14.25,27.6359,0.535523,241263,0,53,8.65395,10.2901,1
1747,1373896704,2614.21,0.0623622,0.983465,13.8254,27.6973,0.538965,241400,0,53,8.65395,10.2901,1
1748,1374683136,2615.85,0.0620735,0.856106,17.0305,57.2169,0.487535,241538,0,53,8.65395,10.2901,1
1749,1375469568,2617.47,0.0628569,0.822292,10.8062,25.6899,0.601786,241677,0,53,8.65395,10.2901,1
1750,1376256000,2619.08,0.0627995,0.997411,17.8089,48.6989,0.511831,241818,0,53,8.65395,10.2901,1
1751,1377042432,2620.68,0.0625717,0.813652,12.1186,32.8449,0.526482,241960,0,53,8.65395,10.2901,1
1752,1377828864,2622.27,0.0640522,1.07611,13.1016,31.3711,0.587195,242102,0,53,8.65396,10.2901,1
1753,1378615296,2623.86,0.0621182,0.983024,12.6975,39.6039,0.585031,242237,0,53,8.65395,10.2901,1
1754,1379401728,2625.45,0.0623558,0.8585,13.0731,26.948,0.558359,242365,0,53,8.65395,10.2901,1
1755,1380188160,2627.04,0.0643232,0.962976,11.4659,33.5607,0.569966,242505,0,53,8.65395,10.2901,1
1756,1380974592,2628.63,0.0652956,1.02598,12.9584,33.4658,0.605653,242662,0,53,8.65396,10.2901,1
1757,1381761024,2630.21,0.0645501,1.08805,13.6392,30.8661,0.571154,242784,0,53,8.65395,10.2901,1
1758,1382547456,2631.79,0.0653146,0.923945,14.5639,43.7101,0.523243,242929,0,53,8.65396,10.2901,1
1759,1383333888,2633.37,0.0649764,1.03944,18.5924,37.7603,0.469987,243054,0,53,8.65394,10.2901,1
1760,1384120320,2634.96,0.0650432,0.807702,15.8594,37.7012,0.418544,243183,0,53,8.65395,10.2901,1
1761,1384906752,2636.57,0.0675371,1.02454,11.286,26.3133,0.611516,243323,0,53,8.65395,10.2901,1
1762,1385693184,2638.2,0.0682249,1.0279,14.172,31.0952,0.548473,243477,0,53,8.65396,10.2901,1
1763,1386479616,2639.79,0.0677266,0.939422,12.7017,31.4201,0.553139,243602,0,53,8.65395,10.2901,1
1764,1387266048,2641.36,0.0685231,1.0076,15.672,40.9867,0.458703,243744,0,53,8.65395,10.2901,1
1765,1388052480,2642.93,0.0663296,0.801354,14.6731,39.4152,0.481482,243877,0,53,8.65395,10.2901,1
1766,1388838912,2644.49,0.0666686,1.21885,12.03,34.0691,0.595283,244020,0,53,8.65395,10.2901,1
1767,1389625344,2646.04,0.0661472,0.954479,12.778,25.2309,0.553289,244162,0,53,8.65395,10.2901,1
1768,1390411776,2647.6,0.0660444,0.91274,14.3102,31.4985,0.568614,244310,0,53,8.65396,10.2901,1
1769,1391198208,2649.19,0.0654324,1.14037,15.8172,47.2163,0.607893,244453,0,53,8.65395,10.2901,1
1770,1391984640,2650.78,0.065864,1.07214,10.9352,21.4257,0.605419,244614,0,53,8.65396,10.2901,1
1771,1392771072,2652.36,0.0651452,0.968972,13.0365,32.3653,0.542074,244761,0,53,8.65396,10.2901,1
1772,1393557504,2653.95,0.0665792,0.851246,11.5559,22.6592,0.544124,244894,0,53,8.65395,10.2901,1
1773,1394343936,2655.54,0.0650681,0.917504,11.1496,20.1741,0.615805,245048,0,53,8.65396,10.2901,1
1774,1395130368,2657.14,0.0659115,0.925681,12.4803,26.2195,0.573737,245190,0,53,8.65395,10.2901,1
1775,1395916800,2658.77,0.0646975,0.922444,13.7562,36.3016,0.513636,245326,0,53,8.65395,10.2901,1
1776,1396703232,2660.39,0.0642265,1.01581,14.8154,37.1656,0.440204,245464,0,53,8.65395,10.2901,1
1777,1397489664,2662.02,0.0652749,0.945786,14.0088,31.3648,0.465043,245621,0,53,8.65396,10.2901,1
1778,1398276096,2663.64,0.0641094,0.892168,12.7935,34.8198,0.56549,245752,0,53,8.65395,10.2901,1
1779,1399062528,2665.25,0.0650915,1.04859,16.4898,43.8776,0.46601,245903,0,53,8.65396,10.2901,1
1780,1399848960,2666.86,0.065129,0.865809,11.6008,24.5197,0.555894,246065,0,53,8.65396,10.2901,1
1781,1400635392,2668.47,0.0645758,1.00855,14.3232,24.9631,0.559617,246215,0,53,8.65396,10.2901,1
1782,1401421824,2670.03,0.0644575,1.04102,11.9892,17.9086,0.56808,246366,0,53,8.65396,10.2901,1
1783,1402208256,2671.59,0.0627692,0.95413,19.4136,45.8246,0.397257,246483,0,53,8.65394,10.2901,1
1784,1402994688,2673.15,0.0628303,1.12081,13.4977,41.3187,0.546181,246622,0,53,8.65395,10.2901,1
1785,1403781120,2674.72,0.0638784,0.913818,16.7952,47.1108,0.472524,246758,0,53,8.65395,10.2901,1
1786,1404567552,2676.29,0.0631694,1.01057,11.7124,30.131,0.594494,246889,0,53,8.65395,10.2901,1
1787,1405353984,2677.9,0.0639866,1.02355,12.7958,29.0544,0.542889,247032,0,53,8.65396,10.2901,1
1788,1406140416,2679.52,0.0629916,1.03604,14.3195,33.5888,0.503387,247167,0,53,8.65395,10.2901,1
1789,1406926848,2681.13,0.0630692,0.874028,12.3116,29.9026,0.617009,247302,0,53,8.65395,10.2901,1
1790,1407713280,2682.74,0.0641928,1.00401,13.5581,32.0439,0.55994,247438,0,53,8.65395,10.2901,1
1791,1408499712,2684.33,0.0631022,1.147,16.7249,34.8168,0.473319,247566,0,53,8.65395,10.2901,1
1792,1409286144,2685.9,0.0636756,1.12097,18.9766,40.3465,0.423594,247704,0,53,8.65395,10.2901,1
1793,1410072576,2687.47,0.0654548,1.05289,14.6542,32.8425,0.494923,247843,0,53,8.65395,10.2901,1
1794,1410859008,2689.07,0.0670075,1.16718,12.9383,28.5224,0.541753,247988,0,53,8.65396,10.2901,1
1795,1411645440,2690.66,0.0658873,1.16017,11.2388,23.0853,0.63974,248127,0,53,8.65395,10.2901,1
1796,1412431872,2692.25,0.0644198,0.976337,17.4844,49.6249,0.483765,248270,0,53,8.65395,10.2901,1
1797,1413218304,2693.85,0.0651959,1.05154,15.3635,34.3865,0.495729,248407,0,53,8.65395,10.2901,1
1798,1414004736,2695.44,0.06549,0.991909,10.6708,17.7909,0.570292,248555,0,53,8.65396,10.2901,1
1799,1414791168,2697.04,0.0645732,1.07783,11.736,26.2088,0.583933,248688,0,53,8.65395,10.2901,1
1800,1415577600,2698.63,0.0660009,1.01328,13.821,30.435,0.502169,248820,0,53,8.65395,10.2901,1
1801,1416364032,2700.22,0.0667549,1.18825,11.6809,20.1177,0.540613,248950,0,53,8.65395,10.2901,1
1802,1417150464,2701.81,0.0672423,1.06633,13.2816,27.7597,0.596501,249101,0,53,8.65396,10.2901,1
1803,1417936896,2703.39,0.0692954,0.91161,12.6456,23.3757,0.524763,249252,0,53,8.65396,10.2901,1
1804,1418723328,2704.96,0.0684908,1.10094,12.2313,24.8719,0.570451,249372,0,53,8.65394,10.2901,1
1805,1419509760,2706.6,0.0679881,1.25219,15.6067,31.9891,0.465715,249528,0,53,8.65396,10.2901,1
1806,1420296192,2708.18,0.0666357,1.22307,15.7979,32.6061,0.524437,249653,0,53,8.65394,10.2901,1
1807,1421082624,2709.76,0.0669253,1.00847,14.5116,26.7444,0.483451,249787,0,53,8.65395,10.2901,1
1808,1421869056,2711.34,0.0678372,1.3114,13.4806,27.8122,0.539631,249930,0,53,8.65395,10.2901,1
1809,1422655488,2712.92,0.0683905,1.06295,14.973,44.4907,0.508996,250084,0,53,8.65396,10.2901,1
1810,1423441920,2714.5,0.0656595,1.20456,16.091,36.6953,0.484165,250203,0,53,8.65394,10.2901,1
1811,1424228352,2716.08,0.0665754,1.07307,21.9235,58.0196,0.365383,250336,0.005,53,8.65395,10.2901,1
1812,1425014784,2717.66,0.0670637,1.1917,19.8919,67.6257,0.477722,250481,0.005,53,8.65395,10.2901,1
1813,1425801216,2719.24,0.065825,1.06503,21.4772,44.2159,0.41026,250622,0.005,53,8.65396,10.2901,1
1814,1426587648,2720.82,0.0664736,1.08135,16.3733,39.7801,0.509985,250766,0,53,8.65395,10.2901,1
1815,1427374080,2722.4,0.0664524,0.847142,13.2111,31.6135,0.588223,250908,0,53,8.65395,10.2901,1
1816,1428160512,2723.99,0.0680871,0.968563,13.4123,32.0907,0.55992,251054,0,53,8.65396,10.2901,1
1817,1428946944,2725.57,0.0678288,1.16815,16.1382,34.3472,0.466469,251215,0,53,8.65396,10.2901,1
1818,1429733376,2727.15,0.0669315,1.01863,17.9006,56.1167,0.540654,251352,0,53,8.65395,10.2901,1
1819,1430519808,2728.75,0.0657244,1.19267,15.7626,29.9419,0.48206,251471,0,53,8.65394,10.2901,1
1820,1431306240,2730.35,0.0658381,1.0977,25.344,69.291,0.384116,251629,0,53,8.65396,10.2901,1
1821,1432092672,2731.94,0.0653987,1.00577,13.9708,35.6079,0.556291,251773,0,53,8.65395,10.2901,1
1822,1432879104,2733.53,0.0689068,1.35503,21.9898,45.0948,0.422567,251916,0,53,8.65395,10.2901,1
1823,1433665536,2735.12,0.0649264,1.13282,12.6753,28.3936,0.557271,252057,0,53,8.65395,10.2901,1
1824,1434451968,2736.72,0.0671649,1.13297,14.9154,26.5555,0.541072,252224,0,53,8.65397,10.2901,1
1825,1435238400,2738.32,0.0665742,1.15567,13.9752,36.8396,0.517278,252359,0,53,8.65395,10.2901,1
1826,1436024832,2739.92,0.0664012,1.05976,16.0448,37.8459,0.483506,252518,0,53,8.65396,10.2901,1
1827,1436811264,2741.53,0.0658258,0.972032,13.7206,33.4489,0.513237,252684,0,53,8.65396,10.2901,1
1828,1437597696,2743.21,0.0643662,1.064,18.1021,37.9273,0.422689,252828,0,53,8.65396,10.2901,1
1829,1438384128,2744.87,0.0643134,1.24705,14.6546,30.1417,0.525879,252981,0,53,8.65396,10.2901,1
1830,1439170560,2746.5,0.0604239,0.908921,13.8339,28.0424,0.51111,253104,0,53,8.65394,10.2901,1
1831,1439956992,2748.11,0.061322,1.06055,13.7884,26.0609,0.507738,253237,0,53,8.65395,10.2901,1
1832,1440743424,2749.73,0.0610579,0.966771,13.9343,28.5961,0.461298,253359,0,53,8.65395,10.2901,1
1833,1441529856,2751.35,0.0609702,0.917728,18.2825,55.4488,0.439323,253499,0,53,8.65395,10.2901,1
1834,1442316288,2752.97,0.0592841,1.0216,13.0256,34.6311,0.490771,253642,0,53,8.65396,10.2901,1
1835,1443102720,2754.56,0.0596124,1.01708,14.4889,28.2466,0.513987,253769,0,53,8.65395,10.2901,1
1836,1443889152,2756.17,0.0590175,0.937922,14.6928,33.9,0.490688,253907,0,53,8.65395,10.2901,1
1837,1444675584,2757.78,0.0586822,0.840342,17.2487,37.0197,0.396354,254043,0,53,8.65395,10.2901,1
1838,1445462016,2759.37,0.0599774,1.10519,14.4866,30.0644,0.459022,254176,0,53,8.65395,10.2901,1
1839,1446248448,2760.97,0.0592436,1.04401,13.5884,35.2708,0.603421,254314,0,53,8.65395,10.2901,1
1840,1447034880,2762.58,0.0602187,0.944317,13.5225,32.3252,0.482169,254440,0,53,8.65395,10.2901,1
1841,1447821312,2764.19,0.0601925,0.958345,12.8903,30.4417,0.530501,254585,0,53,8.65395,10.2901,1
1842,1448607744,2765.79,0.0599689,0.980903,12.4634,27.3868,0.567481,254730,0,53,8.65395,10.2901,1
1843,1449394176,2767.4,0.0613797,1.05976,13.5264,30.7181,0.545412,254872,0,53,8.65396,10.2901,1
1844,1450180608,2769,0.0614913,0.969124,13.1359,23.2586,0.497615,255016,0,53,8.65395,10.2901,1
1845,1450967040,2770.6,0.0614513,1.04156,12.3874,20.0279,0.519343,255162,0,53,8.65396,10.2901,1
1846,1451753472,2772.2,0.0614537,1.05834,12.1341,29.2087,0.521083,255285,0,53,8.65394,10.2901,1
1847,1452539904,2773.8,0.06165,1.08087,11.7468,26.0957,0.540439,255416,0,53,8.65395,10.2901,1
1848,1453326336,2775.4,0.0631437,1.05235,12.7798,33.5708,0.552212,255543,0,53,8.65395,10.2901,1
1849,1454112768,2777.01,0.0638445,1.24351,12.5612,20.1142,0.584337,255698,0,53,8.65396,10.2901,1
1850,1454899200,2778.61,0.0626992,1.14053,12.3226,23.4945,0.581162,255837,0,53,8.65395,10.2901,1
1851,1455685632,2780.21,0.0633395,1.19655,14.6644,31.6956,0.482453,255962,0,53,8.65395,10.2901,1
1852,1456472064,2781.82,0.0654988,1.11193,15.9542,36.5186,0.499135,256113,0,53,8.65396,10.2901,1
1853,1457258496,2783.44,0.0659573,1.34449,15.157,44.9033,0.44429,256236,0,53,8.65395,10.2901,1
1854,1458044928,2785.03,0.0670241,1.09652,13.2498,25.6638,0.516986,256379,0,53,8.65395,10.2901,1
1855,1458831360,2786.63,0.0667125,1.15287,12.1695,24.4287,0.562622,256518,0,53,8.65395,10.2901,1
1856,1459617792,2788.24,0.0695768,1.15989,15.721,30.2467,0.502514,256669,0,53,8.65396,10.2901,1
1857,1460404224,2789.85,0.0687835,1.03228,16.7772,43.4208,0.445876,256794,0,53,8.65395,10.2901,1
1858,1461190656,2791.45,0.0684867,1.20499,14.7773,34.4611,0.515231,256932,0,53,8.65395,10.2901,1
1859,1461977088,2793.05,0.0701937,1.03958,15.4318,40.1776,0.48425,257072,0,53,8.65395,10.2901,1
1860,1462763520,2794.65,0.0684713,1.15526,12.8447,23.6791,0.53554,257221,0,53,8.65396,10.2901,1
1861,1463549952,2796.25,0.0713148,1.34951,14.9137,36.7147,0.534482,257365,0,53,8.65395,10.2901,1
1862,1464336384,2797.86,0.0705541,1.26715,14.2394,37.8753,0.51379,257517,0,53,8.65396,10.2901,1
1863,1465122816,2799.47,0.0710852,1.30332,16.0737,32.3505,0.531598,257673,0,53,8.65396,10.2901,1
1864,1465909248,2801.07,0.0717017,1.26283,13.7658,26.5524,0.51379,257835,0,53,8.65396,10.2901,1
1865,1466695680,2802.68,0.0695175,1.16642,12.5024,20.8442,0.570405,257973,0,53,8.65395,10.2901,1
1866,1467482112,2804.3,0.0701463,1.14558,13.7829,22.9835,0.5179,258093,0,53,8.65394,10.2901,1
1867,1468268544,2805.94,0.0704461,1.45574,12.472,23.6369,0.595797,258242,0,53,8.65396,10.2901,1
1868,1469054976,2807.57,0.0704841,1.29566,15.4612,27.1598,0.482199,258394,0,53,8.65396,10.2901,1
1869,1469841408,2809.2,0.0719362,1.19637,12.4969,23.7941,0.595401,258542,0,53,8.65396,10.2901,1
1870,1470627840,2810.83,0.0720692,1.52448,14.0197,28.6624,0.512433,258684,0,53,8.65395,10.2901,1
1871,1471414272,2812.47,0.0708064,1.32009,14.2902,27.8084,0.487072,258837,0,53,8.65396,10.2901,1
1872,1472200704,2814.09,0.071934,1.25334,13.1127,28.0475,0.522474,258980,0,53,8.65395,10.2901,1
1873,1472987136,2815.72,0.0713354,1.3505,14.0234,34.1143,0.54038,259135,0,53,8.65396,10.2901,1
1874,1473773568,2817.37,0.0715532,1.28913,15.1056,31.5287,0.44978,259287,0,53,8.65396,10.2901,1
1875,1474560000,2819.04,0.0715065,1.27936,12.3657,27.3341,0.580188,259450,0,53,8.65396,10.2901,1
1876,1475346432,2820.7,0.072294,1.44015,15.1233,47.7378,0.511119,259589,0,53,8.65395,10.2901,1
1877,1476132864,2822.36,0.0718967,1.30658,13.3209,29.131,0.557018,259713,0,53,8.65395,10.2901,1
1878,1476919296,2824.03,0.0714769,1.18714,13.3109,27.4399,0.508802,259858,0,53,8.65395,10.2901,1
1879,1477705728,2825.68,0.0711201,1.32706,11.746,24.8285,0.564116,259982,0,53,8.65395,10.2901,1
1880,1478492160,2827.34,0.071585,1.61769,13.7708,30.5359,0.538734,260132,0,53,8.65396,10.2901,1
1881,1479278592,2829,0.0691215,1.3355,14.4036,28.5119,0.517386,260278,0,53,8.65396,10.2901,1
1882,1480065024,2830.66,0.0704566,1.18135,14.1504,48.2496,0.498703,260411,0,53,8.65395,10.2901,1
1883,1480851456,2832.31,0.0702246,1.32536,15.4143,33.2608,0.523733,260559,0,53,8.65396,10.2901,1
1884,1481637888,2833.96,0.0709146,1.37697,12.577,27.9188,0.535874,260703,0,53,8.65396,10.2901,1
1885,1482424320,2835.62,0.0692868,1.52971,14.0333,29.1319,0.484288,260860,0,53,8.65396,10.2901,1
1886,1483210752,2837.27,0.0666964,1.65709,16.4612,37.4108,0.487345,260982,0,53,8.65395,10.2901,1
1887,1483997184,2838.93,0.0665877,1.46705,15.7131,31.296,0.420277,261122,0,53,8.65395,10.2901,1
1888,1484783616,2840.59,0.0645266,1.74133,14.5413,26.2265,0.560339,261259,0,53,8.65395,10.2901,1
1889,1485570048,2842.24,0.064553,1.14054,13.2916,29.4219,0.497443,261407,0,53,8.65395,10.2901,1
1890,1486356480,2843.9,0.0639178,1.23021,13.6362,27.5906,0.509003,261536,0,53,8.65395,10.2901,1
1891,1487142912,2845.55,0.0660835,1.31727,12.6699,29.3711,0.534639,261677,0,53,8.65395,10.2901,1
1892,1487929344,2847.2,0.0655983,1.44496,12.3168,21.7113,0.504584,261823,0,53,8.65396,10.2901,1
1893,1488715776,2848.84,0.0641945,1.33608,14.0128,33.1512,0.501094,261956,0,53,8.65395,10.2901,1
1894,1489502208,2850.48,0.0648055,1.36021,13.6489,28.0221,0.496842,262084,0,53,8.65395,10.2901,1
1895,1490288640,2852.11,0.065028,1.40758,13.552,25.2832,0.52369,262226,0,53,8.65395,10.2901,1
1896,1491075072,2853.74,0.064999,1.22518,14.8842,31.2899,0.461581,262367,0,53,8.65395,10.2901,1
1897,1491861504,2855.38,0.0656983,1.40027,14.8867,33.6625,0.44691,262502,0,53,8.65395,10.2901,1
1898,1492647936,2857.01,0.0658547,1.42254,12.8677,25.5108,0.533368,262635,0,53,8.65395,10.2901,1
1899,1493434368,2858.64,0.0648613,1.29429,14.994,34.3008,0.445199,262769,0,53,8.65395,10.2901,1
1900,1494220800,2860.26,0.063937,1.15119,12.0158,26.5429,0.543337,262903,0,53,8.65395,10.2901,1
1901,1495007232,2861.91,0.0655145,1.1865,12.1331,24.2847,0.516786,263052,0,53,8.65395,10.2901,1
1902,1495793664,2863.56,0.0640356,1.21036,14.0183,27.7798,0.480492,263182,0,53,8.65395,10.2901,1
1903,1496580096,2865.2,0.0659232,1.18612,15.2276,28.7622,0.467694,263325,0,53,8.65396,10.2901,1
1904,1497366528,2866.84,0.065876,1.34043,14.5733,28.6686,0.487461,263450,0,53,8.65395,10.2901,1
1905,1498152960,2868.47,0.0651011,1.22901,14.8383,32.3067,0.55567,263596,0,53,8.65395,10.2901,1
1906,1498939392,2870.1,0.0651274,1.01678,13.5935,33.1444,0.459012,263739,0,53,8.65396,10.2901,1
1907,1499725824,2871.72,0.0682534,1.20176,13.7168,29.3716,0.47181,263876,0,53,8.65395,10.2901,1
1908,1500512256,2873.34,0.0666345,1.29235,14.575,26.6551,0.491731,264030,0,53,8.65396,10.2901,1
1909,1501298688,2874.94,0.0660311,1.29426,15.0654,28.8384,0.440566,264190,0,53,8.65396,10.2901,1
1910,1502085120,2876.55,0.0654918,1.24274,11.5468,22.4718,0.533964,264348,0,53,8.65396,10.2901,1
1911,1502871552,2878.15,0.0676742,1.44323,14.3624,28.9111,0.488232,264508,0,53,8.65396,10.2901,1
1912,1503657984,2879.78,0.0648512,1.32934,15.7224,37.2776,0.492796,264632,0,53,8.65395,10.2901,1
1913,1504444416,2881.42,0.0666092,1.24247,17.1101,36.0618,0.433606,264760,0,53,8.65395,10.2901,1
1914,1505230848,2883.04,0.0663696,1.42564,14.6697,31.0227,0.493149,264899,0,53,8.65395,10.2901,1
1915,1506017280,2884.66,0.0662072,1.35979,15.4784,42.5521,0.502349,265047,0,53,8.65396,10.2901,1
1916,1506803712,2886.28,0.0668878,1.03119,15.4894,34.1554,0.435634,265190,0,53,8.65396,10.2901,1
1917,1507590144,2887.91,0.0664373,1.1429,13.1544,32.1685,0.511279,265328,0,53,8.65395,10.2901,1
1918,1508376576,2889.52,0.0664795,1.15105,15.7521,27.8732,0.421279,265481,0,53,8.65396,10.2901,1
1919,1509163008,2891.13,0.0672809,1.13957,13.7848,29.1271,0.446374,265619,0,53,8.65395,10.2901,1
1920,1509949440,2892.74,0.0650928,1.01855,13.5477,30.0115,0.556989,265768,0,53,8.65396,10.2901,1
1921,1510735872,2894.36,0.0656871,1.11377,11.6611,32.4909,0.541099,265905,0,53,8.65395,10.2901,1
1922,1511522304,2895.98,0.0687324,1.24388,14.4114,27.1717,0.51154,266077,0,53,8.65397,10.2901,1
1923,1512308736,2897.6,0.0664084,1.31422,14.9592,35.405,0.479828,266207,0,53,8.65395,10.2901,1
1924,1513095168,2899.22,0.0656388,1.36739,14.2995,31.2897,0.460495,266334,0,53,8.65394,10.2901,1
1925,1513881600,2900.85,0.06504,0.958461,13.1746,32.6866,0.480458,266467,0,53,8.65395,10.2901,1
1926,1514668032,2902.48,0.0650291,1.26886,12.2462,31.2001,0.512103,266590,0,53,8.65394,10.2901,1
1927,1515454464,2904.11,0.0645258,1.02004,13.9661,29.4064,0.462583,266732,0,53,8.65396,10.2901,1
1928,1516240896,2905.73,0.0649535,1.10104,16.1204,36.1806,0.431403,266878,0,53,8.65396,10.2901,1
1929,1517027328,2907.35,0.063391,1.12382,14.9183,31.6355,0.476355,267017,0,53,8.65395,10.2901,1
1930,1517813760,2908.98,0.0644171,1.04612,12.246,22.23,0.504966,267163,0,53,8.65396,10.2901,1
1931,1518600192,2910.61,0.0633577,1.07128,13.8326,31.6795,0.513687,267314,0,53,8.65396,10.2901,1
1932,1519386624,2912.24,0.0632174,0.991764,14.5282,29.0413,0.47599,267463,0,53,8.65396,10.2901,1
1933,1520173056,2913.86,0.0627879,1.17183,12.2884,23.2832,0.592582,267583,0,53,8.65394,10.2901,1
1934,1520959488,2915.5,0.062958,1.13249,13.9779,29.1092,0.493294,267728,0,53,8.65395,10.2901,1
1935,1521745920,2917.14,0.0617751,1.21706,13.3416,29.8644,0.503455,267857,0,53,8.65395,10.2901,1
1936,1522532352,2918.78,0.062601,1.23805,13.8066,25.2134,0.471026,268005,0,53,8.65396,10.2901,1
1937,1523318784,2920.41,0.0620638,1.07718,11.6572,22.7595,0.542236,268129,0,53,8.65394,10.2901,1
1938,1524105216,2922.05,0.0628216,1.11434,13.3962,24.8043,0.512214,268260,0,53,8.65395,10.2901,1
1939,1524891648,2923.68,0.0635439,1.28912,13.7325,24.7146,0.531479,268408,0,53,8.65396,10.2901,1
1940,1525678080,2925.32,0.0640296,1.28677,14.2353,32.1274,0.502469,268547,0,53,8.65395,10.2901,1
1941,1526464512,2926.95,0.0622236,0.976716,11.1315,24.6486,0.569297,268671,0,53,8.65394,10.2901,1
1942,1527250944,2928.58,0.0631429,1.01885,13.049,31.6285,0.513858,268802,0,53,8.65395,10.2901,1
1943,1528037376,2930.21,0.0645209,1.10887,12.2688,22.9531,0.508266,268945,0,53,8.65396,10.2901,1
1944,1528823808,2931.85,0.0648643,1.00846,13.4525,22.0901,0.477047,269071,0,53,8.65395,10.2901,1
1945,1529610240,2933.56,0.0650707,0.890413,12.0217,25.13,0.481452,269197,0,53,8.65394,10.2901,1
1946,1530396672,2935.21,0.0652676,1.11923,13.0144,25.114,0.535017,269326,0,53,8.65395,10.2901,1
1947,1531183104,2936.92,0.0656648,0.96402,11.1424,26.6694,0.524779,269463,0,53,8.65395,10.2901,1
1948,1531969536,2938.58,0.066613,1.03646,13.7213,26.8762,0.517871,269623,0,53,8.65396,10.2901,1
1949,1532755968,2940.24,0.0649727,1.06583,14.1649,27.479,0.469898,269759,0,53,8.65395,10.2901,1
1950,1533542400,2941.9,0.066899,1.00107,11.1537,22.9683,0.534866,269897,0,53,8.65395,10.2901,1
1951,1534328832,2943.56,0.0658481,1.01198,15.6012,35.8596,0.478496,270023,0,53,8.65395,10.2901,1
1952,1535115264,2945.19,0.0674377,1.16743,12.3766,26.2523,0.473137,270176,0,53,8.65396,10.2901,1
1953,1535901696,2946.84,0.0675309,1.16267,13.487,32.3089,0.517916,270332,0,53,8.65396,10.2901,1
1954,1536688128,2948.48,0.0668057,1.13483,11.5528,19.2962,0.526447,270466,0,53,8.65395,10.2901,1
1955,1537474560,2950.13,0.0680796,0.992591,12.5657,26.2338,0.515156,270621,0,53,8.65396,10.2901,1
1956,1538260992,2951.78,0.0697125,1.27835,15.5522,30.6563,0.417187,270781,0,53,8.65396,10.2901,1
1957,1539047424,2953.42,0.0699357,0.963861,10.8115,19.7039,0.536504,270947,0,53,8.65396,10.2901,1
1958,1539833856,2955.01,0.0710939,1.1676,12.6517,30.1252,0.561317,271107,0,53,8.65396,10.2901,1
1959,1540620288,2956.6,0.0705209,1.06057,12.0874,25.4707,0.498102,271226,0,53,8.65394,10.2901,1
1960,1541406720,2958.18,0.0706094,1.32126,13.1022,25.6949,0.552784,271359,0,53,8.65395,10.2901,1
1961,1542193152,2959.75,0.0709594,1.16921,13.3446,30.9408,0.495596,271503,0,53,8.65395,10.2901,1
1962,1542979584,2961.33,0.0719143,1.28355,17.8851,42.4116,0.449212,271651,0,53,8.65395,10.2901,1
1963,1543766016,2962.94,0.0712186,1.29049,14.4378,36.185,0.506863,271795,0,53,8.65396,10.2901,1
1964,1544552448,2964.55,0.071572,1.1308,15.634,39.5761,0.50239,271949,0,53,8.65396,10.2901,1
1965,1545338880,2966.14,0.0712078,1.62635,23.356,41.1276,0.351522,272092,0,53,8.65395,10.2901,1
1966,1546125312,2967.71,0.071094,1.24718,12.9291,30.961,0.472312,272219,0,53,8.65395,10.2901,1
1967,1546911744,2969.3,0.0729519,1.28144,12.7832,23.8054,0.505398,272382,0,53,8.65396,10.2901,1
1968,1547698176,2970.88,0.0713878,1.45616,15.7981,31.8142,0.483603,272523,0,53,8.65395,10.2901,1
1969,1548484608,2972.46,0.071766,1.59423,17.9806,38.1097,0.448391,272701,0,53,8.65397,10.2901,1
1970,1549271040,2974.05,0.0706916,1.47845,14.203,33.6835,0.495308,272839,0,53,8.65395,10.2901,1
1971,1550057472,2975.65,0.0701591,1.21323,18.2806,32.3068,0.397803,272955,0,53,8.65394,10.2901,1
1972,1550843904,2977.26,0.0692892,1.55408,15.639,30.1476,0.484249,273093,0,53,8.65395,10.2901,1
1973,1551630336,2978.87,0.0681559,1.43001,14.3411,36.3636,0.518912,273225,0,53,8.65395,10.2901,1
1974,1552416768,2980.46,0.0671493,1.42764,14.72,29.3341,0.450766,273370,0,53,8.65396,10.2901,1
1975,1553203200,2982.08,0.0688944,1.57765,12.0796,24.3011,0.528195,273520,0,53,8.65396,10.2901,1
1976,1553989632,2983.71,0.06589,1.17157,15.638,35.5565,0.455265,273655,0,53,8.65395,10.2901,1
1977,1554776064,2985.34,0.0671339,1.54656,17.8555,36.8135,0.425459,273812,0,53,8.65396,10.2901,1
1978,1555562496,2986.95,0.0677809,1.34752,15.2857,35.373,0.502026,273979,0,53,8.65397,10.2901,1
1979,1556348928,2988.55,0.0666137,1.22921,13.4419,36.5323,0.494086,274127,0,53,8.65395,10.2901,1
1980,1557135360,2990.14,0.063899,1.18217,15.7211,37.5219,0.493577,274256,0,53,8.65395,10.2901,1
1981,1557921792,2991.73,0.0662046,1.42561,13.8912,26.2243,0.495631,274402,0,53,8.65396,10.2901,1
1982,1558708224,2993.33,0.0639287,1.33668,17.3789,40.959,0.445493,274543,0,53,8.65395,10.2901,1
1983,1559494656,2994.93,0.0637071,1.33358,15.9963,30.5239,0.417553,274677,0,53,8.65395,10.2901,1
1984,1560281088,2996.52,0.0630776,1.21014,14.1123,30.3869,0.530939,274802,0,53,8.65395,10.2901,1
1985,1561067520,2998.12,0.0626921,1.4255,13.4764,23.075,0.578822,274946,0,53,8.65395,10.2901,1
1986,1561853952,2999.77,0.0640944,1.23495,13.2541,26.751,0.532098,275089,0,53,8.65396,10.2901,1
1987,1562640384,3001.41,0.0637127,1.21172,19.5002,57.1313,0.437913,275229,0,53,8.65395,10.2901,1
1988,1563426816,3003.05,0.0616299,1.26458,13.9448,24.7947,0.497261,275353,0,53,8.65395,10.2901,1
1989,1564213248,3004.7,0.0641767,1.31835,14.3477,31.1743,0.49037,275492,0,53,8.65395,10.2901,1
1990,1564999680,3006.34,0.0645273,1.26177,12.4158,32.7336,0.562707,275649,0,53,8.65396,10.2901,1
1991,1565786112,3007.98,0.0623351,1.21102,12.2005,27.8618,0.569523,275776,0,53,8.65395,10.2901,1
1992,1566572544,3009.58,0.0636793,1.10777,13.8312,24.8763,0.500201,275904,0,53,8.65395,10.2901,1
1993,1567358976,3011.2,0.0625988,1.21028,12.525,25.0832,0.510366,276023,0,53,8.65394,10.2901,1
1994,1568145408,3012.82,0.0641195,1.11944,12.9565,29.7389,0.497336,276152,0,53,8.65395,10.2901,1
1995,1568931840,3014.46,0.0663223,0.988357,11.5677,28.3744,0.565044,276308,0,53,8.65396,10.2901,1
1996,1569718272,3016.11,0.0655961,0.969277,12.9397,34.1656,0.492279,276453,0,53,8.65395,10.2901,1
1997,1570504704,3017.76,0.0649777,1.13483,16.8086,39.083,0.461698,276582,0,53,8.65395,10.2901,1
1998,1571291136,3019.4,0.065273,1.22978,15.297,32.8697,0.438786,276718,0,53,8.65395,10.2901,1
1999,1572077568,3021.05,0.0667228,1.18253,15.0689,44.6675,0.461303,276867,0,53,8.65396,10.2901,1
2000,1572864000,3022.69,0.0678903,1.23802,12.0467,23.4012,0.541153,277013,0,53,8.65395,10.2901,1
2001,1573650432,3024.33,0.0677509,1.45081,16.9854,32.7185,0.414139,277158,0,53,8.65395,10.2901,1
2002,1574436864,3025.98,0.0708679,1.21411,15.154,42.3452,0.445477,277325,0,53,8.65397,10.2901,1
2003,1575223296,3027.62,0.0685966,1.24352,13.4119,28.1237,0.518833,277473,0,53,8.65396,10.2901,1
2004,1576009728,3029.26,0.0687109,0.998124,11.8571,23.0354,0.49991,277631,0,53,8.65396,10.2901,1
2005,1576796160,3030.9,0.0680325,1.32764,15.7963,34.788,0.462445,277789,0,53,8.65396,10.2901,1
2006,1577582592,3032.54,0.0662542,1.38501,14.0051,32.4817,0.484247,277909,0,53,8.65394,10.2901,1
2007,1578369024,3034.18,0.0672006,1.40716,13.6631,33.3108,0.485038,278060,0,53,8.65396,10.2901,1
2008,1579155456,3035.82,0.0661722,1.47674,15.4868,28.1888,0.422305,278211,0,53,8.65396,10.2901,1
2009,1579941888,3037.46,0.0651428,1.25215,13.3087,32.2967,0.492595,278361,0,53,8.65396,10.2901,1
2010,1580728320,3039.09,0.0647745,1.44546,15.0269,32.1606,0.421122,278506,0,53,8.65395,10.2901,1
2011,1581514752,3040.74,0.0641144,1.38088,16.2818,36.8319,0.417358,278645,0,53,8.65395,10.2901,1
2012,1582301184,3042.38,0.0631598,1.37175,13.5694,33.2944,0.490118,278794,0,53,8.65396,10.2901,1
2013,1583087616,3044.01,0.0618379,1.51556,19.0163,56.6608,0.436008,278922,0,53,8.65395,10.2901,1
2014,1583874048,3045.65,0.0620638,1.0907,14.4889,28.3764,0.48239,279061,0,53,8.65396,10.2901,1
2015,1584660480,3047.29,0.0634262,1.28992,13.0025,21.0289,0.469846,279223,0,53,8.65396,10.2901,1
2016,1585446912,3048.93,0.0611899,1.22197,13.9028,26.1849,0.490331,279394,0,53,8.65397,10.2901,1
2017,1586233344,3050.56,0.0607577,1.40055,13.5011,26.4992,0.490545,279534,0,53,8.65395,10.2901,1
2018,1587019776,3052.18,0.0598158,1.52092,16.3135,30.9534,0.463847,279656,0,53,8.65394,10.2901,1
2019,1587806208,3053.8,0.059715,1.27371,13.7394,35.3784,0.456565,279795,0,53,8.65395,10.2901,1
2020,1588592640,3055.41,0.0586179,1.31251,14.1082,26.7183,0.492086,279930,0,53,8.65395,10.2901,1
2021,1589379072,3057.02,0.0592735,1.33759,11.9128,27.8234,0.593815,280069,0,53,8.65395,10.2901,1
2022,1590165504,3058.64,0.0591705,1.16101,12.5645,24.9689,0.573787,280218,0,53,8.65396,10.2901,1
2023,1590951936,3060.25,0.0581437,1.0219,13.8403,27.338,0.464685,280345,0,53,8.65395,10.2901,1
2024,1591738368,3061.86,0.0588762,1.07363,13.3559,24.0759,0.462317,280516,0,53,8.65397,10.2901,1
2025,1592524800,3063.47,0.0589252,0.994239,12.636,30.1465,0.493546,280650,0,53,8.65395,10.2901,1
2026,1593311232,3065.06,0.0599964,1.0963,12.6009,25.3666,0.535807,280804,0,53,8.65396,10.2901,1
2027,1594097664,3066.65,0.0576831,1.12834,13.7406,28.3408,0.523594,280933,0,53,8.65395,10.2901,1
2028,1594884096,3068.26,0.0585278,1.0663,15.3823,30.5472,0.42291,281066,0,53,8.65395,10.2901,1
2029,1595670528,3069.85,0.0577144,1.10298,12.2267,21.2591,0.517705,281205,0,53,8.65395,10.2901,1
2030,1596456960,3071.45,0.0585133,1.09908,11.885,27.2896,0.485584,281332,0,53,8.65395,10.2901,1
2031,1597243392,3073.04,0.0575373,0.977338,12.836,27.7392,0.482649,281458,0,53,8.65395,10.2901,1
2032,1598029824,3074.63,0.0595405,0.990939,11.7252,22.8404,0.569866,281613,0,53,8.65396,10.2901,1
2033,1598816256,3076.22,0.0608813,1.04987,12.5165,24.447,0.523323,281759,0,53,8.65395,10.2901,1
2034,1599602688,3077.81,0.06029,1.04916,14.5465,27.4304,0.462279,281898,0,53,8.65395,10.2901,1
2035,1600389120,3079.4,0.0602178,1.01983,14.8935,27.3949,0.457285,282027,0,53,8.65395,10.2901,1
2036,1601175552,3080.99,0.0607654,1.17854,14.0532,25.1091,0.476047,282154,0,53,8.65395,10.2901,1
2037,1601961984,3082.59,0.06235,1.21327,12.1048,24.3286,0.54251,282320,0,53,8.65396,10.2901,1
2038,1602748416,3084.22,0.0624648,0.888588,12.6492,24.4821,0.49665,282440,0,53,8.65394,10.2901,1
2039,1603534848,3085.84,0.0628979,1.04387,16.5213,33.7927,0.389245,282566,0,53,8.65395,10.2901,1
2040,1604321280,3087.45,0.0620339,1.11268,13.3493,30.9319,0.521096,282692,0,53,8.65395,10.2901,1
2041,1605107712,3089.06,0.0609757,1.26879,15.6109,47.0855,0.484439,282815,0,53,8.65394,10.2901,1
2042,1605894144,3090.66,0.063187,1.10279,13.6193,28.812,0.478474,282957,0,53,8.65395,10.2901,1
2043,1606680576,3092.27,0.0623175,1.27276,13.5019,26.2903,0.478859,283105,0,53,8.65396,10.2901,1
2044,1607467008,3093.87,0.0633541,1.04572,12.1295,27.3367,0.539683,283236,0,53,8.65395,10.2901,1
2045,1608253440,3095.48,0.0635095,1.21078,12.7922,29.0032,0.548365,283372,0,53,8.65395,10.2901,1
2046,1609039872,3097.09,0.0638653,1.35612,13.8435,25.2727,0.516681,283514,0,53,8.65395,10.2901,1
2047,1609826304,3098.69,0.0637783,1.00087,16.7754,43.1318,0.431792,283653,0,53,8.65395,10.2901,1
2048,1610612736,3100.3,0.0644383,1.2699,13.9353,24.539,0.491433,283791,0,53,8.65395,10.2901,1
2049,1611399168,3101.92,0.0653071,1.21062,14.9114,31.2967,0.495925,283952,0,53,8.65396,10.2901,1
2050,1612185600,3103.55,0.0653983,1.27958,15.6428,30.2627,0.464071,284092,0,53,8.65395,10.2901,1
2051,1612972032,3105.17,0.0650901,1.03269,12.3232,21.7184,0.526164,284244,0,53,8.65396,10.2901,1
2052,1613758464,3106.8,0.0661677,1.21469,14.9799,32.724,0.480673,284398,0,53,8.65396,10.2901,1
2053,1614544896,3108.42,0.0657185,1.28298,13.1993,33.1403,0.526087,284542,0,53,8.65395,10.2901,1
2054,1615331328,3110.05,0.0651342,1.34176,15.9597,32.7498,0.515075,284690,0,53,8.65395,10.2901,1
2055,1616117760,3111.68,0.0663006,1.33174,15.7711,28.4647,0.478718,284835,0,53,8.65396,10.2901,1
2056,1616904192,3113.3,0.0655673,1.22805,17.0712,38.8638,0.434205,285003,0,53,8.65396,10.2901,1
2057,1617690624,3114.93,0.0643937,0.865014,18.7541,44.9187,0.378539,285127,0,53,8.65395,10.2901,1
2058,1618477056,3116.56,0.0663934,0.93511,16.11,31.2967,0.410499,285258,0,53,8.65395,10.2901,1
2059,1619263488,3118.2,0.0679398,1.07976,16.1749,39.8232,0.467314,285418,0,53,8.65396,10.2901,1
2060,1620049920,3119.83,0.0658649,1.28525,14.8378,29.6125,0.536022,285543,0,53,8.65395,10.2901,1
2061,1620836352,3121.46,0.0662471,1.00535,13.8848,25.2802,0.503067,285683,0,53,8.65395,10.2901,1
2062,1621622784,3123.09,0.0683434,1.31731,15.8243,42.9635,0.484247,285851,0,53,8.65396,10.2901,1
2063,1622409216,3124.79,0.0680349,1.08324,15.132,31.766,0.451842,286020,0,53,8.65397,10.2901,1
2064,1623195648,3126.43,0.0672752,1.18879,12.6979,22.5514,0.527451,286155,0,53,8.65395,10.2901,1
2065,1623982080,3128.06,0.0668298,1.24212,19.6554,45.5198,0.408116,286274,0,53,8.65394,10.2901,1
2066,1624768512,3129.65,0.0671177,1.0636,17.2546,36.262,0.42327,286437,0,53,8.65396,10.2901,1
2067,1625554944,3131.24,0.0647149,0.976289,13.0256,23.0137,0.464394,286562,0,53,8.65394,10.2901,1
2068,1626341376,3132.84,0.0655496,1.25456,14.829,33.7424,0.479204,286703,0,53,8.65395,10.2901,1
2069,1627127808,3134.44,0.0663045,1.16083,15.1629,33.9747,0.499484,286854,0,53,8.65396,10.2901,1
2070,1627914240,3136.02,0.0648692,1.13296,13.5164,33.7954,0.464047,286992,0,53,8.65395,10.2901,1
2071,1628700672,3137.62,0.0649101,1.06814,14.3167,28.7683,0.46522,287142,0,53,8.65396,10.2901,1
2072,1629487104,3139.22,0.0657989,1.13948,12.7128,29.2288,0.529618,287284,0,53,8.65395,10.2901,1
2073,1630273536,3140.8,0.0664117,1.15664,12.9281,30.6962,0.513415,287438,0,53,8.65396,10.2901,1
2074,1631059968,3142.39,0.06501,1.25809,13.2587,24.4791,0.567873,287556,0,53,8.65394,10.2901,1
2075,1631846400,3143.97,0.065292,1.17148,15.8122,32.7347,0.430692,287694,0,53,8.65395,10.2901,1
2076,1632632832,3145.56,0.0639757,0.977338,13.4387,31.288,0.498634,287834,0,53,8.65395,10.2901,1
2077,1633419264,3147.15,0.062728,1.04636,14.4174,31.6934,0.494344,287956,0,53,8.65394,10.2901,1
2078,1634205696,3148.75,0.0645255,1.06095,12.7163,29.8875,0.516152,288102,0,53,8.65395,10.2901,1
2079,1634992128,3150.34,0.0649357,1.08925,13.4353,27.3019,0.499618,288249,0,53,8.65396,10.2901,1
2080,1635778560,3151.92,0.0647822,1.18936,12.0523,18.9665,0.572881,288390,0,53,8.65395,10.2901,1
2081,1636564992,3153.49,0.064334,1.02871,13.2195,25.9365,0.506719,288519,0,53,8.65395,10.2901,1
2082,1637351424,3155.06,0.0629905,0.888082,12.646,28.4518,0.49034,288649,0,53,8.65395,10.2901,1
2083,1638137856,3156.64,0.0638597,1.11232,14.9149,33.2764,0.49963,288781,0,53,8.65395,10.2901,1
2084,1638924288,3158.21,0.0658072,1.0706,14.806,28.9548,0.47258,288937,0,53,8.65396,10.2901,1
2085,1639710720,3159.78,0.0660079,1.08087,16.1403,41.5795,0.476641,289054,0,53,8.65394,10.2901,1
2086,1640497152,3161.36,0.0659037,1.05539,18.0407,35.0848,0.408523,289187,0,53,8.65395,10.2901,1
2087,1641283584,3162.98,0.0649229,1.06169,14.354,33.2215,0.442001,289302,0,53,8.65394,10.2901,1
2088,1642070016,3164.61,0.0649579,0.970122,13.3435,33.5504,0.472139,289431,0,53,8.65395,10.2901,1
2089,1642856448,3166.24,0.0644224,1.04555,14.2817,32.0483,0.42217,289567,0,53,8.65395,10.2901,1
2090,1643642880,3167.84,0.0641577,1.15169,13.9906,32.7802,0.500223,289719,0,53,8.65396,10.2901,1
2091,1644429312,3169.45,0.0652763,1.01899,14.335,29.9391,0.548073,289852,0,53,8.65395,10.2901,1
2092,1645215744,3171.07,0.0654926,1.26011,17.2132,34.5139,0.473814,289995,0,53,8.65395,10.2901,1
2093,1646002176,3172.67,0.0650051,1.22825,16.3464,33.7561,0.458722,290129,0,53,8.65395,10.2901,1
2094,1646788608,3174.27,0.06657,1.06433,14.6054,31.2255,0.496189,290266,0,53,8.65395,10.2901,1
2095,1647575040,3175.86,0.0667992,1.0221,13.5234,23.0303,0.476491,290416,0,53,8.65396,10.2901,1
2096,1648361472,3177.46,0.069069,1.33479,14.3662,28.5103,0.593554,290578,0,53,8.65397,10.2901,1
2097,1649147904,3179.06,0.0696123,1.36483,16.2126,36.8163,0.47866,290723,0,53,8.65395,10.2901,1
2098,1649934336,3180.66,0.0691282,1.24931,17.2568,33.8958,0.460809,290871,0,53,8.65396,10.2901,1
2099,1650720768,3182.27,0.0698999,1.11831,16.6784,35.1295,0.473199,291041,0,53,8.65396,10.2901,1
2100,1651507200,3183.88,0.0712269,1.43063,23.1567,48.061,0.372273,291185,0,53,8.65396,10.2901,1
2101,1652293632,3185.47,0.0678239,1.45249,15.8518,33.0014,0.466037,291326,0,53,8.65395,10.2901,1
2102,1653080064,3187.06,0.0671358,1.24217,14.0897,28.7317,0.518282,291473,0,53,8.65396,10.2901,1
2103,1653866496,3188.66,0.0699953,1.01195,13.1409,24.1064,0.472872,291648,0,53,8.65397,10.2901,1
2104,1654652928,3190.26,0.0680488,1.15015,14.4115,27.1486,0.455638,291765,0,53,8.65395,10.2901,1
2105,1655439360,3191.88,0.0678971,1.11334,13.4427,24.8853,0.489562,291908,0,53,8.65395,10.2901,1
2106,1656225792,3193.5,0.0669657,1.31625,13.7917,30.5192,0.508103,292055,0,53,8.65395,10.2901,1
2107,1657012224,3195.1,0.0664669,1.11715,11.3862,24.326,0.539368,292188,0,53,8.65395,10.2901,1
2108,1657798656,3196.7,0.0684822,1.44143,19.0302,35.9282,0.41511,292327,0,53,8.65395,10.2901,1
2109,1658585088,3198.3,0.0684125,1.30919,16.1876,39.7066,0.45567,292494,0,53,8.65396,10.2901,1
2110,1659371520,3199.9,0.0685461,1.24639,12.8658,28.3112,0.528436,292652,0,53,8.65396,10.2901,1
2111,1660157952,3201.53,0.0671883,1.18204,19.6746,39.3765,0.393713,292780,0,53,8.65395,10.2901,1
2112,1660944384,3203.16,0.0689676,1.25479,14.7253,33.0465,0.460737,292921,0,53,8.65395,10.2901,1
2113,1661730816,3204.79,0.0678182,1.12666,15.7728,31.5728,0.471194,293081,0,53,8.65396,10.2901,1
2114,1662517248,3206.41,0.0669243,1.35673,15.7446,26.7748,0.456223,293220,0,53,8.65395,10.2901,1
2115,1663303680,3208.04,0.0686852,1.24471,15.4832,30.3527,0.457817,293361,0,53,8.65395,10.2901,1
2116,1664090112,3209.65,0.0679531,1.59712,17.3609,40.237,0.557096,293511,0,53,8.65396,10.2901,1
2117,1664876544,3211.27,0.0664674,1.57237,20.0596,34.6756,0.446636,293649,0,53,8.65395,10.2901,1
2118,1665662976,3212.9,0.0679292,1.39171,19.4554,40.9471,0.442291,293799,0,53,8.65396,10.2901,1
2119,1666449408,3214.53,0.0679814,1.12407,16.3391,39.6375,0.49041,293954,0,53,8.65396,10.2901,1
2120,1667235840,3216.17,0.0684647,1.08178,14.1504,25.6131,0.489033,294096,0,53,8.65396,10.2901,1
2121,1668022272,3217.8,0.0683944,1.19765,15.6725,32.5851,0.459161,294227,0,53,8.65395,10.2901,1
2122,1668808704,3219.42,0.0678783,1.27194,18.522,33.2005,0.401386,294363,0,53,8.65395,10.2901,1
2123,1669595136,3221.04,0.0685475,1.29071,14.5074,26.5555,0.558161,294502,0,53,8.65395,10.2901,1
2124,1670381568,3222.7,0.0670602,1.14643,14.5134,27.805,0.461886,294618,0,53,8.65394,10.2901,1
2125,1671168000,3224.36,0.0687654,1.33638,15.0604,30.8276,0.467325,294774,0,53,8.65396,10.2901,1
2126,1671954432,3226.02,0.068437,1.3808,16.8016,29.4594,0.460257,294931,0,53,8.65396,10.2901,1
2127,1672740864,3227.66,0.0653512,1.33208,15.0283,27.7751,0.461016,295058,0,53,8.65395,10.2901,1
2128,1673527296,3229.31,0.0652227,1.20942,16.471,32.7538,0.470457,295184,0,53,8.65395,10.2901,1
2129,1674313728,3230.96,0.0659152,1.24263,14.3704,30.4073,0.530513,295313,0,53,8.65395,10.2901,1
2130,1675100160,3232.62,0.0664646,1.20911,16.8459,34.9456,0.437094,295446,0,53,8.65395,10.2901,1
2131,1675886592,3234.28,0.0673947,1.51737,16.1879,37.311,0.491434,295591,0,53,8.65396,10.2901,1
2132,1676673024,3235.94,0.0679733,1.30091,16.0089,45.1222,0.571929,295706,0,53,8.65394,10.2901,1
2133,1677459456,3237.6,0.0691321,1.38221,13.1516,31.6201,0.540782,295850,0,53,8.65395,10.2901,1
2134,1678245888,3239.26,0.0673378,1.41388,14.5011,27.2104,0.511266,295969,0,53,8.65394,10.2901,1
2135,1679032320,3240.92,0.0671764,1.3495,14.1847,23.7789,0.506694,296093,0,53,8.65394,10.2901,1
2136,1679818752,3242.58,0.0677083,1.54991,17.4071,38.8623,0.490479,296234,0,53,8.65395,10.2901,1
2137,1680605184,3244.24,0.0697384,1.46526,14.2105,27.6472,0.49988,296377,0,53,8.65396,10.2901,1
2138,1681391616,3245.89,0.0697186,1.33245,17.6802,37.7186,0.478754,296508,0,53,8.65395,10.2901,1
2139,1682178048,3247.54,0.0687655,1.45356,13.4195,24.8024,0.536676,296645,0,53,8.65395,10.2901,1
2140,1682964480,3249.19,0.0687618,1.52579,14.6146,34.7569,0.564049,296777,0,53,8.65395,10.2901,1
2141,1683750912,3250.84,0.0707123,1.33665,14.9115,29.2313,0.515205,296908,0,53,8.65395,10.2901,1
2142,1684537344,3252.49,0.0721386,1.48316,14.4664,37.1623,0.53669,297067,0,53,8.65396,10.2901,1
2143,1685323776,3254.15,0.0705915,1.53312,15.5247,29.9919,0.467571,297215,0,53,8.65396,10.2901,1
2144,1686110208,3255.81,0.070441,1.68541,14.4321,31.1534,0.542097,297362,0,53,8.65396,10.2901,1
2145,1686896640,3257.46,0.0699313,1.52495,13.9847,31.1446,0.563331,297504,0,53,8.65395,10.2901,1
2146,1687683072,3259.12,0.071915,1.53501,15.0096,28.1281,0.502197,297673,0,53,8.65397,10.2901,1
2147,1688469504,3260.77,0.071456,1.66507,17.2979,45.5214,0.466976,297809,0,53,8.65395,10.2901,1
2148,1689255936,3262.44,0.0699954,1.4939,14.3626,26.8624,0.583441,297956,0,53,8.65396,10.2901,1
2149,1690042368,3264.1,0.0709072,1.63155,17.3646,31.4624,0.431244,298104,0,53,8.65396,10.2901,1
2150,1690828800,3265.77,0.0717164,1.63424,15.3636,30.6841,0.474349,298267,0,53,8.65396,10.2901,1
2151,1691615232,3267.44,0.0706685,1.49481,15.167,33.4939,0.518813,298400,0,53,8.65395,10.2901,1
2152,1692401664,3269.11,0.0699577,1.51083,13.3972,27.0142,0.503471,298549,0,53,8.65396,10.2901,1
2153,1693188096,3270.79,0.0687276,1.26846,14.0192,24.8995,0.560279,298684,0,53,8.65395,10.2901,1
2154,1693974528,3272.46,0.0685853,1.57456,21.1732,45.5248,0.461169,298826,0,53,8.65395,10.2901,1
2155,1694760960,3274.11,0.0684898,1.67673,17.4707,39.0859,0.440271,298976,0,53,8.65396,10.2901,1
2156,1695547392,3275.78,0.0691173,1.36946,16.6225,38.427,0.533492,299134,0,53,8.65396,10.2901,1
2157,1696333824,3277.43,0.0698105,1.59286,16.6511,36.9423,0.473223,299285,0,53,8.65396,10.2901,1
2158,1697120256,3279.11,0.0686361,1.52987,13.221,29.2685,0.594542,299406,0,53,8.65394,10.2901,1
2159,1697906688,3280.78,0.0667112,1.40624,16.2031,37.1818,0.534225,299558,0,53,8.65396,10.2901,1
2160,1698693120,3282.45,0.0685564,1.33041,15.0369,31.7816,0.500205,299713,0,53,8.65396,10.2901,1
2161,1699479552,3284.11,0.0679678,1.35803,13.5723,26.3436,0.496599,299860,0,53,8.65396,10.2901,1
2162,1700265984,3285.78,0.0690812,1.39266,14.2559,28.5743,0.522684,300000,0,53,8.65395,10.2901,1
2163,1701052416,3287.43,0.0692039,1.62879,15.9056,31.5496,0.48533,300142,0,53,8.65395,10.2901,1
2164,1701838848,3289.08,0.0685439,1.45124,18.6612,40.4467,0.430409,300287,0,53,8.65395,10.2901,1
2165,1702625280,3290.73,0.0683379,1.36508,14.0909,25.2321,0.487926,300441,0,53,8.65396,10.2901,1
2166,1703411712,3292.37,0.0681352,1.34842,13.5719,34.9446,0.557539,300596,0,53,8.65396,10.2901,1
2167,1704198144,3294.01,0.0669157,1.40531,13.9389,29.5756,0.529116,300734,0,53,8.65395,10.2901,1
2168,1704984576,3295.66,0.0667694,1.37336,14.3704,23.9013,0.509075,300865,0,53,8.65395,10.2901,1
2169,1705771008,3297.3,0.0675656,1.36806,13.7998,33.1333,0.593689,301006,0,53,8.65395,10.2901,1
2170,1706557440,3298.93,0.0672622,1.51462,12.8997,25.9866,0.563264,301162,0,53,8.65396,10.2901,1
2171,1707343872,3300.57,0.0664062,1.51737,15.164,29.4903,0.527485,301282,0,53,8.65394,10.2901,1
2172,1708130304,3302.21,0.0673324,1.20803,14.7862,32.9901,0.494839,301433,0,53,8.65396,10.2901,1
2173,1708916736,3303.85,0.0689685,1.5845,15.1023,33.2598,0.539479,301589,0,53,8.65396,10.2901,1
2174,1709703168,3305.5,0.0688177,1.22002,15.6918,32.1923,0.438152,301719,0,53,8.65395,10.2901,1
2175,1710489600,3307.14,0.0691691,1.20877,13.2413,26.0817,0.521247,301857,0,53,8.65395,10.2901,1
2176,1711276032,3308.77,0.0671997,1.39864,16.4403,42.8926,0.454936,301983,0,53,8.65395,10.2901,1
2177,1712062464,3310.41,0.0667728,1.02764,12.8056,24.8594,0.521848,302134,0,53,8.65396,10.2901,1
2178,1712848896,3312.04,0.0666095,1.21786,14.9628,29.4271,0.517716,302274,0,53,8.65396,10.2901,1
2179,1713635328,3313.66,0.0672493,1.04552,14.6085,39.3887,0.489639,302399,0,53,8.65394,10.2901,1
2180,1714421760,3315.29,0.0674196,1.24345,17.9245,41.2553,0.409,302527,0,53,8.65395,10.2901,1
2181,1715208192,3316.93,0.0663449,1.14221,14.7771,31.7407,0.470649,302644,0,53,8.65394,10.2901,1
2182,1715994624,3318.56,0.0675265,1.02235,13.9222,40.7997,0.491955,302770,0,53,8.65395,10.2901,1
2183,1716781056,3320.19,0.0659451,1.16156,13.011,35.5196,0.524337,302900,0,53,8.65395,10.2901,1
2184,1717567488,3321.82,0.0675778,1.20969,13.7633,29.4132,0.48984,303045,0,53,8.65395,10.2901,1
2185,1718353920,3323.44,0.0658596,1.3186,14.7185,34.6061,0.469288,303175,0,53,8.65395,10.2901,1
2186,1719140352,3325.07,0.065902,1.0876,13.3384,30.4525,0.491479,303305,0,53,8.65395,10.2901,1
2187,1719926784,3326.69,0.0666517,1.08162,16.6482,35.4797,0.430104,303431,0,53,8.65394,10.2901,1
2188,1720713216,3328.31,0.067374,1.3197,14.6606,34.705,0.471967,303552,0,53,8.65394,10.2901,1
2189,1721499648,3329.92,0.0667331,1.08944,14.4887,28.0368,0.450347,303698,0,53,8.65396,10.2901,1
2190,1722286080,3331.54,0.0679106,1.13589,12.3079,22.0018,0.52923,303856,0,53,8.65396,10.2901,1
2191,1723072512,3333.15,0.0678394,1.4159,14.9687,34.14,0.473492,304003,0,53,8.65396,10.2901,1
2192,1723858944,3334.77,0.0676516,1.48521,12.5045,25.1361,0.658948,304149,0,53,8.65396,10.2901,1
2193,1724645376,3336.39,0.0670399,1.09754,13.9837,29.1615,0.521179,304290,0,53,8.65395,10.2901,1
2194,1725431808,3338.02,0.0668034,1.00385,16.7383,35.1336,0.430507,304429,0,53,8.65395,10.2901,1
2195,1726218240,3339.64,0.0667484,1.25068,13.7172,30.6476,0.57887,304569,0,53,8.65395,10.2901,1
2196,1727004672,3341.27,0.0682447,1.09608,18.1553,45.3083,0.42035,304703,0,53,8.65395,10.2901,1
2197,1727791104,3342.89,0.0697796,1.32798,14.7245,26.616,0.460285,304849,0,53,8.65396,10.2901,1
2198,1728577536,3344.52,0.0687883,1.13429,14.1617,31.717,0.558172,304992,0,53,8.65395,10.2901,1
2199,1729363968,3346.15,0.0692961,1.15436,16.8064,50.7034,0.436379,305131,0,53,8.65395,10.2901,1
2200,1730150400,3347.77,0.0705582,1.48204,18.2194,43.1346,0.458994,305261,0,53,8.65395,10.2901,1
2201,1730936832,3349.41,0.0701891,1.25775,14.4629,23.6661,0.45935,305409,0,53,8.65396,10.2901,1
2202,1731723264,3351.04,0.0715915,1.26419,15.2285,34.4581,0.467816,305562,0,53,8.65396,10.2901,1
2203,1732509696,3352.65,0.0709423,1.1692,14.7056,27.6744,0.446044,305710,0,53,8.65396,10.2901,1
2204,1733296128,3354.27,0.0699294,1.21313,13.7512,40.2868,0.566516,305840,0,53,8.65395,10.2901,1
2205,1734082560,3355.88,0.069286,1.15198,20.5884,48.4121,0.405659,305956,0,53,8.65394,10.2901,1
2206,1734868992,3357.49,0.0718654,1.23589,13.8662,26.1857,0.467184,306108,0,53,8.65396,10.2901,1
2207,1735655424,3359.1,0.0723187,1.32556,15.3905,39.5856,0.520263,306261,0,53,8.65396,10.2901,1
2208,1736441856,3360.72,0.0739497,1.25198,12.6274,23.3388,0.575073,306425,0,53,8.65396,10.2901,1
2209,1737228288,3362.33,0.0717305,1.37625,15.0531,36.2117,0.468479,306555,0,53,8.65395,10.2901,1
2210,1738014720,3363.94,0.0715697,1.29054,14.0854,25.856,0.529066,306697,0,53,8.65395,10.2901,1
2211,1738801152,3365.55,0.0713802,1.36092,16.8023,32.0904,0.474492,306829,0,53,8.65395,10.2901,1
2212,1739587584,3367.16,0.072113,1.21142,13.5771,28.5388,0.509257,306989,0,53,8.65396,10.2901,1
2213,1740374016,3368.77,0.0736959,1.26656,15.787,28.7784,0.453906,307142,0,53,8.65396,10.2901,1
2214,1741160448,3370.38,0.0715728,1.29278,16.7197,35.0489,0.497425,307282,0,53,8.65395,10.2901,1
2215,1741946880,3372.01,0.072087,1.30858,16.0752,28.4246,0.459932,307408,0,53,8.65395,10.2901,1
2216,1742733312,3373.65,0.0721519,1.44388,16.0327,31.9208,0.485131,307567,0,53,8.65396,10.2901,1
2217,1743519744,3375.27,0.0732474,1.56269,18.4784,50.3086,0.459639,307720,0,53,8.65396,10.2901,1
2218,1744306176,3376.9,0.0709182,1.30343,12.905,23.7104,0.55119,307843,0,53,8.65394,10.2901,1
2219,1745092608,3378.53,0.0715309,1.45632,15.6121,28.7561,0.504265,307990,0,53,8.65396,10.2901,1
2220,1745879040,3380.15,0.0717769,1.36323,16.0037,37.7091,0.495962,308141,0,53,8.65396,10.2901,1
2221,1746665472,3381.77,0.0700949,1.26848,12.8796,29.5161,0.530393,308269,0,53,8.65395,10.2901,1
2222,1747451904,3383.4,0.0712255,1.25295,13.6954,32.141,0.557604,308409,0,53,8.65395,10.2901,1
2223,1748238336,3385.03,0.069385,1.5902,14.8215,31.7328,0.519018,308546,0,53,8.65395,10.2901,1
2224,1749024768,3386.65,0.0714649,1.30388,13.5841,31.0309,0.537915,308712,0,53,8.65396,10.2901,1
2225,1749811200,3388.26,0.0712322,1.56665,17.5754,35.8434,0.504085,308850,0,53,8.65395,10.2901,1
2226,1750597632,3389.86,0.0696056,1.51541,14.836,30.6133,0.499456,308975,0,53,8.65395,10.2901,1
2227,1751384064,3391.46,0.069382,1.35105,14.2814,32.4605,0.511579,309101,0,53,8.65394,10.2901,1
2228,1752170496,3393.08,0.0702726,1.43635,14.4614,25.3164,0.529169,309220,0,53,8.65394,10.2901,1
2229,1752956928,3394.7,0.069932,1.38493,16.7945,35.5228,0.439594,309349,0,53,8.65395,10.2901,1
2230,1753743360,3396.31,0.067388,1.3989,15.1909,31.7804,0.536844,309477,0,53,8.65395,10.2901,1
2231,1754529792,3397.91,0.0699315,1.20959,13.9308,25.0299,0.527272,309617,0,53,8.65395,10.2901,1
2232,1755316224,3399.49,0.0699238,1.37797,13.7464,26.4675,0.509839,309748,0,53,8.65395,10.2901,1
2233,1756102656,3401.11,0.0689073,1.30031,16.2078,38.9847,0.451096,309876,0,53,8.65395,10.2901,1
2234,1756889088,3402.73,0.0685118,1.21383,17.3534,36.5355,0.425332,310001,0,53,8.65395,10.2901,1
2235,1757675520,3404.35,0.0689049,1.43207,15.0637,31.0503,0.497931,310124,0,53,8.65395,10.2901,1
2236,1758461952,3405.95,0.0696511,1.29558,15.4539,27.6458,0.474916,310275,0,53,8.65396,10.2901,1
2237,1759248384,3407.54,0.069127,1.7086,19.2685,43.598,0.466247,310437,0,53,8.65397,10.2901,1
2238,1760034816,3409.12,0.0677538,1.57,18.0738,36.8289,0.435108,310589,0,53,8.65396,10.2901,1
2239,1760821248,3410.7,0.0663911,1.28909,16.4286,29.5485,0.427808,310748,0,53,8.65396,10.2901,1
2240,1761607680,3412.28,0.0675797,1.31428,14.9043,32.1237,0.467372,310884,0,53,8.65395,10.2901,1
2241,1762394112,3413.88,0.0677821,1.3709,14.8372,38.4218,0.503635,311028,0,53,8.65396,10.2901,1
2242,1763180544,3415.5,0.066225,1.42854,13.8187,29.3564,0.560579,311167,0,53,8.65395,10.2901,1
2243,1763966976,3417.08,0.066609,1.36635,13.9184,33.1225,0.562065,311304,0,53,8.65395,10.2901,1
2244,1764753408,3418.68,0.0661035,1.36689,15.7684,33.1712,0.52416,311450,0,53,8.65395,10.2901,1
2245,1765539840,3420.26,0.0647024,1.07765,12.0429,24.7931,0.526631,311590,0,53,8.65395,10.2901,1
2246,1766326272,3421.84,0.0661616,1.39459,14.795,44.0293,0.538659,311732,0,53,8.65395,10.2901,1
2247,1767112704,3423.43,0.0655292,1.51602,15.5407,28.0674,0.487189,311862,0,53,8.65395,10.2901,1
2248,1767899136,3425.02,0.0661408,1.60105,15.0346,28.9166,0.526967,312026,0,53,8.65396,10.2901,1
2249,1768685568,3426.6,0.0677349,1.33431,15.6374,44.99,0.514703,312167,0,53,8.65395,10.2901,1
2250,1769472000,3428.19,0.0672572,1.40556,14.6261,32.948,0.644042,312321,0,53,8.65396,10.2901,1
2251,1770258432,3429.78,0.0649412,1.14518,14.5087,27.6186,0.483365,312439,0,53,8.65394,10.2901,1
2252,1771044864,3431.37,0.0649119,1.39641,15.0927,38.6542,0.517823,312572,0,53,8.65395,10.2901,1
2253,1771831296,3432.99,0.0661284,1.29195,15.0037,26.6813,0.467001,312731,0,53,8.65396,10.2901,1
2254,1772617728,3434.59,0.0681984,1.36492,16.0683,30.9954,0.461796,312886,0,53,8.65396,10.2901,1
2255,1773404160,3436.23,0.0685115,1.43864,16.0616,34.2572,0.513059,313033,0,53,8.65396,10.2901,1
2256,1774190592,3437.87,0.0656919,1.39451,15.6518,38.4214,0.506291,313164,0,53,8.65395,10.2901,1
2257,1774977024,3439.51,0.0666329,1.59983,18.2134,47.023,0.507548,313318,0,53,8.65396,10.2901,1
2258,1775763456,3441.15,0.0664663,1.43274,15.4116,34.3572,0.521792,313446,0,53,8.65395,10.2901,1
2259,1776549888,3442.79,0.0681525,1.42691,15.9857,32.4718,0.473159,313596,0,53,8.65396,10.2901,1
2260,1777336320,3444.43,0.0667228,1.49774,15.7718,28.0512,0.482192,313741,0,53,8.65396,10.2901,1
2261,1778122752,3446.07,0.0688113,1.47645,14.6015,34.001,0.535775,313881,0,53,8.65395,10.2901,1
2262,1778909184,3447.71,0.0679981,1.4015,18.1521,47.5655,0.452295,314005,0,53,8.65395,10.2901,1
2263,1779695616,3449.36,0.0696711,1.58134,17.8152,38.6913,0.439184,314169,0,53,8.65396,10.2901,1
2264,1780482048,3451.01,0.0681106,1.34028,18.9005,36.8613,0.450812,314324,0,53,8.65396,10.2901,1
2265,1781268480,3452.66,0.0677376,1.57006,18.5238,40.164,0.411851,314443,0,53,8.65394,10.2901,1
2266,1782054912,3454.31,0.0703509,1.42189,15.1952,28.7709,0.486487,314606,0,53,8.65396,10.2901,1
2267,1782841344,3455.96,0.0697764,1.45682,15.1195,28.5419,0.494398,314748,0,53,8.65395,10.2901,1
2268,1783627776,3457.62,0.0694982,1.43875,14.7986,29.1293,0.537212,314873,0,53,8.65395,10.2901,1
2269,1784414208,3459.28,0.070848,1.26718,14.525,26.849,0.544102,315016,0,53,8.65395,10.2901,1
2270,1785200640,3460.94,0.0729067,1.2826,16.1248,27.3049,0.503124,315162,0,53,8.65396,10.2901,1
2271,1785987072,3462.6,0.0756815,1.61591,16.82,36.8549,0.538657,315335,0,53,8.65397,10.2901,1
2272,1786773504,3464.28,0.0739512,1.31959,15.3205,29.0005,0.50398,315462,0,53,8.65395,10.2901,1
2273,1787559936,3465.95,0.0745546,1.67225,19.3355,48.9954,0.466642,315594,0,53,8.65395,10.2901,1
2274,1788346368,3467.63,0.0764274,1.5848,16.528,34.2565,0.483243,315733,0,53,8.65395,10.2901,1
2275,1789132800,3469.31,0.0751373,1.4323,14.4441,27.7538,0.535429,315853,0,53,8.65395,10.2901,1
2276,1789919232,3470.99,0.0766415,1.73842,14.6582,27.8033,0.524122,315992,0,53,8.65395,10.2901,1
2277,1790705664,3472.67,0.0746451,1.63305,18.1633,38.9527,0.436961,316127,0,53,8.65395,10.2901,1
2278,1791492096,3474.35,0.0743817,1.35899,13.9958,27.96,0.581566,316262,0,53,8.65395,10.2901,1
2279,1792278528,3476.04,0.0755502,1.4545,14.9924,30.5442,0.54699,316400,0,53,8.65395,10.2901,1
2280,1793064960,3477.75,0.0749028,1.29769,17.5385,37.3898,0.455802,316524,0,53,8.65395,10.2901,1
2281,1793851392,3479.44,0.0747638,1.44096,16.7634,34.7033,0.505316,316656,0,53,8.65395,10.2901,1
2282,1794637824,3481.2,0.0753604,1.42603,26.1042,66.6139,0.38334,316785,0,53,8.65395,10.2901,1
2283,1795424256,3482.91,0.0763538,1.32426,16.0726,41.2684,0.48404,316932,0,53,8.65395,10.2901,1
2284,1796210688,3484.68,0.0778001,1.3287,15.2842,30.4767,0.511079,317088,0,53,8.65396,10.2901,1
2285,1796997120,3486.39,0.0783764,1.45609,15.0926,30.7644,0.517321,317249,0,53,8.65396,10.2901,1
2286,1797783552,3488.11,0.0767151,1.25753,17.0368,30.2195,0.438257,317406,0,53,8.65396,10.2901,1
2287,1798569984,3489.83,0.0786512,1.46337,21.4751,60.818,0.422193,317555,0,53,8.65396,10.2901,1
2288,1799356416,3491.55,0.0789901,1.54784,16.6023,34.3944,0.481801,317699,0,53,8.65395,10.2901,1
2289,1800142848,3493.25,0.0788878,1.54927,16.5168,31.9526,0.496649,317847,0,53,8.65396,10.2901,1
2290,1800929280,3494.95,0.0778521,1.66599,16.7626,32.796,0.447195,317987,0,53,8.65395,10.2901,1
2291,1801715712,3496.65,0.0774351,1.1962,19.3824,39.2938,0.419695,318132,0,53,8.65396,10.2901,1
2292,1802502144,3498.36,0.0775188,1.22301,22.2122,52.5835,0.374279,318271,0,53,8.65395,10.2901,1
2293,1803288576,3500.06,0.0782318,1.6311,24.9043,80.7786,0.488372,318410,0,53,8.65395,10.2901,1
2294,1804075008,3501.75,0.0786577,1.44608,17.0358,33.7941,0.485735,318547,0,53,8.65395,10.2901,1
2295,1804861440,3503.44,0.0789064,1.41629,15.2081,35.0122,0.50222,318706,0,53,8.65396,10.2901,1
2296,1805647872,3505.13,0.0779921,1.62949,17.2514,36.9704,0.464034,318848,0,53,8.65395,10.2901,1
2297,1806434304,3506.81,0.0770715,1.25148,17.6502,44.6192,0.475599,318993,0,53,8.65395,10.2901,1
2298,1807220736,3508.49,0.0753835,1.53206,16.7326,30.0436,0.458549,319110,0,53,8.65394,10.2901,1
2299,1808007168,3510.16,0.0776459,1.77559,19.2963,42.085,0.511665,319250,0,53,8.65395,10.2901,1
2300,1808793600,3511.84,0.0766279,1.55682,18.0298,30.9918,0.447706,319402,0,53,8.65396,10.2901,1
2301,1809580032,3513.51,0.076801,1.49535,17.9648,37.7979,0.480343,319546,0,53,8.65396,10.2901,1
2302,1810366464,3515.19,0.0750432,1.51422,23.9128,54.703,0.40665,319685,0,53,8.65395,10.2901,1
2303,1811152896,3516.87,0.0743324,1.33717,18.4801,42.1636,0.456014,319816,0,53,8.65395,10.2901,1
2304,1811939328,3518.55,0.0760283,1.49678,22.8727,60.8866,0.417819,319947,0,53,8.65395,10.2901,1
2305,1812725760,3520.22,0.0766754,1.5496,30.4301,60.1073,0.352235,320077,0,53,8.65395,10.2901,1
2306,1813512192,3521.89,0.0774544,1.47681,18.4578,39.9943,0.422251,320225,0,53,8.65396,10.2901,1
2307,1814298624,3523.56,0.075817,1.53191,19.956,58.0707,0.483899,320371,0,53,8.65396,10.2901,1
2308,1815085056,3525.24,0.0748569,1.77864,17.0154,41.0263,0.513133,320513,0,53,8.65395,10.2901,1
2309,1815871488,3526.91,0.0726509,1.22778,15.6978,32.5482,0.500328,320635,0,53,8.65394,10.2901,1
2310,1816657920,3528.59,0.0746116,1.53312,18.0157,56.6586,0.479604,320779,0,53,8.65395,10.2901,1
2311,1817444352,3530.26,0.0745847,1.49941,19.4472,39.6681,0.506739,320934,0,53,8.65396,10.2901,1
2312,1818230784,3531.93,0.0737235,1.67788,18.9157,34.6918,0.481155,321071,0,53,8.65395,10.2901,1
2313,1819017216,3533.59,0.0734765,1.4115,17.8879,37.803,0.520507,321241,0,53,8.65397,10.2901,1
2314,1819803648,3535.29,0.0736765,1.29405,19.4201,45.6041,0.435521,321380,0,53,8.65395,10.2901,1
2315,1820590080,3536.97,0.0723948,1.22121,19.8815,36.6749,0.415969,321518,0,53,8.65395,10.2901,1
2316,1821376512,3538.65,0.0713608,1.1555,16.0723,41.5742,0.480583,321653,0,53,8.65395,10.2901,1
2317,1822162944,3540.34,0.0728198,1.40653,13.777,26.1468,0.566665,321790,0,53,8.65395,10.2901,1
2318,1822949376,3542.04,0.0737443,1.47895,18.1283,45.8625,0.49427,321944,0,53,8.65396,10.2901,1
2319,1823735808,3543.74,0.0731459,1.33242,15.3119,29.8625,0.505011,322080,0,53,8.65395,10.2901,1
2320,1824522240,3545.41,0.0719157,1.27925,14.5795,27.9504,0.521554,322205,0,53,8.65395,10.2901,1
2321,1825308672,3547.08,0.0734819,1.40287,15.0468,40.6772,0.521459,322350,0,53,8.65395,10.2901,1
2322,1826095104,3548.76,0.0727949,1.20971,17.4798,47.0787,0.470583,322475,0,53,8.65395,10.2901,1
2323,1826881536,3550.44,0.0729657,1.26054,14.0029,34.1959,0.53792,322613,0,53,8.65395,10.2901,1
2324,1827667968,3552.12,0.0732465,1.30385,14.3737,34.0393,0.494826,322755,0,53,8.65395,10.2901,1
2325,1828454400,3553.79,0.073708,1.14692,13.2352,27.4848,0.499595,322886,0,53,8.65395,10.2901,1
2326,1829240832,3555.47,0.0750213,1.48391,16.4569,37.2715,0.578845,323038,0,53,8.65396,10.2901,1
2327,1830027264,3557.14,0.0724448,1.26502,15.1332,27.9816,0.539605,323159,0,53,8.65394,10.2901,1
2328,1830813696,3558.81,0.0717697,1.33624,15.7539,30.7477,0.48108,323280,0,53,8.65394,10.2901,1
2329,1831600128,3560.48,0.0713865,1.39092,18.6095,43.3262,0.486448,323406,0,53,8.65395,10.2901,1
2330,1832386560,3562.14,0.0699394,1.18825,16.1517,28.5563,0.484728,323559,0,53,8.65396,10.2901,1
2331,1833172992,3563.8,0.0726916,1.26269,13.2832,27.6753,0.608743,323709,0,53,8.65396,10.2901,1
2332,1833959424,3565.47,0.0726969,1.45413,16.3711,31.4376,0.50215,323866,0,53,8.65396,10.2901,1
2333,1834745856,3567.13,0.0738899,1.52474,13.991,30.3531,0.605342,324015,0,53,8.65396,10.2901,1
2334,1835532288,3568.79,0.0735523,1.20688,14.2855,35.3977,0.557728,324166,0,53,8.65396,10.2901,1
2335,1836318720,3570.45,0.0728367,1.50452,14.6905,27.4498,0.549142,324308,0,53,8.65396,10.2901,1
2336,1837105152,3572.12,0.0712869,1.56366,18.7496,35.4125,0.505362,324448,0,53,8.65395,10.2901,1
2337,1837891584,3573.78,0.0698408,1.41546,17.4993,44.1884,0.518121,324569,0,53,8.65394,10.2901,1
2338,1838678016,3575.42,0.0711013,1.28712,14.5671,33.2851,0.591348,324712,0,53,8.65395,10.2901,1
2339,1839464448,3577.06,0.0729827,1.32141,14.012,23.868,0.526554,324847,0,53,8.65395,10.2901,1
2340,1840250880,3578.71,0.0727868,1.42692,15.9643,30.3822,0.554003,324984,0,53,8.65395,10.2901,1
2341,1841037312,3580.36,0.0733736,1.49698,18.3432,33.5734,0.463543,325124,0,53,8.65396,10.2901,1
2342,1841823744,3582.02,0.0723961,1.30894,13.1022,28.4301,0.581821,325275,0,53,8.65396,10.2901,1
2343,1842610176,3583.67,0.0710404,1.4097,14.6745,28.2067,0.56989,325409,0,53,8.65395,10.2901,1
2344,1843396608,3585.32,0.071533,1.13584,14.0766,29.8486,0.569075,325552,0,53,8.65396,10.2901,1
2345,1844183040,3586.97,0.0710882,1.37596,14.7897,26.4995,0.553314,325668,0,53,8.65394,10.2901,1
2346,1844969472,3588.61,0.0718701,1.24359,15.1364,30.997,0.536815,325814,0,53,8.65395,10.2901,1
2347,1845755904,3590.23,0.069841,1.25927,13.7669,25.4047,0.552858,325956,0,53,8.65395,10.2901,1
2348,1846542336,3591.88,0.0726388,1.30219,15.2365,30.52,0.508041,326081,0,53,8.65395,10.2901,1
2349,1847328768,3593.53,0.0714603,1.23665,13.0811,22.8878,0.582095,326212,0,53,8.65395,10.2901,1
2350,1848115200,3595.16,0.0728127,1.49736,14.9161,28.8383,0.591266,326359,0,53,8.65396,10.2901,1
2351,1848901632,3596.78,0.0717766,1.41807,15.9505,29.6422,0.513034,326484,0,53,8.65394,10.2901,1
2352,1849688064,3598.41,0.0714814,1.39081,20.295,51.6884,0.447771,326610,0,53,8.65395,10.2901,1
2353,1850474496,3600.03,0.0713901,1.25604,14.5615,37.0939,0.53714,326753,0,53,8.65396,10.2901,1
2354,1851260928,3601.66,0.0707006,1.20177,15.221,40.9033,0.554479,326903,0,53,8.65396,10.2901,1
2355,1852047360,3603.28,0.0717437,1.32065,15.27,41.722,0.53097,327030,0,53,8.65395,10.2901,1
2356,1852833792,3604.91,0.0707667,1.51386,17.9797,43.3649,0.51555,327163,0,53,8.65395,10.2901,1
2357,1853620224,3606.55,0.0725106,1.37795,17.1933,36.1162,0.453111,327294,0,53,8.65395,10.2901,1
2358,1854406656,3608.18,0.0713256,1.2808,19.0739,54.2919,0.461477,327446,0,53,8.65396,10.2901,1
2359,1855193088,3609.81,0.0718886,1.35207,18.3677,37.4496,0.447779,327572,0,53,8.65395,10.2901,1
2360,1855979520,3611.44,0.0740913,1.33454,17.2747,32.8741,0.454101,327741,0,53,8.65397,10.2901,1
2361,1856765952,3613.07,0.0724851,1.6708,15.1574,31.3285,0.538564,327876,0,53,8.65395,10.2901,1
2362,1857552384,3614.69,0.0733894,1.68078,16.1678,31.0198,0.469467,328023,0,53,8.65396,10.2901,1
2363,1858338816,3616.32,0.0714266,1.25483,15.8173,32.6747,0.496607,328162,0,53,8.65395,10.2901,1
2364,1859125248,3617.96,0.0732738,1.58676,14.255,23.9063,0.547229,328301,0,53,8.65395,10.2901,1
2365,1859911680,3619.57,0.0714639,1.58657,15.5924,29.7326,0.499276,328442,0,53,8.65395,10.2901,1
2366,1860698112,3621.18,0.0706333,1.10323,13.8572,24.9827,0.547355,328577,0,53,8.65395,10.2901,1
2367,1861484544,3622.79,0.0728363,1.81847,16.4618,27.8164,0.500688,328707,0,53,8.65395,10.2901,1
2368,1862270976,3624.41,0.0718465,1.48479,19.0194,40.6234,0.524619,328850,0,53,8.65396,10.2901,1
2369,1863057408,3626.03,0.0709095,1.34006,15.6525,31.2056,0.461956,328982,0,53,8.65395,10.2901,1
2370,1863843840,3627.67,0.0707988,1.15999,14.1093,27.3896,0.527898,329121,0,53,8.65395,10.2901,1
2371,1864630272,3629.34,0.0709224,1.24787,18.97,36.6374,0.413322,329255,0,53,8.65395,10.2901,1
2372,1865416704,3631,0.0694661,1.36344,14.2611,35.6587,0.496649,329390,0,53,8.65395,10.2901,1
2373,1866203136,3632.66,0.0702638,1.52351,13.7373,33.1833,0.591175,329531,0,53,8.65395,10.2901,1
2374,1866989568,3634.31,0.0692343,1.49762,16.9571,34.8362,0.508688,329652,0,53,8.65395,10.2901,1
2375,1867776000,3635.97,0.0691653,1.36524,14.7717,33.2884,0.49487,329777,0,53,8.65395,10.2901,1
2376,1868562432,3637.62,0.0683406,1.53974,15.9242,29.9073,0.48429,329898,0,53,8.65394,10.2901,1
2377,1869348864,3639.28,0.0698233,1.60334,15.3719,36.3812,0.528293,330073,0,53,8.65397,10.2901,1
2378,1870135296,3640.93,0.0706894,1.23197,16.0654,36.2963,0.506055,330224,0,53,8.65396,10.2901,1
2379,1870921728,3642.59,0.0700004,1.20949,14.8876,33.5098,0.50371,330382,0,53,8.65396,10.2901,1
2380,1871708160,3644.25,0.0689716,1.29955,15.1353,27.5039,0.50425,330540,0,53,8.65396,10.2901,1
2381,1872494592,3645.91,0.0690714,1.29787,17.5886,42.3607,0.471075,330683,0,53,8.65396,10.2901,1
2382,1873281024,3647.57,0.0686116,1.36876,14.4983,28.3754,0.561992,330826,0,53,8.65395,10.2901,1
2383,1874067456,3649.23,0.0687914,1.43977,16.5729,40.5815,0.473551,330968,0,53,8.65395,10.2901,1
2384,1874853888,3650.9,0.0671105,1.11727,13.0645,20.7753,0.579245,331094,0,53,8.65395,10.2901,1
2385,1875640320,3652.57,0.0682792,1.30209,15.5475,29.4024,0.477252,331239,0,53,8.65396,10.2901,1
2386,1876426752,3654.22,0.068035,1.37462,17.2363,44.6905,0.5297,331371,0,53,8.65395,10.2901,1
2387,1877213184,3655.89,0.068658,1.25965,16.3623,32.8107,0.478331,331504,0,53,8.65395,10.2901,1
2388,1877999616,3657.54,0.0689418,1.2537,15.4449,32.0829,0.471958,331646,0,53,8.65396,10.2901,1
2389,1878786048,3659.2,0.0707018,1.23517,16.4982,33.2859,0.468315,331795,0,53,8.65396,10.2901,1
2390,1879572480,3660.86,0.0685856,1.23076,17.1054,34.421,0.445132,331934,0,53,8.65395,10.2901,1
2391,1880358912,3662.52,0.0698655,1.23626,18.063,33.4849,0.459743,332076,0,53,8.65396,10.2901,1
2392,1881145344,3664.17,0.0679014,1.48935,15.7735,29.4883,0.516371,332193,0,53,8.65394,10.2901,1
2393,1881931776,3665.82,0.0690448,1.30668,16.6533,36.2848,0.494849,332328,0,53,8.65395,10.2901,1
2394,1882718208,3667.48,0.0694557,1.27899,20.5474,47.8468,0.405405,332457,0,53,8.65395,10.2901,1
2395,1883504640,3669.13,0.0696332,1.50036,16.8078,42.5562,0.472964,332580,0,53,8.65394,10.2901,1
2396,1884291072,3670.79,0.0687278,1.43834,18.982,41.2048,0.444234,332713,0,53,8.65395,10.2901,1
2397,1885077504,3672.44,0.0712762,1.42553,15.7765,33.585,0.507073,332861,0,53,8.65396,10.2901,1
2398,1885863936,3674.1,0.0718543,1.27205,15.8909,30.7348,0.463299,332992,0,53,8.65395,10.2901,1
2399,1886650368,3675.76,0.0694059,1.41702,16.7126,26.4788,0.489453,333124,0,53,8.65395,10.2901,1
2400,1887436800,3677.42,0.0721915,1.56031,16.4136,35.0045,0.505456,333276,0,53,8.65396,10.2901,1
2401,1888223232,3679.09,0.0693727,1.13084,14.3523,25.3178,0.519302,333419,0,53,8.65395,10.2901,1
2402,1889009664,3680.76,0.0699877,1.42175,15.9659,37.8841,0.493843,333548,0,53,8.65395,10.2901,1
2403,1889796096,3682.42,0.0710772,1.44772,14.7639,25.1261,0.528474,333698,0,53,8.65396,10.2901,1
2404,1890582528,3684.09,0.070583,1.31271,13.0348,22.8966,0.552084,333838,0,53,8.65395,10.2901,1
2405,1891368960,3685.75,0.0691225,1.44812,13.9982,27.9301,0.568314,333987,0,53,8.65396,10.2901,1
2406,1892155392,3687.42,0.0696784,1.6649,19.5962,39.5035,0.521753,334124,0,53,8.65395,10.2901,1
2407,1892941824,3689.06,0.0708228,1.38226,19.0285,40.0813,0.45941,334295,0,53,8.65397,10.2901,1
2408,1893728256,3690.71,0.0704802,1.35106,14.939,25.964,0.511592,334430,0,53,8.65395,10.2901,1
2409,1894514688,3692.35,0.0715578,1.28324,16.0593,29.6922,0.484555,334586,0,53,8.65396,10.2901,1
2410,1895301120,3693.99,0.0718501,1.45378,16.4269,45.0195,0.567684,334733,0,53,8.65396,10.2901,1
2411,1896087552,3695.64,0.0726758,1.54944,18.4956,38.7106,0.50419,334879,0,53,8.65395,10.2901,1
2412,1896873984,3697.27,0.0728646,1.40641,14.8472,26.0655,0.554835,335018,0,53,8.65395,10.2901,1
2413,1897660416,3698.89,0.0739496,1.27303,14.8921,24.0138,0.572243,335164,0,53,8.65396,10.2901,1
2414,1898446848,3700.51,0.0724352,1.39413,16.528,30.5549,0.571527,335295,0,53,8.65395,10.2901,1
2415,1899233280,3702.12,0.0729478,1.40232,17.2322,44.9811,0.457673,335441,0,53,8.65395,10.2901,1
2416,1900019712,3703.74,0.0730324,1.42358,15.2603,29.4487,0.515997,335576,0,53,8.65395,10.2901,1
2417,1900806144,3705.34,0.0734242,1.64053,22.3391,59.9158,0.436757,335707,0,53,8.65395,10.2901,1
2418,1901592576,3706.94,0.0732271,1.33867,16.5396,30.0534,0.462048,335843,0,53,8.65395,10.2901,1
2419,1902379008,3708.54,0.0718122,1.33217,13.7007,24.6771,0.571267,335984,0,53,8.65396,10.2901,1
2420,1903165440,3710.15,0.0734129,1.4175,15.182,30.327,0.520212,336135,0,53,8.65396,10.2901,1
2421,1903951872,3711.77,0.0732959,1.37389,20.7806,37.0409,0.403598,336273,0,53,8.65395,10.2901,1
2422,1904738304,3713.39,0.0715751,1.2771,15.6218,34.3196,0.47201,336388,0,53,8.65394,10.2901,1
2423,1905524736,3715.01,0.0707572,1.44329,23.8344,60.3965,0.425834,336507,0,53,8.65394,10.2901,1
2424,1906311168,3716.64,0.0729922,1.44241,21.9431,53.6577,0.476839,336686,0,53,8.65397,10.2901,1
2425,1907097600,3718.25,0.0722264,1.33522,19.6313,39.6771,0.428439,336832,0,53,8.65396,10.2901,1
2426,1907884032,3719.85,0.074027,1.41049,20.9022,62.016,0.403985,336987,0,53,8.65396,10.2901,1
2427,1908670464,3721.48,0.0724818,1.44773,15.1393,29.6641,0.490367,337133,0,53,8.65396,10.2901,1
2428,1909456896,3723.11,0.0713705,1.54234,15.125,31.638,0.551183,337264,0,53,8.65395,10.2901,1
2429,1910243328,3724.75,0.071917,1.58708,18.8328,34.545,0.485216,337418,0,53,8.65396,10.2901,1
2430,1911029760,3726.39,0.0712473,1.33414,15.9664,27.4032,0.522044,337562,0,53,8.65396,10.2901,1
2431,1911816192,3728.02,0.0704229,1.35405,16.7286,43.6031,0.535458,337690,0,53,8.65394,10.2901,1
2432,1912602624,3729.63,0.0705483,1.2669,16.4947,34.1892,0.465998,337830,0,53,8.65395,10.2901,1
2433,1913389056,3731.25,0.0708445,1.30811,15.1585,29.8115,0.52211,337953,0,53,8.65395,10.2901,1
2434,1914175488,3732.87,0.0721243,1.35613,16.5706,28.0638,0.467251,338088,0,53,8.65395,10.2901,1
2435,1914961920,3734.49,0.0713258,1.21644,25.6971,54.3128,0.352372,338228,0,53,8.65395,10.2901,1
2436,1915748352,3736.1,0.0723642,1.29674,19.6313,41.973,0.465732,338364,0,53,8.65395,10.2901,1
2437,1916534784,3737.72,0.0717639,1.34532,16.6719,37.5203,0.503386,338506,0,53,8.65395,10.2901,1
2438,1917321216,3739.34,0.068922,1.2147,18.6934,45.1281,0.41245,338640,0,53,8.65395,10.2901,1
2439,1918107648,3740.96,0.0692853,1.18717,15.5507,31.0103,0.472022,338766,0,53,8.65395,10.2901,1
2440,1918894080,3742.57,0.0691009,1.51811,18.6615,40.1442,0.430272,338912,0,53,8.65395,10.2901,1
2441,1919680512,3744.18,0.0684223,1.43379,15.6489,34.6682,0.513887,339032,0,53,8.65394,10.2901,1
2442,1920466944,3745.8,0.0681732,1.2795,16.9358,31.3687,0.464406,339150,0,53,8.65394,10.2901,1
