64 1 255 1 255 1 255 1 255 1 255 1 255 1 255 1 255 1 255 1 255 1 255 1 255 1 255 1 255 1 255 1 255 1 255 1 255 1 255 1 0 1 0 1 0 1 0 1 255 1 255 1 255 1 255 1 255 1 255 1 255 1 255 1 255 1 255 1 255 1 255 1 255 1 255 1 255 1 255 1 255 1 255 1 255 1 255 1 255 1 255 1 255 1 255 1 255 1 255 1 255 1 255 1 255 1 255 1 255 1 255 1 255 1 255 1 255 1 255 1 255 1 255 1 255 1 255 1 255 1 255 1 255 1 255 1 255 1 255 1 0 1 0 1 255 1 255 1 255 1 255 1 255 1 0 1 0 1 0 1 0 1
64 1 255 1 255 1 255 1 255 1 255 1 255 1 255 1 255 1 255 1 255 1 255 1 255 1 255 1 255 1 255 1 255 1 255 1 255 1 255 1 0 1 0 1 0 1 255 1 255 1 255 1 255 1 255 1 255 1 255 1 255 1 255 1 255 1 255 1 255 1 255 1 255 1 255 1 255 1 255 1 255 1 255 1 255 1 255 1 255 1 255 1 255 1 255 1 255 1 255 1 255 1 255 1 255 1 255 1 255 1 255 1 255 1 255 1 255 1 255 1 255 1 255 1 255 1 255 1 255 1 255 1 255 1 0 1 255 1 255 1 0 1 0 1 255 1 255 1 255 1 255 1 255 1 0 1 0 1 0 1 0 1
64 1 255 1 255 1 255 1 255 1 255 1 255 1 255 1 255 1 255 1 255 1 255 1 255 1 255 1 255 1 255 1 255 1 255 1 255 1 255 1 255 1 255 1 255 1 255 1 255 1 255 1 255 1 255 1 255 1 255 1 255 1 255 1 255 1 255 1 255 1 255 1 255 1 255 1 255 1 255 1 255 1 255 1 255 1 255 1 255 1 255 1 255 1 255 1 255 1 255 1 255 1 255 1 255 1 255 1 255 1 255 1 255 1 255 1 255 1 255 1 255 1 255 1 255 1 255 1 255 1 255 1 0 1 0 1 0 1 0 1 0 1 0 1 0 1 0 1 0 1 0 1 0 1 0 1 0 1 0 1 0 1
64 1 255 1 255 1 255 1 255 1 255 1 255 1 255 1 255 1 255 1 255 1 255 1 255 1 255 1 255 1 255 1 255 1 255 1 255 1 255 1 255 1 255 1 255 1 255 1 255 1 255 1 255 1 255 1 255 1 255 1 255 1 255 1 255 1 255 1 255 1 255 1 255 1 255 1 255 1 255 1 255 1 255 1 255 1 255 1 255 1 255 1 255 1 255 1 255 1 255 1 255 1 255 1 255 1 255 1 255 1 255 1 255 1 255 1 255 1 255 1 255 1 255 1 255 1 255 1 255 1 255 1 3 1 0 1 0 1 0 1 0 1 0 1 0 1 0 1 0 1 0 1 0 1 0 1 0 1 0 1 0 1
64 1 255 1 255 1 255 1 255 1 255 1 255 1 255 1 255 1 255 1 255 1 255 1 255 1 255 1 255 1 255 1 255 1 255 1 255 1 255 1 255 1 255 1 255 1 255 1 255 1 255 1 255 1 255 1 255 1 255 1 255 1 255 1 255 1 255 1 255 1 255 1 255 1 255 1 255 1 255 1 255 1 255 1 255 1 255 1 255 1 255 1 255 1 255 1 255 1 255 1 255 1 255 1 255 1 255 1 255 1 255 1 255 1 255 1 255 1 255 1 255 1 255 1 255 1 255 1 255 1 255 1 3 1 0 1 0 1 0 1 0 1 0 1 0 1 0 1 0 1 0 1 0 1 0 1 0 1 0 1 0 1
64 1 255 1 255 1 255 1 255 1 255 1 255 1 255 1 255 1 255 1 255 1 255 1 255 1 255 1 255 1 255 1 255 1 255 1 255 1 255 1 255 1 255 1 255 1 255 1 255 1 255 1 255 1 255 1 255 1 255 1 255 1 255 1 255 1 255 1 255 1 255 1 255 1 255 1 255 1 255 1 255 1 255 1 255 1 255 1 255 1 255 1 255 1 255 1 255 1 255 1 255 1 255 1 255 1 255 1 255 1 255 1 255 1 255 1 255 1 255 1 255 1 255 1 255 1 255 1 255 1 255 1 255 1 0 1 0 1 0 1 0 1 0 1 0 1 0 1 0 1 0 1 0 1 0 1 0 1 0 1 0 1
64 1 255 1 255 1 255 1 255 1 255 1 255 1 255 1 255 1 255 1 255 1 255 1 255 1 255 1 255 1 255 1 255 1 255 1 255 1 255 1 255 1 255 1 255 1 255 1 255 1 255 1 255 1 255 1 255 1 255 1 255 1 255 1 255 1 255 1 255 1 255 1 255 1 255 1 255 1 255 1 255 1 255 1 255 1 255 1 255 1 255 1 255 1 255 1 255 1 255 1 255 1 255 1 255 1 255 1 255 1 255 1 255 1 255 1 255 1 255 1 255 1 255 1 255 1 255 1 255 1 255 1 255 1 0 1 0 1 0 1 0 1 0 1 0 1 0 1 0 1 0 1 0 1 0 1 0 1 0 1 0 1
64 1 255 1 255 1 255 1 255 1 255 1 255 1 255 1 255 1 255 1 255 1 255 1 255 1 255 1 255 1 255 1 255 1 255 1 255 1 255 1 255 1 255 1 255 1 255 1 255 1 255 1 255 1 255 1 255 1 255 1 255 1 255 1 255 1 255 1 255 1 255 1 255 1 255 1 255 1 255 1 255 1 255 1 255 1 255 1 255 1 255 1 255 1 255 1 255 1 255 1 255 1 255 1 255 1 255 1 255 1 255 1 255 1 255 1 255 1 255 1 255 1 255 1 255 1 255 1 255 1 255 1 3 1 3 1 0 1 0 1 0 1 0 1 0 1 0 1 0 1 0 1 0 1 0 1 0 1 0 1 0 1
64 1 255 1 255 1 255 1 255 1 255 1 255 1 255 1 255 1 255 1 0 1 0 1 0 1 255 1 255 1 255 1 255 1 255 1 255 1 255 1 255 1 255 1 255 1 255 1 255 1 255 1 255 1 255 1 255 1 255 1 255 1 255 1 255 1 255 1 255 1 255 1 255 1 255 1 255 1 255 1 255 1 255 1 255 1 255 1 255 1 255 1 255 1 255 1 255 1 255 1 255 1 255 1 255 1 255 1 255 1 255 1 255 1 255 1 255 1 255 1 255 1 255 1 255 1 255 1 255 1 3 1 3 1 3 1 0 1 0 1 0 1 0 1 0 1 0 1 0 1 0 1 0 1 0 1 0 1 0 1 0 1
64 1 255 1 255 1 255 1 255 1 255 1 255 1 255 1 255 1 255 1 0 1 0 1 0 1 255 1 255 1 255 1 255 1 255 1 255 1 255 1 255 1 255 1 255 1 255 1 255 1 255 1 255 1 255 1 255 1 255 1 255 1 255 1 255 1 255 1 255 1 255 1 255 1 255 1 255 1 255 1 255 1 255 1 255 1 255 1 255 1 255 1 255 1 255 1 255 1 255 1 255 1 255 1 255 1 255 1 255 1 255 1 255 1 255 1 255 1 255 1 255 1 255 1 255 1 255 1 255 1 3 1 3 1 0 1 0 1 0 1 0 1 0 1 0 1 0 1 0 1 0 1 0 1 0 1 0 1 0 1 0 1
64 1 255 1 255 1 255 1 255 1 255 1 255 1 255 1 255 1 255 1 0 1 0 1 0 1 255 1 255 1 255 1 255 1 255 1 255 1 255 1 255 1 255 1 255 1 255 1 255 1 255 1 255 1 255 1 255 1 255 1 255 1 255 1 255 1 255 1 255 1 255 1 255 1 255 1 255 1 255 1 255 1 255 1 255 1 255 1 255 1 255 1 255 1 255 1 255 1 255 1 255 1 255 1 255 1 255 1 255 1 255 1 255 1 255 1 255 1 255 1 255 1 255 1 255 1 255 1 255 1 3 1 0 1 0 1 0 1 0 1 0 1 0 1 0 1 0 1 0 1 0 1 0 1 0 1 0 1 0 1 0 1
64 1 255 1 255 1 255 1 255 1 255 1 255 1 255 1 255 1 0 1 255 1 255 1 255 1 255 1 255 1 255 1 255 1 255 1 255 1 255 1 255 1 255 1 255 1 255 1 255 1 255 1 255 1 255 1 255 1 255 1 255 1 255 1 255 1 0 1 0 1 0 1 255 1 255 1 255 1 255 1 255 1 255 1 255 1 255 1 255 1 255 1 255 1 255 1 255 1 255 1 255 1 255 1 255 1 255 1 255 1 255 1 255 1 255 1 255 1 255 1 255 1 255 1 255 1 255 1 255 1 3 1 0 1 0 1 0 1 0 1 0 1 0 1 0 1 0 1 0 1 0 1 0 1 0 1 0 1 0 1 0 1
64 1 255 1 255 1 255 1 255 1 255 1 255 1 255 1 0 1 0 1 0 1 255 1 255 1 255 1 255 1 255 1 255 1 255 1 255 1 255 1 255 1 255 1 255 1 255 1 255 1 255 1 255 1 255 1 255 1 255 1 255 1 255 1 255 1 0 1 0 1 0 1 255 1 255 1 255 1 255 1 255 1 255 1 255 1 255 1 255 1 255 1 255 1 255 1 255 1 255 1 255 1 255 1 255 1 255 1 255 1 255 1 255 1 255 1 255 1 255 1 255 1 255 1 255 1 255 1 255 1 0 1 0 1 0 1 0 1 0 1 0 1 0 1 0 1 0 1 0 1 0 1 0 1 0 1 0 1 0 1 0 1
64 1 255 1 255 1 255 1 255 1 255 1 255 1 255 1 0 1 0 1 0 1 255 1 255 1 255 1 255 1 255 1 255 1 255 1 255 1 255 1 255 1 255 1 255 1 255 1 255 1 255 1 255 1 255 1 255 1 255 1 255 1 255 1 255 1 255 1 0 1 255 1 255 1 255 1 255 1 255 1 255 1 255 1 255 1 255 1 255 1 255 1 255 1 255 1 255 1 255 1 255 1 255 1 255 1 255 1 255 1 255 1 255 1 255 1 255 1 255 1 255 1 255 1 255 1 255 1 255 1 0 1 0 1 0 1 0 1 0 1 0 1 0 1 0 1 0 1 0 1 0 1 0 1 0 1 0 1 0 1 0 1
64 1 255 1 255 1 255 1 255 1 255 1 255 1 255 1 0 1 0 1 0 1 255 1 255 1 255 1 255 1 255 1 255 1 255 1 255 1 255 1 255 1 255 1 255 1 255 1 255 1 255 1 255 1 255 1 255 1 255 1 255 1 255 1 255 1 255 1 255 1 255 1 255 1 255 1 255 1 255 1 255 1 255 1 255 1 255 1 255 1 255 1 255 1 255 1 255 1 255 1 255 1 255 1 255 1 255 1 255 1 255 1 255 1 255 1 255 1 255 1 255 1 255 1 255 1 255 1 0 1 0 1 0 1 0 1 0 1 0 1 0 1 0 1 0 1 0 1 0 1 0 1 0 1 0 1 0 1 0 1 0 1
64 1 255 1 255 1 255 1 255 1 255 1 255 1 255 1 0 1 0 1 0 1 255 1 255 1 255 1 255 1 255 1 255 1 255 1 255 1 255 1 255 1 255 1 255 1 255 1 255 1 255 1 255 1 255 1 255 1 255 1 255 1 255 1 255 1 255 1 255 1 255 1 255 1 255 1 255 1 255 1 255 1 255 1 255 1 255 1 255 1 255 1 255 1 255 1 255 1 255 1 255 1 255 1 255 1 255 1 255 1 255 1 255 1 255 1 255 1 255 1 255 1 255 1 255 1 255 1 0 1 0 1 0 1 0 1 0 1 0 1 0 1 0 1 0 1 0 1 0 1 0 1 0 1 0 1 0 1 0 1 0 1
64 1 255 1 255 1 255 1 255 1 255 1 255 1 255 1 255 1 255 1 255 1 255 1 255 1 255 1 255 1 255 1 255 1 255 1 255 1 0 1 0 1 0 1 0 1 0 1 255 1 255 1 255 1 255 1 255 1 255 1 255 1 255 1 255 1 255 1 255 1 255 1 255 1 255 1 255 1 255 1 255 1 255 1 255 1 255 1 255 1 255 1 255 1 255 1 255 1 255 1 255 1 255 1 255 1 255 1 255 1 255 1 255 1 255 1 255 1 255 1 255 1 255 1 255 1 255 1 255 1 255 1 255 1 255 1 255 1 255 1 0 1 0 1 255 1 255 1 255 1 255 1 255 1 0 1 0 1 0 1 0 1
64 1 255 1 255 1 255 1 255 1 255 1 255 1 255 1 255 1 255 1 255 1 255 1 255 1 255 1 255 1 255 1 255 1 255 1 255 1 0 1 0 1 0 1 0 1 255 1 255 1 255 1 255 1 255 1 255 1 255 1 255 1 255 1 255 1 255 1 255 1 255 1 255 1 255 1 255 1 255 1 255 1 255 1 255 1 255 1 255 1 255 1 255 1 255 1 255 1 255 1 255 1 255 1 255 1 255 1 255 1 255 1 255 1 255 1 255 1 255 1 255 1 255 1 255 1 255 1 255 1 255 1 255 1 255 1 255 1 255 1 0 1 0 1 255 1 255 1 255 1 255 1 255 1 0 1 0 1 0 1 0 1
64 1 255 1 255 1 255 1 255 1 255 1 255 1 255 1 255 1 255 1 255 1 255 1 255 1 255 1 255 1 255 1 255 1 255 1 255 1 255 1 0 1 0 1 0 1 255 1 255 1 255 1 255 1 255 1 255 1 255 1 255 1 255 1 255 1 255 1 255 1 255 1 255 1 255 1 255 1 255 1 255 1 255 1 255 1 255 1 255 1 255 1 255 1 255 1 255 1 255 1 255 1 255 1 255 1 255 1 255 1 255 1 255 1 255 1 255 1 255 1 255 1 255 1 255 1 255 1 255 1 255 1 0 1 0 1 0 1 0 1 0 1 0 1 0 1 0 1 0 1 0 1 0 1 0 1 0 1 0 1 0 1
64 1 255 1 255 1 255 1 255 1 255 1 255 1 255 1 255 1 255 1 255 1 255 1 255 1 255 1 255 1 255 1 255 1 255 1 255 1 255 1 0 1 0 1 0 1 255 1 255 1 255 1 255 1 255 1 255 1 255 1 255 1 255 1 255 1 255 1 255 1 255 1 255 1 255 1 255 1 255 1 255 1 255 1 255 1 255 1 255 1 255 1 255 1 255 1 255 1 255 1 255 1 255 1 255 1 255 1 255 1 255 1 255 1 255 1 255 1 255 1 255 1 255 1 255 1 255 1 255 1 255 1 3 1 3 1 0 1 0 1 0 1 0 1 0 1 0 1 0 1 0 1 0 1 0 1 0 1 0 1 0 1
64 1 255 1 255 1 255 1 255 1 255 1 255 1 255 1 255 1 255 1 255 1 255 1 255 1 255 1 255 1 255 1 255 1 255 1 255 1 255 1 0 1 0 1 0 1 255 1 255 1 255 1 255 1 255 1 255 1 255 1 255 1 255 1 255 1 255 1 255 1 255 1 255 1 255 1 255 1 255 1 255 1 255 1 255 1 255 1 255 1 255 1 255 1 255 1 255 1 255 1 255 1 255 1 255 1 255 1 255 1 255 1 255 1 255 1 255 1 255 1 255 1 255 1 255 1 255 1 255 1 255 1 3 1 3 1 0 1 0 1 0 1 0 1 0 1 0 1 0 1 0 1 0 1 0 1 0 1 0 1 0 1
64 1 255 1 255 1 255 1 255 1 255 1 255 1 255 1 255 1 255 1 255 1 255 1 255 1 255 1 255 1 255 1 255 1 255 1 255 1 255 1 255 1 0 1 255 1 255 1 255 1 255 1 255 1 255 1 255 1 255 1 255 1 255 1 255 1 255 1 255 1 255 1 255 1 255 1 255 1 255 1 255 1 255 1 255 1 255 1 255 1 255 1 255 1 255 1 255 1 255 1 255 1 255 1 255 1 255 1 255 1 255 1 255 1 255 1 255 1 255 1 255 1 255 1 255 1 255 1 255 1 255 1 255 1 3 1 0 1 0 1 0 1 0 1 0 1 0 1 0 1 0 1 0 1 0 1 0 1 0 1 0 1
64 1 255 1 255 1 255 1 255 1 255 1 255 1 255 1 255 1 255 1 255 1 255 1 255 1 255 1 255 1 255 1 255 1 255 1 255 1 255 1 255 1 255 1 255 1 255 1 255 1 255 1 255 1 255 1 255 1 255 1 255 1 255 1 255 1 255 1 255 1 255 1 255 1 255 1 255 1 255 1 255 1 255 1 255 1 255 1 255 1 255 1 255 1 255 1 255 1 255 1 255 1 255 1 255 1 255 1 255 1 255 1 255 1 255 1 255 1 255 1 255 1 255 1 255 1 255 1 255 1 255 1 255 1 255 1 0 1 0 1 0 1 0 1 0 1 0 1 0 1 0 1 0 1 0 1 0 1 0 1 0 1
64 1 255 1 255 1 255 1 255 1 255 1 255 1 255 1 255 1 255 1 0 1 0 1 255 1 255 1 255 1 255 1 255 1 255 1 255 1 255 1 255 1 255 1 255 1 255 1 255 1 255 1 255 1 255 1 255 1 255 1 255 1 255 1 255 1 255 1 255 1 255 1 255 1 255 1 255 1 255 1 255 1 255 1 255 1 255 1 255 1 255 1 255 1 255 1 255 1 255 1 255 1 255 1 255 1 255 1 255 1 255 1 255 1 255 1 255 1 255 1 255 1 255 1 255 1 255 1 255 1 255 1 255 1 3 1 3 1 0 1 0 1 0 1 0 1 0 1 0 1 0 1 0 1 0 1 0 1 0 1 0 1
64 1 255 1 255 1 255 1 255 1 255 1 255 1 255 1 255 1 255 1 0 1 0 1 0 1 255 1 255 1 255 1 255 1 255 1 255 1 255 1 255 1 255 1 255 1 255 1 255 1 255 1 255 1 255 1 255 1 255 1 255 1 255 1 255 1 255 1 255 1 255 1 255 1 255 1 255 1 255 1 255 1 255 1 255 1 255 1 255 1 255 1 255 1 255 1 255 1 255 1 255 1 255 1 255 1 255 1 255 1 255 1 255 1 255 1 255 1 255 1 255 1 255 1 255 1 255 1 255 1 255 1 255 1 3 1 3 1 0 1 0 1 0 1 0 1 0 1 0 1 0 1 0 1 0 1 0 1 0 1 0 1
64 1 255 1 255 1 255 1 255 1 255 1 255 1 255 1 255 1 255 1 0 1 0 1 0 1 255 1 255 1 255 1 255 1 255 1 255 1 255 1 255 1 255 1 255 1 255 1 255 1 255 1 255 1 255 1 255 1 255 1 255 1 255 1 255 1 255 1 255 1 255 1 255 1 255 1 255 1 255 1 255 1 255 1 255 1 255 1 255 1 255 1 255 1 255 1 255 1 255 1 255 1 255 1 255 1 255 1 255 1 255 1 255 1 255 1 255 1 255 1 255 1 255 1 255 1 255 1 255 1 255 1 3 1 3 1 0 1 0 1 0 1 0 1 0 1 0 1 0 1 0 1 0 1 0 1 0 1 0 1 0 1
64 1 255 1 255 1 255 1 255 1 255 1 255 1 255 1 255 1 255 1 0 1 0 1 255 1 255 1 255 1 255 1 255 1 255 1 255 1 255 1 255 1 255 1 255 1 255 1 255 1 255 1 255 1 255 1 255 1 255 1 255 1 255 1 255 1 255 1 0 1 255 1 255 1 255 1 255 1 255 1 255 1 255 1 255 1 255 1 255 1 255 1 255 1 255 1 255 1 255 1 255 1 255 1 255 1 255 1 255 1 255 1 255 1 255 1 255 1 255 1 255 1 255 1 255 1 255 1 255 1 3 1 3 1 0 1 0 1 0 1 0 1 0 1 0 1 0 1 0 1 0 1 0 1 0 1 0 1 0 1 0 1
64 1 255 1 255 1 255 1 255 1 255 1 255 1 255 1 255 1 255 1 255 1 255 1 255 1 255 1 255 1 255 1 255 1 255 1 255 1 255 1 255 1 255 1 255 1 255 1 255 1 255 1 255 1 255 1 255 1 255 1 255 1 255 1 255 1 0 1 0 1 0 1 255 1 255 1 255 1 255 1 255 1 255 1 255 1 255 1 255 1 255 1 255 1 255 1 255 1 255 1 255 1 255 1 255 1 255 1 255 1 255 1 255 1 255 1 255 1 255 1 255 1 255 1 255 1 255 1 255 1 3 1 0 1 0 1 0 1 0 1 0 1 0 1 0 1 0 1 0 1 0 1 0 1 0 1 0 1 0 1 0 1
64 1 255 1 255 1 255 1 255 1 255 1 255 1 255 1 0 1 0 1 255 1 255 1 255 1 255 1 255 1 255 1 255 1 255 1 255 1 255 1 255 1 255 1 255 1 255 1 255 1 255 1 255 1 255 1 255 1 255 1 255 1 255 1 255 1 0 1 0 1 0 1 255 1 255 1 255 1 255 1 255 1 255 1 255 1 255 1 255 1 255 1 255 1 255 1 255 1 255 1 255 1 255 1 255 1 255 1 255 1 255 1 255 1 255 1 255 1 255 1 255 1 255 1 255 1 255 1 255 1 0 1 0 1 0 1 0 1 0 1 0 1 0 1 0 1 0 1 0 1 0 1 0 1 0 1 0 1 0 1 0 1
64 1 255 1 255 1 255 1 255 1 255 1 255 1 255 1 0 1 0 1 255 1 255 1 255 1 255 1 255 1 255 1 255 1 255 1 255 1 255 1 255 1 255 1 255 1 255 1 255 1 255 1 255 1 255 1 255 1 255 1 255 1 255 1 255 1 255 1 0 1 255 1 255 1 255 1 255 1 255 1 255 1 255 1 255 1 255 1 255 1 255 1 255 1 255 1 255 1 255 1 255 1 255 1 255 1 255 1 255 1 255 1 255 1 255 1 255 1 255 1 255 1 255 1 255 1 255 1 255 1 0 1 0 1 0 1 0 1 0 1 0 1 0 1 0 1 0 1 0 1 0 1 0 1 0 1 0 1 0 1 0 1
64 1 255 1 255 1 255 1 255 1 255 1 255 1 255 1 255 1 255 1 255 1 255 1 255 1 255 1 255 1 255 1 255 1 255 1 255 1 255 1 255 1 255 1 255 1 255 1 255 1 255 1 255 1 255 1 255 1 255 1 255 1 255 1 255 1 255 1 255 1 255 1 255 1 255 1 255 1 255 1 255 1 255 1 255 1 255 1 255 1 255 1 255 1 255 1 255 1 255 1 255 1 255 1 255 1 255 1 255 1 255 1 255 1 255 1 255 1 255 1 255 1 255 1 255 1 255 1 255 1 0 1 0 1 0 1 0 1 0 1 0 1 0 1 0 1 0 1 0 1 0 1 0 1 0 1 0 1 0 1 0 1
64 1 255 1 255 1 255 1 255 1 255 1 255 1 255 1 255 1 255 1 255 1 255 1 255 1 255 1 255 1 255 1 255 1 255 1 255 1 255 1 255 1 255 1 255 1 255 1 255 1 255 1 255 1 255 1 255 1 255 1 255 1 255 1 255 1 255 1 255 1 255 1 255 1 255 1 255 1 255 1 255 1 255 1 255 1 255 1 255 1 255 1 255 1 255 1 255 1 255 1 255 1 255 1 255 1 255 1 255 1 255 1 255 1 255 1 255 1 255 1 255 1 255 1 255 1 255 1 255 1 0 1 0 1 0 1 0 1 0 1 0 1 0 1 0 1 0 1 0 1 0 1 0 1 0 1 0 1 0 1 0 1
64 1 255 1 255 1 255 1 255 1 255 1 255 1 255 1 255 1 255 1 255 1 255 1 255 1 255 1 255 1 255 1 255 1 255 1 0 1 0 1 0 1 0 1 0 1 255 1 255 1 255 1 255 1 255 1 255 1 255 1 255 1 255 1 255 1 255 1 255 1 255 1 255 1 255 1 255 1 255 1 255 1 255 1 255 1 255 1 255 1 255 1 255 1 255 1 255 1 255 1 255 1 255 1 255 1 255 1 255 1 255 1 255 1 255 1 255 1 255 1 255 1 255 1 255 1 255 1 255 1 255 1 255 1 255 1 255 1 255 1 255 1 0 1 255 1 255 1 255 1 255 1 255 1 0 1 0 1 0 1 0 1
64 1 255 1 255 1 255 1 255 1 255 1 255 1 255 1 255 1 255 1 255 1 255 1 255 1 255 1 255 1 255 1 255 1 255 1 0 1 0 1 0 1 0 1 0 1 255 1 255 1 255 1 255 1 255 1 255 1 255 1 255 1 255 1 255 1 255 1 255 1 255 1 255 1 255 1 255 1 255 1 255 1 255 1 255 1 255 1 255 1 255 1 255 1 255 1 255 1 255 1 255 1 255 1 255 1 255 1 255 1 255 1 255 1 255 1 255 1 255 1 255 1 255 1 255 1 255 1 255 1 255 1 255 1 255 1 255 1 255 1 0 1 0 1 255 1 255 1 255 1 255 1 255 1 0 1 0 1 0 1 0 1
64 1 255 1 255 1 255 1 255 1 255 1 255 1 255 1 255 1 255 1 255 1 255 1 255 1 255 1 255 1 255 1 255 1 255 1 0 1 0 1 0 1 0 1 0 1 255 1 255 1 255 1 255 1 255 1 255 1 255 1 255 1 255 1 255 1 255 1 255 1 255 1 255 1 255 1 255 1 255 1 255 1 255 1 255 1 255 1 255 1 255 1 255 1 255 1 255 1 255 1 255 1 255 1 255 1 255 1 255 1 255 1 255 1 255 1 255 1 255 1 255 1 255 1 255 1 255 1 255 1 255 1 255 1 0 1 0 1 255 1 0 1 0 1 0 1 0 1 0 1 0 1 0 1 0 1 0 1 0 1 0 1
64 1 255 1 255 1 255 1 255 1 255 1 255 1 255 1 255 1 255 1 255 1 255 1 255 1 255 1 255 1 255 1 255 1 255 1 255 1 255 1 0 1 0 1 0 1 0 1 255 1 255 1 255 1 255 1 255 1 255 1 255 1 255 1 255 1 255 1 255 1 255 1 255 1 255 1 255 1 255 1 255 1 255 1 255 1 255 1 255 1 255 1 255 1 255 1 255 1 255 1 255 1 255 1 255 1 255 1 255 1 255 1 255 1 255 1 255 1 255 1 255 1 255 1 255 1 255 1 255 1 255 1 255 1 3 1 0 1 0 1 0 1 0 1 0 1 0 1 0 1 0 1 0 1 0 1 0 1 0 1 0 1
64 1 255 1 255 1 255 1 255 1 255 1 255 1 255 1 255 1 255 1 255 1 255 1 255 1 255 1 255 1 255 1 255 1 255 1 255 1 255 1 0 1 0 1 0 1 0 1 255 1 255 1 255 1 255 1 255 1 255 1 255 1 255 1 255 1 255 1 255 1 255 1 255 1 255 1 255 1 255 1 255 1 255 1 255 1 255 1 255 1 255 1 255 1 255 1 255 1 255 1 255 1 255 1 255 1 255 1 255 1 255 1 255 1 255 1 255 1 255 1 255 1 255 1 255 1 255 1 255 1 255 1 255 1 3 1 0 1 0 1 0 1 0 1 0 1 0 1 0 1 0 1 0 1 0 1 0 1 0 1 0 1
64 1 255 1 255 1 255 1 255 1 255 1 255 1 255 1 255 1 255 1 255 1 255 1 255 1 255 1 255 1 255 1 255 1 255 1 255 1 255 1 0 1 0 1 0 1 255 1 255 1 255 1 255 1 255 1 255 1 255 1 255 1 255 1 255 1 255 1 255 1 255 1 255 1 255 1 255 1 255 1 255 1 255 1 255 1 255 1 255 1 255 1 255 1 255 1 255 1 255 1 255 1 255 1 255 1 255 1 255 1 255 1 255 1 255 1 255 1 255 1 255 1 255 1 255 1 255 1 255 1 255 1 255 1 3 1 0 1 0 1 0 1 0 1 0 1 0 1 0 1 0 1 0 1 0 1 0 1 0 1 0 1
64 1 255 1 255 1 255 1 255 1 255 1 255 1 255 1 255 1 255 1 255 1 255 1 255 1 255 1 255 1 255 1 255 1 255 1 255 1 255 1 255 1 0 1 0 1 255 1 255 1 255 1 255 1 255 1 255 1 255 1 255 1 255 1 255 1 255 1 255 1 255 1 255 1 255 1 255 1 255 1 255 1 255 1 255 1 255 1 255 1 255 1 255 1 255 1 255 1 255 1 255 1 255 1 255 1 255 1 255 1 255 1 255 1 255 1 255 1 255 1 255 1 255 1 255 1 255 1 255 1 255 1 255 1 255 1 0 1 0 1 0 1 0 1 0 1 0 1 0 1 0 1 0 1 0 1 0 1 0 1 0 1
64 1 255 1 255 1 255 1 255 1 255 1 255 1 255 1 255 1 255 1 0 1 0 1 255 1 255 1 255 1 255 1 255 1 255 1 255 1 255 1 0 1 0 1 0 1 255 1 255 1 255 1 255 1 255 1 255 1 255 1 255 1 255 1 255 1 255 1 255 1 255 1 255 1 255 1 255 1 255 1 255 1 255 1 255 1 255 1 255 1 255 1 255 1 255 1 255 1 255 1 255 1 255 1 255 1 255 1 255 1 255 1 255 1 255 1 255 1 255 1 255 1 255 1 255 1 255 1 255 1 255 1 255 1 255 1 3 1 3 1 0 1 0 1 0 1 0 1 0 1 0 1 0 1 0 1 0 1 0 1 0 1
64 1 255 1 255 1 255 1 255 1 255 1 255 1 255 1 255 1 255 1 0 1 0 1 0 1 255 1 255 1 255 1 255 1 255 1 255 1 255 1 255 1 0 1 0 1 255 1 255 1 255 1 255 1 255 1 255 1 255 1 255 1 255 1 255 1 255 1 255 1 255 1 255 1 255 1 255 1 255 1 255 1 255 1 255 1 255 1 255 1 255 1 255 1 255 1 255 1 255 1 255 1 255 1 255 1 255 1 255 1 255 1 255 1 255 1 255 1 255 1 255 1 255 1 255 1 255 1 255 1 255 1 255 1 255 1 3 1 3 1 0 1 0 1 0 1 0 1 0 1 0 1 0 1 0 1 0 1 0 1 0 1
64 1 255 1 255 1 255 1 255 1 255 1 255 1 255 1 255 1 255 1 0 1 0 1 255 1 255 1 255 1 255 1 255 1 255 1 255 1 255 1 255 1 0 1 255 1 255 1 255 1 255 1 255 1 255 1 255 1 255 1 255 1 255 1 255 1 255 1 255 1 255 1 255 1 255 1 255 1 255 1 255 1 255 1 255 1 255 1 255 1 255 1 255 1 255 1 255 1 255 1 255 1 255 1 255 1 255 1 255 1 255 1 255 1 255 1 255 1 255 1 255 1 255 1 255 1 255 1 255 1 255 1 255 1 3 1 3 1 0 1 0 1 0 1 0 1 0 1 0 1 0 1 0 1 0 1 0 1 0 1 0 1
64 1 255 1 255 1 255 1 255 1 255 1 255 1 255 1 255 1 255 1 255 1 255 1 255 1 255 1 255 1 255 1 255 1 255 1 255 1 255 1 255 1 255 1 255 1 255 1 255 1 255 1 255 1 255 1 255 1 255 1 255 1 255 1 255 1 255 1 255 1 255 1 255 1 255 1 255 1 255 1 255 1 255 1 255 1 255 1 255 1 255 1 255 1 255 1 255 1 255 1 255 1 255 1 255 1 255 1 255 1 255 1 255 1 255 1 255 1 255 1 255 1 255 1 255 1 255 1 255 1 255 1 255 1 0 1 0 1 0 1 0 1 0 1 0 1 0 1 0 1 0 1 0 1 0 1 0 1 0 1 0 1
64 1 255 1 255 1 255 1 255 1 255 1 255 1 255 1 255 1 255 1 255 1 255 1 255 1 255 1 255 1 255 1 255 1 255 1 255 1 255 1 255 1 255 1 255 1 255 1 255 1 255 1 255 1 255 1 255 1 255 1 255 1 255 1 255 1 255 1 0 1 255 1 255 1 255 1 255 1 255 1 255 1 255 1 255 1 255 1 255 1 255 1 255 1 255 1 255 1 255 1 255 1 255 1 255 1 255 1 255 1 255 1 255 1 255 1 255 1 255 1 255 1 255 1 255 1 255 1 255 1 255 1 0 1 0 1 0 1 0 1 0 1 0 1 0 1 0 1 0 1 0 1 0 1 0 1 0 1 0 1 0 1
64 1 255 1 255 1 255 1 255 1 255 1 255 1 255 1 255 1 255 1 255 1 255 1 255 1 255 1 255 1 255 1 255 1 255 1 255 1 255 1 255 1 255 1 255 1 255 1 255 1 255 1 255 1 255 1 255 1 255 1 255 1 255 1 255 1 255 1 0 1 0 1 255 1 255 1 255 1 255 1 255 1 255 1 255 1 255 1 255 1 255 1 255 1 255 1 255 1 255 1 255 1 255 1 255 1 255 1 255 1 255 1 255 1 255 1 255 1 255 1 255 1 255 1 255 1 255 1 255 1 0 1 0 1 0 1 0 1 0 1 0 1 0 1 0 1 0 1 0 1 0 1 0 1 0 1 0 1 0 1 0 1
64 1 255 1 255 1 255 1 255 1 255 1 255 1 255 1 255 1 255 1 255 1 255 1 255 1 255 1 255 1 255 1 255 1 255 1 255 1 255 1 255 1 255 1 255 1 255 1 255 1 255 1 255 1 255 1 255 1 255 1 255 1 255 1 255 1 255 1 0 1 255 1 255 1 255 1 255 1 255 1 255 1 255 1 255 1 255 1 255 1 255 1 255 1 255 1 255 1 255 1 255 1 255 1 255 1 255 1 255 1 255 1 255 1 255 1 255 1 255 1 255 1 255 1 255 1 255 1 255 1 0 1 0 1 0 1 0 1 0 1 0 1 0 1 0 1 0 1 0 1 0 1 0 1 0 1 0 1 0 1 0 1
64 1 255 1 255 1 255 1 255 1 255 1 255 1 255 1 255 1 255 1 255 1 255 1 255 1 255 1 255 1 255 1 255 1 255 1 255 1 255 1 255 1 255 1 255 1 255 1 255 1 255 1 255 1 255 1 255 1 255 1 255 1 255 1 255 1 255 1 255 1 255 1 255 1 255 1 255 1 255 1 255 1 255 1 255 1 255 1 255 1 255 1 255 1 255 1 255 1 255 1 255 1 255 1 255 1 255 1 255 1 255 1 255 1 255 1 255 1 255 1 255 1 255 1 255 1 255 1 255 1 0 1 0 1 0 1 0 1 0 1 0 1 0 1 0 1 0 1 0 1 0 1 0 1 0 1 0 1 0 1 0 1
64 1 255 1 255 1 255 1 255 1 255 1 255 1 255 1 255 1 255 1 255 1 255 1 255 1 255 1 255 1 255 1 255 1 255 1 255 1 255 1 255 1 255 1 255 1 255 1 255 1 255 1 255 1 255 1 255 1 255 1 255 1 255 1 255 1 255 1 255 1 255 1 255 1 255 1 255 1 255 1 255 1 255 1 255 1 255 1 255 1 255 1 255 1 255 1 255 1 255 1 255 1 255 1 255 1 255 1 255 1 255 1 255 1 255 1 255 1 255 1 255 1 255 1 255 1 255 1 255 1 0 1 0 1 0 1 0 1 0 1 0 1 0 1 0 1 0 1 0 1 0 1 0 1 0 1 0 1 0 1 0 1
64 1 255 1 255 1 255 1 255 1 255 1 255 1 255 1 255 1 255 1 255 1 255 1 255 1 255 1 255 1 255 1 255 1 255 1 0 1 0 1 0 1 0 1 0 1 0 1 255 1 255 1 255 1 255 1 255 1 255 1 255 1 255 1 255 1 255 1 255 1 255 1 255 1 255 1 255 1 255 1 255 1 255 1 255 1 255 1 255 1 255 1 255 1 255 1 255 1 255 1 255 1 255 1 255 1 255 1 255 1 255 1 255 1 255 1 255 1 255 1 255 1 255 1 255 1 255 1 255 1 255 1 255 1 255 1 255 1 255 1 255 1 0 1 255 1 255 1 255 1 255 1 255 1 0 1 0 1 0 1 0 1
64 1 255 1 255 1 255 1 255 1 255 1 255 1 255 1 255 1 255 1 255 1 255 1 255 1 255 1 255 1 255 1 255 1 255 1 0 1 0 1 0 1 0 1 0 1 0 1 255 1 255 1 255 1 255 1 255 1 255 1 255 1 255 1 255 1 255 1 255 1 255 1 255 1 255 1 255 1 255 1 255 1 255 1 255 1 255 1 255 1 255 1 255 1 255 1 255 1 255 1 255 1 255 1 255 1 255 1 255 1 255 1 255 1 255 1 255 1 255 1 255 1 255 1 255 1 255 1 255 1 255 1 255 1 255 1 255 1 255 1 0 1 0 1 255 1 255 1 255 1 255 1 255 1 0 1 0 1 0 1 0 1
64 1 255 1 255 1 255 1 255 1 255 1 255 1 255 1 255 1 255 1 255 1 255 1 255 1 255 1 255 1 255 1 255 1 255 1 0 1 0 1 0 1 0 1 0 1 255 1 255 1 255 1 255 1 255 1 255 1 255 1 255 1 255 1 255 1 255 1 255 1 255 1 255 1 255 1 255 1 255 1 255 1 255 1 255 1 255 1 255 1 255 1 255 1 255 1 255 1 255 1 255 1 255 1 255 1 255 1 255 1 255 1 255 1 255 1 255 1 255 1 255 1 255 1 255 1 255 1 255 1 255 1 255 1 255 1 255 1 255 1 0 1 0 1 0 1 0 1 0 1 0 1 0 1 0 1 0 1 0 1 0 1
64 1 255 1 255 1 255 1 255 1 255 1 255 1 255 1 255 1 255 1 255 1 255 1 255 1 255 1 255 1 255 1 255 1 255 1 255 1 0 1 0 1 0 1 0 1 0 1 255 1 255 1 255 1 255 1 255 1 255 1 255 1 255 1 255 1 255 1 255 1 255 1 255 1 255 1 255 1 255 1 255 1 255 1 255 1 255 1 255 1 255 1 255 1 255 1 255 1 255 1 255 1 255 1 255 1 255 1 255 1 255 1 255 1 255 1 255 1 255 1 255 1 255 1 255 1 255 1 255 1 255 1 255 1 3 1 3 1 3 1 0 1 0 1 0 1 0 1 0 1 0 1 0 1 0 1 0 1 0 1 0 1
64 1 255 1 255 1 255 1 255 1 255 1 255 1 255 1 255 1 255 1 255 1 255 1 255 1 255 1 255 1 255 1 255 1 255 1 255 1 255 1 0 1 0 1 0 1 0 1 255 1 255 1 255 1 255 1 255 1 255 1 255 1 255 1 255 1 255 1 255 1 255 1 255 1 255 1 255 1 255 1 255 1 255 1 255 1 255 1 255 1 255 1 255 1 255 1 255 1 255 1 255 1 255 1 255 1 255 1 255 1 255 1 255 1 255 1 255 1 255 1 255 1 255 1 255 1 255 1 255 1 255 1 255 1 3 1 3 1 3 1 0 1 0 1 0 1 0 1 0 1 0 1 0 1 0 1 0 1 0 1 0 1
64 1 255 1 255 1 255 1 255 1 255 1 255 1 255 1 255 1 255 1 255 1 255 1 255 1 255 1 255 1 255 1 255 1 255 1 255 1 255 1 0 1 0 1 0 1 0 1 255 1 255 1 255 1 255 1 255 1 255 1 255 1 255 1 255 1 255 1 255 1 255 1 255 1 255 1 255 1 255 1 255 1 255 1 255 1 255 1 255 1 255 1 255 1 255 1 255 1 255 1 255 1 255 1 255 1 255 1 255 1 255 1 255 1 255 1 255 1 255 1 255 1 255 1 255 1 255 1 255 1 255 1 255 1 3 1 3 1 3 1 0 1 0 1 0 1 0 1 0 1 0 1 0 1 0 1 0 1 0 1 0 1
64 1 255 1 255 1 255 1 255 1 255 1 255 1 255 1 255 1 255 1 255 1 255 1 255 1 255 1 255 1 255 1 255 1 255 1 255 1 255 1 0 1 0 1 0 1 0 1 255 1 255 1 255 1 255 1 255 1 255 1 255 1 255 1 255 1 255 1 255 1 255 1 255 1 255 1 255 1 255 1 255 1 255 1 255 1 255 1 255 1 255 1 255 1 255 1 255 1 255 1 255 1 255 1 255 1 255 1 255 1 255 1 255 1 255 1 255 1 255 1 255 1 255 1 255 1 255 1 255 1 255 1 255 1 255 1 3 1 3 1 0 1 0 1 0 1 0 1 0 1 0 1 0 1 0 1 0 1 0 1 0 1
64 1 255 1 255 1 255 1 255 1 255 1 255 1 255 1 255 1 255 1 255 1 255 1 255 1 255 1 255 1 255 1 255 1 255 1 255 1 255 1 0 1 0 1 0 1 0 1 255 1 255 1 255 1 255 1 255 1 255 1 255 1 255 1 255 1 255 1 255 1 255 1 255 1 255 1 255 1 255 1 255 1 255 1 255 1 255 1 255 1 255 1 255 1 255 1 255 1 255 1 255 1 255 1 255 1 255 1 255 1 255 1 255 1 255 1 255 1 255 1 255 1 255 1 255 1 255 1 255 1 255 1 255 1 255 1 255 1 3 1 0 1 0 1 0 1 0 1 0 1 0 1 0 1 0 1 0 1 0 1 0 1
64 1 255 1 255 1 255 1 255 1 255 1 255 1 255 1 255 1 255 1 0 1 0 1 255 1 255 1 255 1 255 1 255 1 255 1 255 1 255 1 0 1 0 1 0 1 0 1 255 1 255 1 255 1 255 1 255 1 255 1 255 1 255 1 255 1 255 1 255 1 255 1 255 1 255 1 255 1 255 1 255 1 255 1 255 1 255 1 255 1 255 1 255 1 255 1 255 1 255 1 255 1 255 1 255 1 255 1 255 1 255 1 255 1 255 1 255 1 255 1 255 1 255 1 255 1 255 1 255 1 255 1 255 1 255 1 255 1 3 1 0 1 0 1 0 1 0 1 0 1 0 1 0 1 0 1 0 1 0 1 0 1
64 1 255 1 255 1 255 1 255 1 255 1 255 1 255 1 255 1 255 1 255 1 0 1 255 1 255 1 255 1 255 1 255 1 255 1 255 1 255 1 0 1 0 1 0 1 255 1 255 1 255 1 255 1 255 1 255 1 255 1 255 1 255 1 255 1 255 1 255 1 255 1 255 1 255 1 255 1 255 1 255 1 255 1 255 1 255 1 255 1 255 1 255 1 255 1 255 1 255 1 255 1 255 1 255 1 255 1 255 1 255 1 255 1 255 1 255 1 255 1 255 1 255 1 255 1 255 1 255 1 255 1 255 1 255 1 3 1 3 1 0 1 0 1 0 1 0 1 0 1 0 1 0 1 0 1 0 1 0 1 0 1
64 1 255 1 255 1 255 1 255 1 255 1 255 1 255 1 255 1 255 1 255 1 255 1 255 1 255 1 255 1 255 1 255 1 255 1 255 1 255 1 255 1 0 1 0 1 255 1 255 1 255 1 255 1 255 1 255 1 255 1 255 1 255 1 255 1 255 1 255 1 255 1 255 1 255 1 255 1 255 1 255 1 255 1 255 1 255 1 255 1 255 1 255 1 255 1 255 1 255 1 255 1 255 1 255 1 255 1 255 1 255 1 255 1 255 1 255 1 255 1 255 1 255 1 255 1 255 1 255 1 255 1 255 1 255 1 0 1 0 1 0 1 0 1 0 1 0 1 0 1 0 1 0 1 0 1 0 1 0 1 0 1
64 1 255 1 255 1 255 1 255 1 255 1 255 1 255 1 255 1 255 1 255 1 255 1 255 1 255 1 255 1 255 1 255 1 255 1 255 1 255 1 255 1 255 1 255 1 255 1 255 1 255 1 255 1 255 1 255 1 255 1 255 1 255 1 255 1 255 1 0 1 255 1 255 1 255 1 255 1 255 1 255 1 255 1 255 1 255 1 255 1 255 1 255 1 255 1 255 1 255 1 255 1 255 1 255 1 255 1 255 1 255 1 255 1 255 1 255 1 255 1 255 1 255 1 255 1 255 1 255 1 255 1 255 1 0 1 0 1 0 1 0 1 0 1 0 1 0 1 0 1 0 1 0 1 0 1 0 1 0 1 0 1
64 1 255 1 255 1 255 1 255 1 255 1 255 1 255 1 255 1 255 1 255 1 255 1 255 1 255 1 255 1 255 1 255 1 255 1 255 1 255 1 255 1 255 1 255 1 255 1 255 1 255 1 255 1 255 1 255 1 255 1 255 1 255 1 255 1 0 1 0 1 0 1 255 1 255 1 255 1 255 1 255 1 255 1 255 1 255 1 255 1 255 1 255 1 255 1 255 1 255 1 255 1 255 1 255 1 255 1 255 1 255 1 255 1 255 1 255 1 255 1 255 1 255 1 255 1 255 1 255 1 255 1 255 1 0 1 0 1 0 1 0 1 0 1 0 1 0 1 0 1 0 1 0 1 0 1 0 1 0 1 0 1
64 1 255 1 255 1 255 1 255 1 255 1 255 1 255 1 255 1 255 1 255 1 255 1 255 1 255 1 255 1 255 1 255 1 255 1 255 1 255 1 255 1 255 1 255 1 255 1 255 1 255 1 255 1 255 1 255 1 255 1 255 1 255 1 255 1 0 1 0 1 0 1 255 1 255 1 255 1 255 1 255 1 255 1 255 1 255 1 255 1 255 1 255 1 255 1 255 1 255 1 255 1 255 1 255 1 255 1 255 1 255 1 255 1 255 1 255 1 255 1 255 1 255 1 255 1 255 1 255 1 255 1 0 1 0 1 0 1 0 1 0 1 0 1 0 1 0 1 0 1 0 1 0 1 0 1 0 1 0 1 0 1
64 1 255 1 255 1 255 1 255 1 255 1 255 1 255 1 255 1 255 1 255 1 255 1 255 1 255 1 255 1 255 1 255 1 255 1 255 1 255 1 255 1 255 1 255 1 255 1 255 1 255 1 255 1 255 1 255 1 255 1 255 1 255 1 255 1 255 1 0 1 255 1 255 1 255 1 255 1 255 1 255 1 255 1 255 1 255 1 255 1 255 1 255 1 255 1 255 1 255 1 255 1 255 1 255 1 255 1 255 1 255 1 255 1 255 1 255 1 255 1 255 1 255 1 255 1 255 1 255 1 255 1 0 1 0 1 0 1 0 1 0 1 0 1 0 1 0 1 0 1 0 1 0 1 0 1 0 1 0 1 0 1
64 1 255 1 255 1 255 1 255 1 255 1 255 1 255 1 255 1 255 1 255 1 255 1 255 1 255 1 255 1 255 1 255 1 255 1 255 1 255 1 255 1 255 1 255 1 255 1 255 1 255 1 255 1 255 1 255 1 255 1 255 1 255 1 255 1 255 1 255 1 255 1 255 1 255 1 255 1 255 1 255 1 255 1 255 1 255 1 255 1 255 1 255 1 255 1 255 1 255 1 255 1 255 1 255 1 255 1 255 1 255 1 255 1 255 1 255 1 255 1 255 1 255 1 255 1 255 1 255 1 0 1 0 1 0 1 0 1 0 1 0 1 0 1 0 1 0 1 0 1 0 1 0 1 0 1 0 1 0 1 0 1
64 1 255 1 255 1 255 1 255 1 255 1 255 1 255 1 255 1 255 1 255 1 255 1 255 1 255 1 255 1 255 1 255 1 255 1 0 1 0 1 0 1 0 1 0 1 0 1 255 1 255 1 255 1 255 1 255 1 255 1 255 1 255 1 255 1 255 1 255 1 255 1 255 1 255 1 255 1 255 1 255 1 255 1 255 1 255 1 255 1 255 1 255 1 255 1 255 1 255 1 255 1 255 1 255 1 255 1 255 1 255 1 255 1 255 1 255 1 255 1 255 1 255 1 255 1 255 1 255 1 3 1 3 1 3 1 3 1 3 1 255 1 0 1 255 1 255 1 255 1 255 1 255 1 0 1 0 1 0 1 0 1
64 1 255 1 255 1 255 1 255 1 255 1 255 1 255 1 255 1 255 1 255 1 255 1 255 1 255 1 255 1 255 1 255 1 255 1 0 1 0 1 0 1 0 1 0 1 0 1 255 1 255 1 255 1 255 1 255 1 255 1 255 1 255 1 255 1 255 1 255 1 255 1 255 1 255 1 255 1 255 1 255 1 255 1 255 1 255 1 255 1 255 1 255 1 255 1 255 1 255 1 255 1 255 1 255 1 255 1 255 1 255 1 255 1 255 1 255 1 255 1 255 1 255 1 255 1 255 1 255 1 3 1 3 1 3 1 3 1 3 1 255 1 0 1 255 1 255 1 255 1 255 1 255 1 0 1 0 1 0 1 0 1
64 1 255 1 255 1 255 1 255 1 255 1 255 1 255 1 255 1 255 1 255 1 255 1 255 1 255 1 255 1 255 1 255 1 255 1 0 1 0 1 0 1 0 1 0 1 255 1 255 1 255 1 255 1 255 1 255 1 255 1 255 1 255 1 255 1 255 1 255 1 255 1 255 1 255 1 255 1 255 1 255 1 255 1 255 1 255 1 255 1 255 1 255 1 255 1 255 1 255 1 255 1 255 1 255 1 255 1 255 1 255 1 255 1 255 1 255 1 255 1 255 1 255 1 255 1 255 1 255 1 3 1 3 1 3 1 3 1 3 1 255 1 0 1 0 1 0 1 0 1 0 1 0 1 0 1 0 1 0 1 0 1
64 1 255 1 255 1 255 1 255 1 255 1 255 1 255 1 255 1 255 1 255 1 255 1 255 1 255 1 255 1 255 1 255 1 255 1 0 1 0 1 0 1 0 1 0 1 255 1 255 1 255 1 255 1 255 1 255 1 255 1 255 1 255 1 255 1 255 1 255 1 255 1 255 1 255 1 255 1 255 1 255 1 255 1 255 1 255 1 255 1 255 1 255 1 255 1 255 1 255 1 255 1 255 1 255 1 255 1 255 1 255 1 255 1 255 1 255 1 255 1 255 1 255 1 255 1 255 1 255 1 3 1 3 1 3 1 3 1 3 1 0 1 0 1 0 1 0 1 0 1 0 1 0 1 0 1 0 1 0 1 0 1
64 1 255 1 255 1 255 1 255 1 255 1 255 1 255 1 255 1 255 1 255 1 255 1 255 1 255 1 255 1 255 1 255 1 255 1 0 1 0 1 0 1 0 1 0 1 255 1 255 1 255 1 255 1 255 1 255 1 255 1 255 1 255 1 255 1 255 1 255 1 255 1 255 1 255 1 255 1 255 1 255 1 255 1 255 1 255 1 255 1 255 1 255 1 255 1 255 1 255 1 255 1 255 1 255 1 255 1 255 1 255 1 255 1 255 1 255 1 255 1 255 1 255 1 255 1 255 1 255 1 3 1 3 1 3 1 3 1 3 1 0 1 0 1 0 1 0 1 0 1 0 1 0 1 0 1 0 1 0 1 0 1
64 1 255 1 255 1 255 1 255 1 255 1 255 1 255 1 255 1 255 1 255 1 255 1 255 1 255 1 255 1 255 1 255 1 255 1 255 1 0 1 0 1 0 1 0 1 255 1 255 1 255 1 255 1 255 1 255 1 255 1 255 1 255 1 255 1 255 1 255 1 255 1 255 1 255 1 255 1 255 1 255 1 255 1 255 1 255 1 255 1 255 1 255 1 255 1 255 1 255 1 255 1 255 1 255 1 255 1 255 1 255 1 255 1 255 1 255 1 255 1 255 1 255 1 255 1 255 1 255 1 3 1 3 1 3 1 3 1 3 1 0 1 0 1 0 1 0 1 0 1 0 1 0 1 0 1 0 1 0 1 0 1
64 1 255 1 255 1 255 1 255 1 255 1 255 1 255 1 255 1 255 1 255 1 255 1 255 1 255 1 255 1 255 1 255 1 255 1 255 1 255 1 0 1 0 1 0 1 0 1 255 1 255 1 255 1 255 1 255 1 255 1 255 1 255 1 255 1 255 1 255 1 255 1 255 1 255 1 255 1 255 1 255 1 255 1 255 1 255 1 255 1 255 1 255 1 255 1 255 1 255 1 255 1 255 1 255 1 255 1 255 1 255 1 255 1 255 1 255 1 255 1 255 1 255 1 255 1 255 1 255 1 3 1 3 1 3 1 3 1 3 1 0 1 0 1 0 1 0 1 0 1 0 1 0 1 0 1 0 1 0 1 0 1
64 1 255 1 255 1 255 1 255 1 255 1 255 1 255 1 255 1 255 1 255 1 255 1 255 1 255 1 255 1 255 1 255 1 255 1 255 1 255 1 0 1 0 1 0 1 0 1 255 1 255 1 255 1 255 1 255 1 255 1 255 1 255 1 255 1 255 1 255 1 255 1 255 1 255 1 255 1 255 1 255 1 255 1 255 1 255 1 255 1 255 1 255 1 255 1 255 1 255 1 255 1 255 1 255 1 255 1 255 1 255 1 255 1 255 1 255 1 255 1 255 1 255 1 255 1 255 1 255 1 3 1 3 1 3 1 3 1 3 1 0 1 0 1 0 1 0 1 0 1 0 1 0 1 0 1 0 1 0 1 0 1
64 1 255 1 255 1 255 1 255 1 255 1 255 1 255 1 255 1 255 1 255 1 255 1 255 1 255 1 255 1 255 1 255 1 255 1 255 1 255 1 0 1 0 1 0 1 0 1 255 1 255 1 255 1 255 1 255 1 255 1 255 1 255 1 255 1 255 1 255 1 255 1 255 1 255 1 255 1 255 1 255 1 255 1 255 1 255 1 255 1 255 1 255 1 255 1 255 1 255 1 255 1 255 1 255 1 255 1 255 1 255 1 255 1 255 1 255 1 255 1 255 1 255 1 255 1 255 1 255 1 3 1 3 1 3 1 3 1 3 1 0 1 0 1 0 1 0 1 0 1 0 1 0 1 0 1 0 1 0 1 0 1
64 1 255 1 255 1 255 1 255 1 255 1 255 1 255 1 255 1 255 1 255 1 255 1 255 1 255 1 255 1 255 1 255 1 255 1 255 1 255 1 0 1 0 1 0 1 0 1 255 1 255 1 255 1 255 1 255 1 255 1 255 1 255 1 255 1 255 1 255 1 255 1 255 1 255 1 255 1 255 1 255 1 255 1 255 1 255 1 255 1 255 1 255 1 255 1 255 1 255 1 255 1 255 1 255 1 255 1 255 1 255 1 255 1 255 1 255 1 255 1 255 1 255 1 255 1 255 1 255 1 255 1 255 1 255 1 255 1 3 1 0 1 0 1 0 1 0 1 0 1 0 1 0 1 0 1 0 1 0 1 0 1
64 1 255 1 255 1 255 1 255 1 255 1 255 1 255 1 255 1 255 1 255 1 255 1 255 1 255 1 255 1 255 1 255 1 255 1 255 1 255 1 0 1 0 1 0 1 255 1 255 1 255 1 255 1 255 1 255 1 255 1 255 1 255 1 255 1 255 1 255 1 255 1 255 1 255 1 255 1 255 1 255 1 255 1 255 1 255 1 255 1 255 1 255 1 255 1 255 1 255 1 255 1 255 1 255 1 255 1 255 1 255 1 255 1 255 1 255 1 255 1 255 1 255 1 255 1 255 1 255 1 255 1 255 1 255 1 255 1 0 1 0 1 0 1 0 1 0 1 0 1 0 1 0 1 0 1 0 1 0 1 0 1
64 1 255 1 255 1 255 1 255 1 255 1 255 1 255 1 255 1 255 1 255 1 255 1 255 1 255 1 255 1 255 1 255 1 255 1 255 1 255 1 255 1 255 1 255 1 255 1 255 1 255 1 255 1 255 1 255 1 255 1 255 1 255 1 255 1 255 1 0 1 255 1 255 1 255 1 255 1 255 1 255 1 255 1 255 1 255 1 255 1 255 1 255 1 255 1 255 1 255 1 255 1 255 1 255 1 255 1 255 1 255 1 255 1 255 1 255 1 255 1 255 1 255 1 255 1 255 1 255 1 255 1 255 1 255 1 0 1 0 1 0 1 0 1 0 1 0 1 0 1 0 1 0 1 0 1 0 1 0 1 0 1
64 1 255 1 255 1 255 1 255 1 255 1 255 1 255 1 255 1 255 1 255 1 255 1 255 1 255 1 255 1 255 1 255 1 255 1 255 1 255 1 255 1 255 1 255 1 255 1 255 1 255 1 255 1 255 1 255 1 255 1 255 1 255 1 255 1 0 1 0 1 0 1 255 1 255 1 255 1 255 1 255 1 255 1 255 1 255 1 255 1 255 1 255 1 255 1 255 1 255 1 255 1 255 1 255 1 255 1 255 1 255 1 255 1 255 1 255 1 255 1 255 1 255 1 255 1 255 1 255 1 255 1 255 1 255 1 0 1 0 1 0 1 0 1 0 1 0 1 0 1 0 1 0 1 0 1 0 1 0 1 0 1
64 1 255 1 255 1 255 1 255 1 255 1 255 1 255 1 255 1 255 1 255 1 255 1 255 1 255 1 255 1 255 1 255 1 255 1 255 1 255 1 255 1 255 1 255 1 255 1 255 1 255 1 255 1 255 1 255 1 255 1 255 1 255 1 255 1 0 1 0 1 0 1 255 1 255 1 255 1 255 1 255 1 255 1 255 1 255 1 255 1 255 1 255 1 255 1 255 1 255 1 255 1 255 1 255 1 255 1 255 1 255 1 255 1 255 1 255 1 255 1 255 1 255 1 255 1 255 1 255 1 255 1 255 1 0 1 0 1 0 1 0 1 0 1 0 1 0 1 0 1 0 1 0 1 0 1 0 1 0 1 0 1
64 1 255 1 255 1 255 1 255 1 255 1 255 1 255 1 255 1 255 1 255 1 255 1 255 1 255 1 255 1 255 1 255 1 255 1 255 1 255 1 255 1 255 1 255 1 255 1 255 1 255 1 255 1 255 1 255 1 255 1 255 1 255 1 255 1 0 1 0 1 0 1 255 1 255 1 255 1 255 1 255 1 255 1 255 1 255 1 255 1 255 1 255 1 255 1 255 1 255 1 255 1 255 1 255 1 255 1 255 1 255 1 255 1 255 1 255 1 255 1 255 1 255 1 255 1 255 1 255 1 255 1 255 1 0 1 0 1 0 1 0 1 0 1 0 1 0 1 0 1 0 1 0 1 0 1 0 1 0 1 0 1
64 1 255 1 255 1 255 1 255 1 255 1 255 1 255 1 255 1 255 1 255 1 255 1 255 1 255 1 255 1 255 1 255 1 255 1 255 1 255 1 255 1 255 1 255 1 255 1 255 1 255 1 255 1 255 1 255 1 255 1 255 1 255 1 255 1 255 1 255 1 255 1 255 1 255 1 255 1 255 1 255 1 255 1 255 1 255 1 255 1 255 1 255 1 255 1 255 1 255 1 255 1 255 1 255 1 255 1 255 1 255 1 255 1 255 1 255 1 255 1 255 1 255 1 255 1 255 1 255 1 255 1 0 1 0 1 0 1 0 1 0 1 0 1 0 1 0 1 0 1 0 1 0 1 0 1 0 1 0 1 0 1
64 1 255 1 255 1 255 1 255 1 255 1 255 1 255 1 255 1 255 1 255 1 255 1 255 1 255 1 255 1 255 1 255 1 255 1 0 1 0 1 0 1 0 1 0 1 0 1 255 1 255 1 255 1 255 1 255 1 255 1 255 1 255 1 255 1 255 1 255 1 255 1 255 1 255 1 255 1 255 1 255 1 255 1 255 1 255 1 255 1 255 1 255 1 255 1 255 1 255 1 255 1 255 1 255 1 255 1 255 1 255 1 255 1 255 1 255 1 255 1 255 1 255 1 255 1 255 1 255 1 3 1 3 1 3 1 3 1 3 1 255 1 0 1 255 1 255 1 255 1 255 1 255 1 0 1 0 1 0 1 0 1
64 1 255 1 255 1 255 1 255 1 255 1 255 1 255 1 255 1 255 1 255 1 255 1 255 1 255 1 255 1 255 1 255 1 255 1 0 1 0 1 0 1 0 1 0 1 0 1 255 1 255 1 255 1 255 1 255 1 255 1 255 1 255 1 255 1 255 1 255 1 255 1 255 1 255 1 255 1 255 1 255 1 255 1 255 1 255 1 255 1 255 1 255 1 255 1 255 1 255 1 255 1 255 1 255 1 255 1 255 1 255 1 255 1 255 1 255 1 255 1 255 1 255 1 255 1 255 1 255 1 3 1 3 1 3 1 3 1 3 1 255 1 0 1 255 1 255 1 255 1 255 1 255 1 0 1 0 1 0 1 0 1
64 1 255 1 255 1 255 1 255 1 255 1 255 1 255 1 255 1 255 1 255 1 255 1 255 1 255 1 255 1 255 1 255 1 255 1 0 1 0 1 0 1 0 1 0 1 0 1 255 1 255 1 255 1 255 1 255 1 255 1 255 1 255 1 255 1 255 1 255 1 255 1 255 1 255 1 255 1 255 1 255 1 255 1 255 1 255 1 255 1 255 1 255 1 255 1 255 1 255 1 255 1 255 1 255 1 255 1 255 1 255 1 255 1 255 1 255 1 255 1 255 1 255 1 255 1 255 1 255 1 3 1 3 1 3 1 3 1 3 1 255 1 0 1 0 1 0 1 0 1 0 1 0 1 0 1 0 1 0 1 0 1
64 1 255 1 255 1 255 1 255 1 255 1 255 1 255 1 255 1 255 1 255 1 255 1 255 1 255 1 255 1 255 1 255 1 255 1 0 1 0 1 0 1 0 1 0 1 0 1 255 1 255 1 255 1 255 1 255 1 255 1 255 1 255 1 255 1 255 1 255 1 255 1 255 1 255 1 255 1 255 1 255 1 255 1 255 1 255 1 255 1 255 1 255 1 255 1 255 1 255 1 255 1 255 1 255 1 255 1 255 1 255 1 255 1 255 1 255 1 255 1 255 1 255 1 255 1 255 1 255 1 3 1 3 1 3 1 3 1 3 1 255 1 0 1 0 1 0 1 0 1 0 1 0 1 0 1 0 1 0 1 0 1
64 1 255 1 255 1 255 1 255 1 255 1 255 1 255 1 255 1 255 1 255 1 255 1 255 1 255 1 255 1 255 1 255 1 255 1 0 1 0 1 0 1 0 1 0 1 255 1 255 1 255 1 255 1 255 1 255 1 255 1 255 1 255 1 255 1 255 1 255 1 255 1 255 1 255 1 255 1 255 1 255 1 255 1 255 1 255 1 255 1 255 1 255 1 255 1 255 1 255 1 255 1 255 1 255 1 255 1 255 1 255 1 255 1 255 1 255 1 255 1 255 1 255 1 255 1 255 1 255 1 3 1 3 1 3 1 3 1 3 1 0 1 0 1 0 1 0 1 0 1 0 1 0 1 0 1 0 1 0 1 0 1
64 1 255 1 255 1 255 1 255 1 255 1 255 1 255 1 255 1 255 1 255 1 255 1 255 1 255 1 255 1 255 1 255 1 255 1 0 1 0 1 0 1 0 1 0 1 255 1 255 1 255 1 255 1 255 1 255 1 255 1 255 1 255 1 255 1 255 1 255 1 255 1 255 1 255 1 255 1 255 1 255 1 255 1 255 1 255 1 255 1 255 1 255 1 255 1 255 1 255 1 255 1 255 1 255 1 255 1 255 1 255 1 255 1 255 1 255 1 255 1 255 1 255 1 255 1 255 1 255 1 3 1 3 1 3 1 3 1 3 1 0 1 0 1 0 1 0 1 0 1 0 1 0 1 0 1 0 1 0 1 0 1
64 1 255 1 255 1 255 1 255 1 255 1 255 1 255 1 255 1 255 1 255 1 255 1 255 1 255 1 255 1 255 1 255 1 255 1 0 1 0 1 0 1 0 1 0 1 255 1 255 1 255 1 255 1 255 1 255 1 255 1 255 1 255 1 255 1 255 1 255 1 255 1 255 1 255 1 255 1 255 1 255 1 255 1 255 1 255 1 255 1 255 1 255 1 255 1 255 1 255 1 255 1 255 1 255 1 255 1 255 1 255 1 255 1 255 1 255 1 255 1 255 1 255 1 255 1 255 1 255 1 3 1 3 1 3 1 3 1 3 1 0 1 0 1 0 1 0 1 0 1 0 1 0 1 0 1 0 1 0 1 0 1
64 1 255 1 255 1 255 1 255 1 255 1 255 1 255 1 255 1 255 1 255 1 255 1 255 1 255 1 255 1 255 1 255 1 255 1 255 1 0 1 0 1 0 1 0 1 255 1 255 1 255 1 255 1 255 1 255 1 255 1 255 1 255 1 255 1 255 1 255 1 255 1 255 1 255 1 255 1 255 1 255 1 255 1 255 1 255 1 255 1 255 1 255 1 255 1 255 1 255 1 255 1 255 1 255 1 255 1 255 1 255 1 255 1 255 1 255 1 255 1 255 1 255 1 255 1 255 1 255 1 3 1 3 1 3 1 3 1 3 1 0 1 0 1 0 1 0 1 0 1 0 1 0 1 0 1 0 1 0 1 0 1
64 1 255 1 255 1 255 1 255 1 255 1 255 1 255 1 255 1 255 1 255 1 255 1 255 1 255 1 255 1 255 1 255 1 255 1 255 1 255 1 0 1 0 1 0 1 0 1 255 1 255 1 255 1 255 1 255 1 255 1 255 1 255 1 255 1 255 1 255 1 255 1 255 1 255 1 255 1 255 1 255 1 255 1 255 1 255 1 255 1 255 1 255 1 255 1 255 1 255 1 255 1 255 1 255 1 255 1 255 1 255 1 255 1 255 1 255 1 255 1 255 1 255 1 255 1 255 1 255 1 3 1 3 1 3 1 3 1 3 1 0 1 0 1 0 1 0 1 0 1 0 1 0 1 0 1 0 1 0 1 0 1
64 1 255 1 255 1 255 1 255 1 255 1 255 1 255 1 255 1 255 1 255 1 255 1 255 1 255 1 255 1 255 1 255 1 255 1 255 1 255 1 0 1 0 1 0 1 0 1 255 1 255 1 255 1 255 1 255 1 255 1 255 1 255 1 255 1 255 1 255 1 255 1 255 1 255 1 255 1 255 1 255 1 255 1 255 1 255 1 255 1 255 1 255 1 255 1 255 1 255 1 255 1 255 1 255 1 255 1 255 1 255 1 255 1 255 1 255 1 255 1 255 1 255 1 255 1 255 1 255 1 255 1 255 1 255 1 255 1 3 1 0 1 0 1 0 1 0 1 0 1 0 1 0 1 0 1 0 1 0 1 0 1
64 1 255 1 255 1 255 1 255 1 255 1 255 1 255 1 255 1 255 1 255 1 255 1 255 1 255 1 255 1 255 1 255 1 255 1 255 1 255 1 0 1 0 1 0 1 255 1 255 1 255 1 255 1 255 1 255 1 255 1 255 1 255 1 255 1 255 1 255 1 255 1 255 1 255 1 255 1 255 1 255 1 255 1 255 1 255 1 255 1 255 1 255 1 255 1 255 1 255 1 255 1 255 1 255 1 255 1 255 1 255 1 255 1 255 1 255 1 255 1 255 1 255 1 255 1 255 1 255 1 255 1 255 1 255 1 255 1 0 1 0 1 0 1 0 1 0 1 0 1 0 1 0 1 0 1 0 1 0 1 0 1
64 1 255 1 255 1 255 1 255 1 255 1 255 1 255 1 255 1 255 1 255 1 255 1 255 1 255 1 255 1 255 1 255 1 255 1 255 1 255 1 255 1 0 1 0 1 0 1 255 1 255 1 255 1 255 1 255 1 255 1 255 1 255 1 255 1 255 1 255 1 255 1 255 1 255 1 255 1 255 1 255 1 255 1 255 1 255 1 255 1 255 1 255 1 255 1 255 1 255 1 255 1 255 1 255 1 255 1 255 1 255 1 255 1 255 1 255 1 255 1 255 1 255 1 255 1 255 1 255 1 255 1 255 1 255 1 255 1 0 1 0 1 0 1 0 1 0 1 0 1 0 1 0 1 0 1 0 1 0 1 0 1
64 1 255 1 255 1 255 1 255 1 255 1 255 1 255 1 255 1 255 1 255 1 255 1 255 1 255 1 255 1 255 1 255 1 255 1 255 1 255 1 255 1 0 1 0 1 255 1 255 1 255 1 255 1 255 1 255 1 255 1 255 1 255 1 255 1 0 1 0 1 0 1 255 1 255 1 255 1 255 1 255 1 255 1 255 1 255 1 255 1 255 1 255 1 255 1 255 1 255 1 255 1 255 1 255 1 255 1 255 1 255 1 255 1 255 1 255 1 255 1 255 1 255 1 255 1 255 1 255 1 255 1 255 1 255 1 0 1 0 1 0 1 0 1 0 1 0 1 0 1 0 1 0 1 0 1 0 1 0 1 0 1
64 1 255 1 255 1 255 1 255 1 255 1 255 1 255 1 255 1 255 1 255 1 255 1 255 1 255 1 255 1 255 1 255 1 255 1 255 1 255 1 255 1 255 1 255 1 255 1 255 1 255 1 255 1 255 1 255 1 255 1 255 1 255 1 255 1 0 1 0 1 0 1 255 1 255 1 255 1 255 1 255 1 255 1 255 1 255 1 255 1 255 1 255 1 255 1 255 1 255 1 255 1 255 1 255 1 255 1 255 1 255 1 255 1 255 1 255 1 255 1 255 1 255 1 255 1 255 1 255 1 255 1 255 1 255 1 0 1 0 1 0 1 0 1 0 1 0 1 0 1 0 1 0 1 0 1 0 1 0 1 0 1
64 1 255 1 255 1 255 1 255 1 255 1 255 1 255 1 255 1 255 1 255 1 255 1 255 1 255 1 255 1 255 1 255 1 255 1 255 1 255 1 255 1 255 1 255 1 255 1 255 1 255 1 255 1 255 1 255 1 255 1 255 1 255 1 255 1 0 1 0 1 0 1 255 1 255 1 255 1 255 1 255 1 255 1 255 1 255 1 255 1 255 1 255 1 255 1 255 1 255 1 255 1 255 1 255 1 255 1 255 1 255 1 255 1 255 1 255 1 255 1 255 1 255 1 255 1 255 1 255 1 255 1 255 1 3 1 0 1 0 1 0 1 0 1 0 1 0 1 0 1 0 1 0 1 0 1 0 1 0 1 0 1
64 1 255 1 255 1 255 1 255 1 255 1 255 1 255 1 255 1 255 1 255 1 255 1 255 1 255 1 255 1 255 1 255 1 255 1 255 1 255 1 255 1 255 1 255 1 255 1 255 1 255 1 255 1 255 1 255 1 255 1 255 1 255 1 255 1 255 1 255 1 255 1 255 1 255 1 255 1 255 1 255 1 255 1 255 1 255 1 255 1 255 1 255 1 255 1 255 1 255 1 255 1 255 1 255 1 255 1 255 1 255 1 255 1 255 1 255 1 255 1 255 1 255 1 255 1 255 1 255 1 255 1 3 1 3 1 0 1 0 1 0 1 0 1 0 1 0 1 0 1 0 1 0 1 0 1 0 1 0 1 0 1
64 1 255 1 255 1 255 1 255 1 255 1 255 1 255 1 255 1 255 1 255 1 255 1 255 1 255 1 255 1 255 1 255 1 255 1 0 1 0 1 0 1 0 1 0 1 255 1 255 1 255 1 255 1 255 1 255 1 255 1 255 1 255 1 255 1 255 1 255 1 255 1 255 1 255 1 255 1 255 1 255 1 255 1 255 1 255 1 255 1 255 1 255 1 255 1 255 1 255 1 255 1 255 1 255 1 255 1 255 1 255 1 255 1 255 1 255 1 255 1 255 1 255 1 255 1 255 1 255 1 3 1 3 1 3 1 3 1 3 1 255 1 0 1 255 1 255 1 255 1 255 1 255 1 0 1 0 1 0 1 0 1
64 1 255 1 255 1 255 1 255 1 255 1 255 1 255 1 255 1 255 1 255 1 255 1 255 1 255 1 255 1 255 1 255 1 255 1 0 1 0 1 0 1 0 1 0 1 0 1 255 1 255 1 255 1 255 1 255 1 255 1 255 1 255 1 255 1 255 1 255 1 255 1 255 1 255 1 255 1 255 1 255 1 255 1 255 1 255 1 255 1 255 1 255 1 255 1 255 1 255 1 255 1 255 1 255 1 255 1 255 1 255 1 255 1 255 1 255 1 255 1 255 1 255 1 255 1 255 1 255 1 3 1 3 1 3 1 3 1 3 1 255 1 0 1 255 1 255 1 255 1 255 1 255 1 0 1 0 1 0 1 0 1
64 1 255 1 255 1 255 1 255 1 255 1 255 1 255 1 255 1 255 1 255 1 255 1 255 1 255 1 255 1 255 1 255 1 255 1 0 1 0 1 0 1 0 1 0 1 0 1 255 1 255 1 255 1 255 1 255 1 255 1 255 1 255 1 255 1 255 1 255 1 255 1 255 1 255 1 255 1 255 1 255 1 255 1 255 1 255 1 255 1 255 1 255 1 255 1 255 1 255 1 255 1 255 1 255 1 255 1 255 1 255 1 255 1 255 1 255 1 255 1 255 1 255 1 255 1 255 1 255 1 3 1 3 1 3 1 3 1 3 1 255 1 0 1 0 1 0 1 0 1 0 1 0 1 0 1 0 1 0 1 0 1
64 1 255 1 255 1 255 1 255 1 255 1 255 1 255 1 255 1 255 1 255 1 255 1 255 1 255 1 255 1 255 1 255 1 255 1 0 1 0 1 0 1 0 1 0 1 0 1 255 1 255 1 255 1 255 1 255 1 255 1 255 1 255 1 255 1 255 1 255 1 255 1 255 1 255 1 255 1 255 1 255 1 255 1 255 1 255 1 255 1 255 1 255 1 255 1 255 1 255 1 255 1 255 1 255 1 255 1 255 1 255 1 255 1 255 1 255 1 255 1 255 1 255 1 255 1 255 1 255 1 3 1 3 1 3 1 3 1 3 1 255 1 0 1 0 1 0 1 0 1 0 1 0 1 0 1 0 1 0 1 0 1
64 1 255 1 255 1 255 1 255 1 255 1 255 1 255 1 255 1 255 1 255 1 255 1 255 1 255 1 255 1 255 1 255 1 255 1 0 1 0 1 0 1 0 1 0 1 0 1 255 1 255 1 255 1 255 1 255 1 255 1 255 1 255 1 255 1 255 1 255 1 255 1 255 1 255 1 255 1 255 1 255 1 255 1 255 1 255 1 255 1 255 1 255 1 255 1 255 1 255 1 255 1 255 1 255 1 255 1 255 1 255 1 255 1 255 1 255 1 255 1 255 1 255 1 255 1 255 1 255 1 3 1 3 1 3 1 3 1 3 1 0 1 0 1 0 1 0 1 0 1 0 1 0 1 0 1 0 1 0 1 0 1
64 1 255 1 255 1 255 1 255 1 255 1 255 1 255 1 255 1 255 1 255 1 255 1 255 1 255 1 255 1 255 1 255 1 255 1 0 1 0 1 0 1 0 1 0 1 0 1 255 1 255 1 255 1 255 1 255 1 255 1 255 1 255 1 255 1 255 1 255 1 255 1 255 1 255 1 255 1 255 1 255 1 255 1 255 1 255 1 255 1 255 1 255 1 255 1 255 1 255 1 255 1 255 1 255 1 255 1 255 1 255 1 255 1 255 1 255 1 255 1 255 1 255 1 255 1 255 1 255 1 3 1 3 1 3 1 3 1 3 1 0 1 0 1 0 1 0 1 0 1 0 1 0 1 0 1 0 1 0 1 0 1
64 1 255 1 255 1 255 1 255 1 255 1 255 1 255 1 255 1 255 1 255 1 255 1 255 1 255 1 255 1 255 1 255 1 255 1 0 1 0 1 0 1 0 1 0 1 255 1 255 1 255 1 255 1 255 1 255 1 255 1 255 1 255 1 255 1 255 1 255 1 255 1 255 1 255 1 255 1 255 1 255 1 255 1 255 1 255 1 255 1 255 1 255 1 255 1 255 1 255 1 255 1 255 1 255 1 255 1 255 1 255 1 255 1 255 1 255 1 255 1 255 1 255 1 255 1 255 1 255 1 3 1 3 1 3 1 3 1 3 1 0 1 0 1 0 1 0 1 0 1 0 1 0 1 0 1 0 1 0 1 0 1
64 1 255 1 255 1 255 1 255 1 255 1 255 1 255 1 255 1 255 1 255 1 255 1 255 1 255 1 255 1 255 1 255 1 255 1 0 1 0 1 0 1 0 1 0 1 255 1 255 1 255 1 255 1 255 1 255 1 255 1 255 1 255 1 255 1 255 1 255 1 255 1 255 1 255 1 255 1 255 1 255 1 255 1 255 1 255 1 255 1 255 1 255 1 255 1 255 1 255 1 255 1 255 1 255 1 255 1 255 1 255 1 255 1 255 1 255 1 255 1 255 1 255 1 255 1 255 1 255 1 3 1 3 1 3 1 3 1 3 1 0 1 0 1 0 1 0 1 0 1 0 1 0 1 0 1 0 1 0 1 0 1
64 1 255 1 255 1 255 1 255 1 255 1 255 1 255 1 255 1 255 1 255 1 255 1 255 1 255 1 255 1 255 1 255 1 255 1 0 1 0 1 0 1 0 1 0 1 255 1 255 1 255 1 255 1 255 1 255 1 255 1 255 1 255 1 255 1 255 1 255 1 255 1 255 1 255 1 255 1 255 1 255 1 255 1 255 1 255 1 255 1 255 1 255 1 255 1 255 1 255 1 255 1 255 1 255 1 255 1 255 1 255 1 255 1 255 1 255 1 255 1 255 1 255 1 255 1 255 1 255 1 3 1 3 1 3 1 3 1 3 1 0 1 0 1 0 1 0 1 0 1 0 1 0 1 0 1 0 1 0 1 0 1
64 1 255 1 255 1 255 1 255 1 255 1 255 1 255 1 255 1 255 1 255 1 255 1 255 1 255 1 255 1 255 1 255 1 255 1 255 1 0 1 0 1 0 1 0 1 255 1 255 1 255 1 255 1 255 1 255 1 255 1 255 1 255 1 255 1 255 1 255 1 255 1 255 1 255 1 255 1 255 1 255 1 255 1 255 1 255 1 255 1 255 1 255 1 255 1 255 1 255 1 255 1 255 1 255 1 255 1 255 1 255 1 255 1 255 1 255 1 255 1 255 1 255 1 255 1 255 1 255 1 255 1 255 1 255 1 255 1 3 1 0 1 0 1 0 1 0 1 0 1 0 1 0 1 0 1 0 1 0 1 0 1
64 1 255 1 255 1 255 1 255 1 255 1 255 1 255 1 255 1 255 1 255 1 255 1 255 1 255 1 255 1 255 1 255 1 255 1 255 1 255 1 255 1 0 1 0 1 0 1 255 1 255 1 255 1 255 1 255 1 255 1 255 1 255 1 255 1 255 1 255 1 255 1 255 1 255 1 255 1 255 1 255 1 255 1 255 1 255 1 255 1 255 1 255 1 255 1 255 1 255 1 255 1 255 1 255 1 255 1 255 1 255 1 255 1 255 1 255 1 255 1 255 1 255 1 255 1 255 1 255 1 255 1 255 1 255 1 255 1 3 1 0 1 0 1 0 1 0 1 0 1 0 1 0 1 0 1 0 1 0 1 0 1
64 1 255 1 255 1 255 1 255 1 255 1 255 1 255 1 255 1 255 1 255 1 255 1 255 1 255 1 255 1 255 1 255 1 255 1 255 1 255 1 255 1 0 1 0 1 0 1 255 1 255 1 255 1 255 1 255 1 255 1 255 1 255 1 255 1 255 1 255 1 255 1 255 1 255 1 255 1 255 1 255 1 255 1 255 1 255 1 255 1 255 1 255 1 255 1 255 1 255 1 255 1 255 1 255 1 255 1 255 1 255 1 255 1 255 1 255 1 255 1 255 1 255 1 255 1 255 1 255 1 255 1 255 1 255 1 255 1 3 1 0 1 0 1 0 1 0 1 0 1 0 1 0 1 0 1 0 1 0 1 0 1
64 1 255 1 255 1 255 1 255 1 255 1 255 1 255 1 255 1 255 1 255 1 255 1 255 1 255 1 255 1 255 1 255 1 255 1 255 1 255 1 255 1 0 1 0 1 0 1 255 1 255 1 255 1 255 1 255 1 255 1 255 1 255 1 255 1 255 1 255 1 255 1 255 1 255 1 255 1 255 1 255 1 255 1 255 1 255 1 255 1 255 1 255 1 255 1 255 1 255 1 255 1 255 1 255 1 255 1 255 1 255 1 255 1 255 1 255 1 255 1 255 1 255 1 255 1 255 1 255 1 255 1 255 1 255 1 3 1 3 1 0 1 0 1 0 1 0 1 0 1 0 1 0 1 0 1 0 1 0 1 0 1
64 1 255 1 255 1 255 1 255 1 255 1 255 1 255 1 255 1 255 1 255 1 255 1 255 1 255 1 255 1 255 1 255 1 255 1 255 1 255 1 255 1 255 1 255 1 255 1 255 1 255 1 255 1 255 1 255 1 255 1 255 1 255 1 255 1 0 1 0 1 255 1 255 1 255 1 255 1 255 1 255 1 255 1 255 1 255 1 255 1 255 1 255 1 255 1 255 1 255 1 255 1 255 1 255 1 255 1 255 1 255 1 255 1 255 1 255 1 255 1 255 1 255 1 255 1 255 1 255 1 255 1 255 1 255 1 3 1 0 1 0 1 0 1 0 1 0 1 0 1 0 1 0 1 0 1 0 1 0 1 0 1
64 1 255 1 255 1 255 1 255 1 255 1 255 1 255 1 255 1 255 1 255 1 255 1 255 1 255 1 255 1 255 1 255 1 255 1 255 1 255 1 255 1 255 1 255 1 255 1 255 1 255 1 255 1 255 1 255 1 255 1 255 1 255 1 255 1 0 1 0 1 255 1 255 1 255 1 255 1 255 1 255 1 255 1 255 1 255 1 255 1 255 1 255 1 255 1 255 1 255 1 255 1 255 1 255 1 255 1 255 1 255 1 255 1 255 1 255 1 255 1 255 1 255 1 255 1 255 1 255 1 255 1 255 1 3 1 3 1 0 1 0 1 0 1 0 1 0 1 0 1 0 1 0 1 0 1 0 1 0 1 0 1
64 1 255 1 255 1 255 1 255 1 255 1 255 1 255 1 255 1 255 1 255 1 255 1 255 1 255 1 255 1 255 1 255 1 255 1 255 1 255 1 255 1 255 1 255 1 255 1 255 1 255 1 255 1 255 1 255 1 255 1 255 1 255 1 255 1 255 1 255 1 255 1 255 1 255 1 255 1 255 1 255 1 255 1 255 1 255 1 255 1 255 1 255 1 255 1 255 1 255 1 255 1 255 1 255 1 255 1 255 1 255 1 255 1 255 1 255 1 255 1 255 1 255 1 255 1 255 1 255 1 255 1 255 1 3 1 0 1 0 1 0 1 0 1 0 1 0 1 0 1 0 1 0 1 0 1 0 1 0 1 0 1
64 1 255 1 255 1 255 1 255 1 255 1 255 1 255 1 255 1 255 1 255 1 255 1 255 1 255 1 255 1 255 1 255 1 255 1 0 1 0 1 0 1 0 1 0 1 255 1 255 1 255 1 255 1 255 1 255 1 255 1 255 1 255 1 255 1 255 1 255 1 255 1 255 1 255 1 255 1 255 1 255 1 255 1 255 1 255 1 255 1 255 1 255 1 255 1 255 1 255 1 255 1 255 1 255 1 255 1 255 1 255 1 255 1 255 1 255 1 255 1 255 1 255 1 255 1 255 1 255 1 3 1 3 1 3 1 3 1 3 1 255 1 0 1 255 1 255 1 255 1 255 1 255 1 0 1 0 1 0 1 0 1
64 1 255 1 255 1 255 1 255 1 255 1 255 1 255 1 255 1 255 1 255 1 255 1 255 1 255 1 255 1 255 1 255 1 255 1 0 1 0 1 0 1 0 1 0 1 255 1 255 1 255 1 255 1 255 1 255 1 255 1 255 1 255 1 255 1 255 1 255 1 255 1 255 1 255 1 255 1 255 1 255 1 255 1 255 1 255 1 255 1 255 1 255 1 255 1 255 1 255 1 255 1 255 1 255 1 255 1 255 1 255 1 255 1 255 1 255 1 255 1 255 1 255 1 255 1 255 1 255 1 3 1 3 1 3 1 3 1 3 1 255 1 0 1 255 1 255 1 255 1 255 1 255 1 0 1 0 1 0 1 0 1
64 1 255 1 255 1 255 1 255 1 255 1 255 1 255 1 255 1 255 1 255 1 255 1 255 1 255 1 255 1 255 1 255 1 255 1 0 1 0 1 0 1 0 1 0 1 0 1 255 1 255 1 255 1 255 1 255 1 255 1 255 1 255 1 255 1 255 1 255 1 255 1 255 1 255 1 255 1 255 1 255 1 255 1 255 1 255 1 255 1 255 1 255 1 255 1 255 1 255 1 255 1 255 1 255 1 255 1 255 1 255 1 255 1 255 1 255 1 255 1 255 1 255 1 255 1 255 1 255 1 3 1 3 1 3 1 3 1 3 1 255 1 0 1 0 1 0 1 0 1 0 1 0 1 0 1 0 1 0 1 0 1
64 1 255 1 255 1 255 1 255 1 255 1 255 1 255 1 255 1 255 1 255 1 255 1 255 1 255 1 255 1 255 1 255 1 255 1 0 1 0 1 0 1 0 1 0 1 0 1 255 1 255 1 255 1 255 1 255 1 255 1 255 1 255 1 255 1 255 1 255 1 255 1 255 1 255 1 255 1 255 1 255 1 255 1 255 1 255 1 255 1 255 1 255 1 255 1 255 1 255 1 255 1 255 1 255 1 255 1 255 1 255 1 255 1 255 1 255 1 255 1 255 1 255 1 255 1 255 1 255 1 3 1 3 1 3 1 3 1 3 1 255 1 0 1 0 1 0 1 0 1 0 1 0 1 0 1 0 1 0 1 0 1
64 1 255 1 255 1 255 1 255 1 255 1 255 1 255 1 255 1 255 1 255 1 255 1 255 1 255 1 255 1 255 1 255 1 255 1 0 1 0 1 0 1 0 1 0 1 0 1 255 1 255 1 255 1 255 1 255 1 255 1 255 1 255 1 255 1 255 1 255 1 255 1 255 1 255 1 255 1 255 1 255 1 255 1 255 1 255 1 255 1 255 1 255 1 255 1 255 1 255 1 255 1 255 1 255 1 255 1 255 1 255 1 255 1 255 1 255 1 255 1 255 1 255 1 255 1 255 1 255 1 3 1 3 1 3 1 3 1 3 1 255 1 0 1 0 1 0 1 0 1 0 1 0 1 0 1 0 1 0 1 0 1
64 1 255 1 255 1 255 1 255 1 255 1 255 1 255 1 255 1 255 1 255 1 255 1 255 1 255 1 255 1 255 1 255 1 255 1 0 1 0 1 0 1 0 1 0 1 0 1 255 1 255 1 255 1 255 1 255 1 255 1 255 1 255 1 255 1 255 1 255 1 255 1 255 1 255 1 255 1 255 1 255 1 255 1 255 1 255 1 255 1 255 1 255 1 255 1 255 1 255 1 255 1 255 1 255 1 255 1 255 1 255 1 255 1 255 1 255 1 255 1 255 1 255 1 255 1 255 1 255 1 3 1 3 1 3 1 3 1 3 1 0 1 0 1 0 1 0 1 0 1 0 1 0 1 0 1 0 1 0 1 0 1
64 1 255 1 255 1 255 1 255 1 255 1 255 1 255 1 255 1 255 1 255 1 255 1 255 1 255 1 255 1 255 1 255 1 255 1 0 1 0 1 0 1 0 1 0 1 0 1 255 1 255 1 255 1 255 1 255 1 255 1 255 1 255 1 255 1 255 1 255 1 255 1 255 1 255 1 255 1 255 1 255 1 255 1 255 1 255 1 255 1 255 1 255 1 255 1 255 1 255 1 255 1 255 1 255 1 255 1 255 1 255 1 255 1 255 1 255 1 255 1 255 1 255 1 255 1 255 1 255 1 3 1 3 1 3 1 3 1 3 1 0 1 0 1 0 1 0 1 0 1 0 1 0 1 0 1 0 1 0 1 0 1
64 1 255 1 255 1 255 1 255 1 255 1 255 1 255 1 255 1 255 1 255 1 255 1 255 1 255 1 255 1 255 1 255 1 255 1 0 1 0 1 0 1 0 1 0 1 0 1 255 1 255 1 255 1 255 1 255 1 255 1 255 1 255 1 255 1 255 1 255 1 255 1 255 1 255 1 255 1 255 1 255 1 255 1 255 1 255 1 255 1 255 1 255 1 255 1 255 1 255 1 255 1 255 1 255 1 255 1 255 1 255 1 255 1 255 1 255 1 255 1 255 1 255 1 255 1 255 1 255 1 3 1 3 1 3 1 3 1 3 1 0 1 0 1 0 1 0 1 0 1 0 1 0 1 0 1 0 1 0 1 0 1
64 1 255 1 255 1 255 1 255 1 255 1 255 1 255 1 255 1 255 1 255 1 255 1 255 1 255 1 255 1 255 1 255 1 255 1 0 1 0 1 0 1 0 1 0 1 255 1 255 1 255 1 255 1 255 1 255 1 255 1 255 1 255 1 255 1 255 1 255 1 255 1 255 1 255 1 255 1 255 1 255 1 255 1 255 1 255 1 255 1 255 1 255 1 255 1 255 1 255 1 255 1 255 1 255 1 255 1 255 1 255 1 255 1 255 1 255 1 255 1 255 1 255 1 255 1 255 1 255 1 3 1 3 1 3 1 3 1 3 1 0 1 0 1 0 1 0 1 0 1 0 1 0 1 0 1 0 1 0 1 0 1
64 1 255 1 255 1 255 1 255 1 255 1 255 1 255 1 255 1 255 1 255 1 255 1 255 1 255 1 255 1 255 1 255 1 255 1 0 1 0 1 0 1 0 1 0 1 255 1 255 1 255 1 255 1 255 1 255 1 255 1 255 1 255 1 255 1 255 1 255 1 255 1 255 1 255 1 255 1 255 1 255 1 255 1 255 1 255 1 255 1 255 1 255 1 255 1 255 1 255 1 255 1 255 1 255 1 255 1 255 1 255 1 255 1 255 1 255 1 255 1 255 1 255 1 255 1 255 1 255 1 255 1 255 1 255 1 255 1 255 1 0 1 0 1 0 1 0 1 0 1 0 1 0 1 0 1 0 1 0 1 0 1
64 1 255 1 255 1 255 1 255 1 255 1 255 1 255 1 255 1 255 1 255 1 255 1 255 1 255 1 255 1 255 1 255 1 255 1 0 1 0 1 0 1 0 1 0 1 0 1 255 1 255 1 255 1 255 1 255 1 255 1 255 1 255 1 255 1 255 1 255 1 255 1 255 1 255 1 255 1 255 1 255 1 255 1 255 1 255 1 255 1 255 1 255 1 255 1 255 1 255 1 255 1 255 1 255 1 255 1 255 1 255 1 255 1 255 1 255 1 255 1 255 1 255 1 255 1 255 1 255 1 255 1 255 1 255 1 255 1 0 1 0 1 0 1 0 1 0 1 0 1 0 1 0 1 0 1 0 1 0 1 0 1
64 1 255 1 255 1 255 1 255 1 255 1 255 1 255 1 255 1 255 1 255 1 255 1 255 1 255 1 255 1 255 1 255 1 255 1 255 1 0 1 0 1 0 1 0 1 0 1 255 1 255 1 255 1 255 1 255 1 255 1 255 1 255 1 255 1 255 1 255 1 255 1 255 1 255 1 255 1 255 1 255 1 255 1 255 1 255 1 255 1 255 1 255 1 255 1 255 1 255 1 255 1 255 1 255 1 255 1 255 1 255 1 255 1 255 1 255 1 255 1 255 1 255 1 255 1 255 1 255 1 255 1 255 1 255 1 255 1 0 1 0 1 0 1 0 1 0 1 0 1 0 1 0 1 0 1 0 1 0 1 0 1
64 1 255 1 255 1 255 1 255 1 255 1 255 1 255 1 255 1 255 1 255 1 255 1 255 1 255 1 255 1 255 1 255 1 255 1 255 1 255 1 255 1 0 1 0 1 0 1 255 1 255 1 255 1 255 1 255 1 255 1 255 1 255 1 255 1 0 1 0 1 255 1 255 1 255 1 255 1 255 1 255 1 255 1 255 1 255 1 255 1 255 1 255 1 255 1 255 1 255 1 255 1 255 1 255 1 255 1 255 1 255 1 255 1 255 1 255 1 255 1 255 1 255 1 255 1 255 1 255 1 255 1 255 1 255 1 255 1 0 1 0 1 0 1 0 1 0 1 0 1 0 1 0 1 0 1 0 1 0 1 0 1
64 1 255 1 255 1 255 1 255 1 255 1 255 1 255 1 255 1 255 1 255 1 255 1 255 1 255 1 255 1 255 1 255 1 255 1 255 1 255 1 255 1 0 1 0 1 255 1 255 1 255 1 255 1 255 1 255 1 255 1 255 1 255 1 255 1 0 1 0 1 0 1 255 1 255 1 255 1 255 1 255 1 255 1 255 1 255 1 255 1 255 1 255 1 255 1 255 1 255 1 255 1 255 1 255 1 255 1 255 1 255 1 255 1 255 1 255 1 255 1 255 1 255 1 255 1 255 1 255 1 255 1 255 1 255 1 0 1 0 1 0 1 0 1 0 1 0 1 0 1 0 1 0 1 0 1 0 1 0 1 0 1
64 1 255 1 255 1 255 1 255 1 255 1 255 1 255 1 255 1 255 1 255 1 255 1 255 1 255 1 255 1 255 1 255 1 255 1 255 1 255 1 255 1 255 1 255 1 255 1 255 1 255 1 255 1 255 1 255 1 255 1 255 1 255 1 255 1 0 1 0 1 0 1 255 1 255 1 255 1 255 1 255 1 255 1 255 1 255 1 255 1 255 1 255 1 255 1 255 1 255 1 255 1 255 1 255 1 255 1 255 1 255 1 255 1 255 1 255 1 255 1 255 1 255 1 255 1 255 1 255 1 255 1 255 1 255 1 0 1 0 1 0 1 0 1 0 1 0 1 0 1 0 1 0 1 0 1 0 1 0 1 0 1
64 1 255 1 255 1 255 1 255 1 255 1 255 1 255 1 255 1 255 1 255 1 255 1 255 1 255 1 255 1 255 1 255 1 255 1 255 1 255 1 255 1 255 1 255 1 255 1 255 1 255 1 255 1 255 1 255 1 255 1 255 1 255 1 255 1 0 1 0 1 255 1 255 1 255 1 255 1 255 1 255 1 255 1 255 1 255 1 255 1 255 1 255 1 255 1 255 1 255 1 255 1 255 1 255 1 255 1 255 1 255 1 255 1 255 1 255 1 255 1 255 1 255 1 255 1 255 1 255 1 255 1 255 1 0 1 0 1 0 1 0 1 0 1 0 1 0 1 0 1 0 1 0 1 0 1 0 1 0 1 0 1
64 1 255 1 255 1 255 1 255 1 255 1 255 1 255 1 255 1 255 1 255 1 255 1 255 1 255 1 255 1 255 1 255 1 255 1 255 1 0 1 0 1 0 1 255 1 255 1 255 1 255 1 255 1 255 1 255 1 255 1 255 1 255 1 255 1 255 1 255 1 255 1 255 1 255 1 255 1 255 1 255 1 255 1 255 1 255 1 255 1 255 1 255 1 255 1 255 1 255 1 255 1 255 1 255 1 255 1 255 1 255 1 255 1 255 1 255 1 255 1 255 1 255 1 255 1 255 1 255 1 3 1 3 1 3 1 3 1 3 1 255 1 0 1 255 1 255 1 255 1 255 1 255 1 0 1 0 1 0 1 0 1
64 1 255 1 255 1 255 1 255 1 255 1 255 1 255 1 255 1 255 1 255 1 255 1 255 1 255 1 255 1 255 1 255 1 255 1 0 1 0 1 0 1 0 1 0 1 255 1 255 1 255 1 255 1 255 1 255 1 255 1 255 1 255 1 255 1 255 1 255 1 255 1 255 1 255 1 255 1 255 1 255 1 255 1 255 1 255 1 255 1 255 1 255 1 255 1 255 1 255 1 255 1 255 1 255 1 255 1 255 1 255 1 255 1 255 1 255 1 255 1 255 1 255 1 255 1 255 1 255 1 3 1 3 1 3 1 3 1 3 1 255 1 0 1 255 1 255 1 255 1 255 1 255 1 0 1 0 1 0 1 0 1
64 1 255 1 255 1 255 1 255 1 255 1 255 1 255 1 255 1 255 1 255 1 255 1 255 1 255 1 255 1 255 1 255 1 255 1 0 1 0 1 0 1 0 1 0 1 255 1 255 1 255 1 255 1 255 1 255 1 255 1 255 1 255 1 255 1 255 1 255 1 255 1 255 1 255 1 255 1 255 1 255 1 255 1 255 1 255 1 255 1 255 1 255 1 255 1 255 1 255 1 255 1 255 1 255 1 255 1 255 1 255 1 255 1 255 1 255 1 255 1 255 1 255 1 255 1 255 1 255 1 3 1 3 1 3 1 3 1 3 1 255 1 0 1 0 1 0 1 0 1 0 1 0 1 0 1 0 1 0 1 0 1
64 1 255 1 255 1 255 1 255 1 255 1 255 1 255 1 255 1 255 1 255 1 255 1 255 1 255 1 255 1 255 1 255 1 255 1 0 1 0 1 0 1 0 1 0 1 0 1 255 1 255 1 255 1 255 1 255 1 255 1 255 1 255 1 255 1 255 1 255 1 255 1 255 1 255 1 255 1 255 1 255 1 255 1 255 1 255 1 255 1 255 1 255 1 255 1 255 1 255 1 255 1 255 1 255 1 255 1 255 1 255 1 255 1 255 1 255 1 255 1 255 1 255 1 255 1 255 1 255 1 3 1 3 1 3 1 3 1 3 1 255 1 0 1 0 1 0 1 0 1 0 1 0 1 0 1 0 1 0 1 0 1
64 1 255 1 255 1 255 1 255 1 255 1 255 1 255 1 255 1 255 1 255 1 255 1 255 1 255 1 255 1 255 1 255 1 255 1 0 1 0 1 0 1 0 1 0 1 0 1 255 1 255 1 255 1 255 1 255 1 255 1 255 1 255 1 255 1 255 1 255 1 255 1 255 1 255 1 255 1 255 1 255 1 255 1 255 1 255 1 255 1 255 1 255 1 255 1 255 1 255 1 255 1 255 1 255 1 255 1 255 1 255 1 255 1 255 1 255 1 255 1 255 1 255 1 255 1 255 1 255 1 3 1 3 1 3 1 3 1 3 1 255 1 0 1 0 1 0 1 0 1 0 1 0 1 0 1 0 1 0 1 0 1
64 1 255 1 255 1 255 1 255 1 255 1 255 1 255 1 255 1 255 1 255 1 255 1 255 1 255 1 255 1 255 1 255 1 255 1 0 1 0 1 0 1 0 1 0 1 0 1 255 1 255 1 255 1 255 1 255 1 255 1 255 1 255 1 255 1 255 1 255 1 255 1 255 1 255 1 255 1 255 1 255 1 255 1 255 1 255 1 255 1 255 1 255 1 255 1 255 1 255 1 255 1 255 1 255 1 255 1 255 1 255 1 255 1 255 1 255 1 255 1 255 1 255 1 255 1 255 1 255 1 3 1 3 1 3 1 3 1 3 1 255 1 0 1 0 1 0 1 0 1 0 1 0 1 0 1 0 1 0 1 0 1
64 1 255 1 255 1 255 1 255 1 255 1 255 1 255 1 255 1 255 1 255 1 255 1 255 1 255 1 255 1 255 1 255 1 255 1 0 1 0 1 0 1 0 1 0 1 0 1 255 1 255 1 255 1 255 1 255 1 255 1 255 1 255 1 255 1 255 1 255 1 255 1 255 1 255 1 255 1 255 1 255 1 255 1 255 1 255 1 255 1 255 1 255 1 255 1 255 1 255 1 255 1 255 1 255 1 255 1 255 1 255 1 255 1 255 1 255 1 255 1 255 1 255 1 255 1 255 1 255 1 3 1 3 1 3 1 3 1 3 1 0 1 0 1 0 1 0 1 0 1 0 1 0 1 0 1 0 1 0 1 0 1
64 1 255 1 255 1 255 1 255 1 255 1 255 1 255 1 255 1 255 1 255 1 255 1 255 1 255 1 255 1 255 1 255 1 255 1 0 1 0 1 0 1 0 1 0 1 0 1 255 1 255 1 255 1 255 1 255 1 255 1 255 1 255 1 255 1 255 1 255 1 255 1 255 1 255 1 255 1 255 1 255 1 255 1 255 1 255 1 255 1 255 1 255 1 255 1 255 1 255 1 255 1 255 1 255 1 255 1 255 1 255 1 255 1 255 1 255 1 255 1 255 1 255 1 255 1 255 1 255 1 3 1 3 1 3 1 3 1 3 1 0 1 0 1 0 1 0 1 0 1 0 1 0 1 0 1 0 1 0 1 0 1
64 1 255 1 255 1 255 1 255 1 255 1 255 1 255 1 255 1 255 1 255 1 255 1 255 1 255 1 255 1 255 1 255 1 255 1 0 1 0 1 0 1 0 1 0 1 0 1 255 1 255 1 255 1 255 1 255 1 255 1 255 1 255 1 255 1 255 1 255 1 255 1 255 1 255 1 255 1 255 1 255 1 255 1 255 1 255 1 255 1 255 1 255 1 255 1 255 1 255 1 255 1 255 1 255 1 255 1 255 1 255 1 255 1 255 1 255 1 255 1 255 1 255 1 255 1 255 1 255 1 3 1 3 1 3 1 3 1 3 1 0 1 0 1 0 1 0 1 0 1 0 1 0 1 0 1 0 1 0 1 0 1
64 1 255 1 255 1 255 1 255 1 255 1 255 1 255 1 255 1 255 1 255 1 255 1 255 1 255 1 255 1 255 1 255 1 255 1 0 1 0 1 0 1 0 1 0 1 0 1 255 1 255 1 255 1 255 1 255 1 255 1 255 1 255 1 255 1 255 1 255 1 255 1 255 1 255 1 255 1 255 1 255 1 255 1 255 1 255 1 255 1 255 1 255 1 255 1 255 1 255 1 255 1 255 1 255 1 255 1 255 1 255 1 255 1 255 1 255 1 255 1 255 1 255 1 255 1 255 1 255 1 255 1 255 1 255 1 255 1 3 1 0 1 0 1 0 1 0 1 0 1 0 1 0 1 0 1 0 1 0 1 0 1
64 1 255 1 255 1 255 1 255 1 255 1 255 1 255 1 255 1 255 1 255 1 255 1 255 1 255 1 255 1 255 1 255 1 255 1 0 1 0 1 0 1 0 1 0 1 0 1 255 1 255 1 255 1 255 1 255 1 255 1 255 1 255 1 255 1 255 1 255 1 255 1 255 1 255 1 255 1 255 1 255 1 255 1 255 1 255 1 255 1 255 1 255 1 255 1 255 1 255 1 255 1 255 1 255 1 255 1 255 1 255 1 255 1 255 1 255 1 255 1 255 1 255 1 255 1 255 1 255 1 255 1 255 1 255 1 255 1 255 1 0 1 0 1 0 1 0 1 0 1 0 1 0 1 0 1 0 1 0 1 0 1
64 1 255 1 255 1 255 1 255 1 255 1 255 1 255 1 255 1 255 1 255 1 255 1 255 1 255 1 255 1 255 1 255 1 255 1 0 1 0 1 0 1 0 1 0 1 0 1 255 1 255 1 255 1 255 1 255 1 255 1 255 1 255 1 255 1 255 1 255 1 255 1 255 1 255 1 255 1 255 1 255 1 255 1 255 1 255 1 255 1 255 1 255 1 255 1 255 1 255 1 255 1 255 1 255 1 255 1 255 1 255 1 255 1 255 1 255 1 255 1 255 1 255 1 255 1 255 1 255 1 255 1 255 1 255 1 255 1 0 1 0 1 0 1 0 1 0 1 0 1 0 1 0 1 0 1 0 1 0 1 0 1
64 1 255 1 255 1 255 1 255 1 255 1 255 1 255 1 255 1 255 1 255 1 255 1 255 1 255 1 255 1 255 1 255 1 255 1 255 1 0 1 0 1 0 1 0 1 0 1 255 1 255 1 255 1 255 1 255 1 255 1 255 1 255 1 255 1 0 1 0 1 255 1 255 1 255 1 255 1 255 1 255 1 255 1 255 1 255 1 255 1 255 1 255 1 255 1 255 1 255 1 255 1 255 1 255 1 255 1 255 1 255 1 255 1 255 1 255 1 255 1 255 1 255 1 255 1 255 1 255 1 255 1 255 1 255 1 255 1 0 1 0 1 0 1 0 1 0 1 0 1 0 1 0 1 0 1 0 1 0 1 0 1
64 1 255 1 255 1 255 1 255 1 255 1 255 1 255 1 255 1 255 1 255 1 255 1 255 1 255 1 255 1 255 1 255 1 255 1 255 1 255 1 255 1 0 1 0 1 0 1 255 1 255 1 255 1 255 1 255 1 255 1 255 1 255 1 255 1 0 1 0 1 0 1 255 1 255 1 255 1 255 1 255 1 255 1 255 1 255 1 255 1 255 1 255 1 255 1 255 1 255 1 255 1 255 1 255 1 255 1 255 1 255 1 255 1 255 1 255 1 255 1 255 1 255 1 255 1 255 1 255 1 255 1 255 1 255 1 0 1 0 1 0 1 0 1 0 1 0 1 0 1 0 1 0 1 0 1 0 1 0 1 0 1
64 1 255 1 255 1 255 1 255 1 255 1 255 1 255 1 255 1 255 1 255 1 255 1 255 1 255 1 255 1 255 1 255 1 255 1 255 1 255 1 255 1 255 1 255 1 255 1 255 1 255 1 255 1 255 1 255 1 255 1 255 1 255 1 255 1 0 1 0 1 0 1 255 1 255 1 255 1 255 1 255 1 255 1 255 1 255 1 255 1 255 1 255 1 255 1 255 1 255 1 255 1 255 1 255 1 255 1 255 1 255 1 255 1 255 1 255 1 255 1 255 1 255 1 255 1 255 1 255 1 255 1 255 1 255 1 0 1 0 1 0 1 0 1 0 1 0 1 0 1 0 1 0 1 0 1 0 1 0 1 0 1
64 1 255 1 255 1 255 1 255 1 255 1 255 1 255 1 255 1 255 1 255 1 255 1 255 1 255 1 255 1 255 1 255 1 255 1 255 1 255 1 255 1 255 1 255 1 255 1 255 1 255 1 255 1 255 1 255 1 255 1 255 1 255 1 255 1 255 1 0 1 255 1 255 1 255 1 255 1 255 1 255 1 255 1 255 1 255 1 255 1 255 1 255 1 255 1 255 1 255 1 255 1 255 1 255 1 255 1 255 1 255 1 255 1 255 1 255 1 255 1 255 1 255 1 255 1 255 1 255 1 255 1 255 1 0 1 0 1 0 1 0 1 0 1 0 1 0 1 0 1 0 1 0 1 0 1 0 1 0 1 0 1
64 1 255 1 255 1 255 1 255 1 255 1 255 1 255 1 255 1 255 1 255 1 255 1 255 1 255 1 255 1 255 1 255 1 255 1 255 1 255 1 255 1 255 1 255 1 255 1 255 1 255 1 255 1 255 1 255 1 255 1 255 1 255 1 255 1 255 1 255 1 255 1 255 1 255 1 255 1 255 1 255 1 255 1 255 1 255 1 255 1 255 1 255 1 255 1 255 1 255 1 255 1 255 1 255 1 255 1 255 1 255 1 255 1 255 1 255 1 255 1 255 1 255 1 255 1 255 1 255 1 3 1 3 1 3 1 3 1 3 1 0 1 0 1 255 1 255 1 255 1 255 1 255 1 0 1 0 1 0 1 0 1
64 1 255 1 255 1 255 1 255 1 255 1 255 1 255 1 255 1 255 1 255 1 255 1 255 1 255 1 255 1 255 1 255 1 255 1 255 1 0 1 0 1 0 1 255 1 255 1 255 1 255 1 255 1 255 1 255 1 255 1 255 1 255 1 255 1 255 1 255 1 255 1 255 1 255 1 255 1 255 1 255 1 255 1 255 1 255 1 255 1 255 1 255 1 255 1 255 1 255 1 255 1 255 1 255 1 255 1 255 1 255 1 255 1 255 1 255 1 255 1 255 1 255 1 255 1 255 1 255 1 3 1 3 1 3 1 3 1 3 1 0 1 0 1 255 1 255 1 255 1 255 1 255 1 0 1 0 1 0 1 0 1
64 1 255 1 255 1 255 1 255 1 255 1 255 1 255 1 255 1 255 1 255 1 255 1 255 1 255 1 255 1 255 1 255 1 255 1 0 1 0 1 0 1 0 1 0 1 255 1 255 1 255 1 255 1 255 1 255 1 255 1 255 1 255 1 255 1 255 1 255 1 255 1 255 1 255 1 255 1 255 1 255 1 255 1 255 1 255 1 255 1 255 1 255 1 255 1 255 1 255 1 255 1 255 1 255 1 255 1 255 1 255 1 255 1 255 1 255 1 255 1 255 1 255 1 255 1 255 1 255 1 3 1 3 1 3 1 3 1 3 1 0 1 0 1 0 1 0 1 0 1 0 1 0 1 0 1 0 1 0 1 0 1
64 1 255 1 255 1 255 1 255 1 255 1 255 1 255 1 255 1 255 1 255 1 255 1 255 1 255 1 255 1 255 1 255 1 255 1 0 1 0 1 0 1 0 1 0 1 255 1 255 1 255 1 255 1 255 1 255 1 255 1 255 1 255 1 255 1 255 1 255 1 255 1 255 1 255 1 255 1 255 1 255 1 255 1 255 1 255 1 255 1 255 1 255 1 255 1 255 1 255 1 255 1 255 1 255 1 255 1 255 1 255 1 255 1 255 1 255 1 255 1 255 1 255 1 255 1 255 1 255 1 3 1 3 1 3 1 3 1 3 1 0 1 0 1 0 1 0 1 0 1 0 1 0 1 0 1 0 1 0 1 0 1
64 1 255 1 255 1 255 1 255 1 255 1 255 1 255 1 255 1 255 1 255 1 255 1 255 1 255 1 255 1 255 1 255 1 255 1 0 1 0 1 0 1 0 1 0 1 0 1 255 1 255 1 255 1 255 1 255 1 255 1 255 1 255 1 255 1 255 1 255 1 255 1 255 1 255 1 255 1 255 1 255 1 255 1 255 1 255 1 255 1 255 1 255 1 255 1 255 1 255 1 255 1 255 1 255 1 255 1 255 1 255 1 255 1 255 1 255 1 255 1 255 1 255 1 255 1 255 1 255 1 3 1 3 1 3 1 3 1 3 1 0 1 0 1 0 1 0 1 0 1 0 1 0 1 0 1 0 1 0 1 0 1
64 1 255 1 255 1 255 1 255 1 255 1 255 1 255 1 255 1 255 1 255 1 255 1 255 1 255 1 255 1 255 1 255 1 255 1 0 1 0 1 0 1 0 1 0 1 0 1 255 1 255 1 255 1 255 1 255 1 255 1 255 1 255 1 255 1 255 1 255 1 255 1 255 1 255 1 255 1 255 1 255 1 255 1 255 1 255 1 255 1 255 1 255 1 255 1 255 1 255 1 255 1 255 1 255 1 255 1 255 1 255 1 255 1 255 1 255 1 255 1 255 1 255 1 255 1 255 1 255 1 3 1 3 1 3 1 3 1 3 1 0 1 0 1 0 1 0 1 0 1 0 1 0 1 0 1 0 1 0 1 0 1
64 1 255 1 255 1 255 1 255 1 255 1 255 1 255 1 255 1 255 1 255 1 255 1 255 1 255 1 255 1 255 1 255 1 255 1 0 1 0 1 0 1 0 1 0 1 0 1 255 1 255 1 255 1 255 1 255 1 255 1 255 1 255 1 255 1 255 1 255 1 255 1 255 1 255 1 255 1 255 1 255 1 255 1 255 1 255 1 255 1 255 1 255 1 255 1 255 1 255 1 255 1 255 1 255 1 255 1 255 1 255 1 255 1 255 1 255 1 255 1 255 1 255 1 255 1 255 1 255 1 3 1 3 1 3 1 3 1 3 1 0 1 0 1 0 1 0 1 0 1 0 1 0 1 0 1 0 1 0 1 0 1
64 1 255 1 255 1 255 1 255 1 255 1 255 1 255 1 255 1 255 1 255 1 255 1 255 1 255 1 255 1 255 1 255 1 255 1 0 1 0 1 0 1 0 1 0 1 0 1 255 1 255 1 255 1 255 1 255 1 255 1 255 1 255 1 255 1 255 1 255 1 255 1 255 1 255 1 255 1 255 1 255 1 255 1 255 1 255 1 255 1 255 1 255 1 255 1 255 1 255 1 255 1 255 1 255 1 255 1 255 1 255 1 255 1 255 1 255 1 255 1 255 1 255 1 255 1 255 1 255 1 3 1 3 1 3 1 3 1 3 1 0 1 0 1 0 1 0 1 0 1 0 1 0 1 0 1 0 1 0 1 0 1
64 1 255 1 255 1 255 1 255 1 255 1 255 1 255 1 255 1 255 1 255 1 255 1 255 1 255 1 255 1 255 1 255 1 255 1 0 1 0 1 0 1 0 1 0 1 0 1 255 1 255 1 255 1 255 1 255 1 255 1 255 1 255 1 255 1 255 1 255 1 255 1 255 1 255 1 255 1 255 1 255 1 255 1 255 1 255 1 255 1 255 1 255 1 255 1 255 1 255 1 255 1 255 1 255 1 255 1 255 1 255 1 255 1 255 1 255 1 255 1 255 1 255 1 255 1 255 1 255 1 3 1 3 1 3 1 3 1 3 1 0 1 0 1 0 1 0 1 0 1 0 1 0 1 0 1 0 1 0 1 0 1
64 1 255 1 255 1 255 1 255 1 255 1 255 1 255 1 255 1 255 1 255 1 255 1 255 1 255 1 255 1 255 1 255 1 255 1 0 1 0 1 0 1 0 1 0 1 0 1 255 1 255 1 255 1 255 1 255 1 255 1 255 1 255 1 255 1 255 1 255 1 255 1 255 1 255 1 255 1 255 1 255 1 255 1 255 1 255 1 255 1 255 1 255 1 255 1 255 1 255 1 255 1 255 1 255 1 255 1 255 1 255 1 255 1 255 1 255 1 255 1 255 1 255 1 255 1 255 1 255 1 255 1 255 1 255 1 255 1 3 1 0 1 0 1 0 1 0 1 0 1 0 1 0 1 0 1 0 1 0 1 0 1
64 1 255 1 255 1 255 1 255 1 255 1 255 1 255 1 255 1 255 1 255 1 255 1 255 1 255 1 255 1 255 1 255 1 255 1 0 1 0 1 0 1 0 1 0 1 0 1 0 1 255 1 255 1 255 1 255 1 255 1 255 1 255 1 255 1 255 1 255 1 255 1 255 1 255 1 255 1 255 1 255 1 255 1 255 1 255 1 255 1 255 1 255 1 255 1 255 1 255 1 255 1 255 1 255 1 255 1 255 1 255 1 255 1 255 1 255 1 255 1 255 1 255 1 255 1 255 1 255 1 255 1 255 1 255 1 255 1 3 1 0 1 0 1 0 1 0 1 0 1 0 1 0 1 0 1 0 1 0 1 0 1
64 1 255 1 255 1 255 1 255 1 255 1 255 1 255 1 255 1 255 1 255 1 255 1 255 1 255 1 255 1 255 1 255 1 255 1 0 1 0 1 0 1 0 1 0 1 0 1 255 1 255 1 255 1 255 1 255 1 255 1 255 1 255 1 255 1 255 1 255 1 255 1 255 1 255 1 255 1 255 1 255 1 255 1 255 1 255 1 255 1 255 1 255 1 255 1 255 1 255 1 255 1 255 1 255 1 255 1 255 1 255 1 255 1 255 1 255 1 255 1 255 1 255 1 255 1 255 1 255 1 255 1 255 1 255 1 255 1 0 1 0 1 0 1 0 1 0 1 0 1 0 1 0 1 0 1 0 1 0 1 0 1
64 1 255 1 255 1 255 1 255 1 255 1 255 1 255 1 255 1 255 1 255 1 255 1 255 1 255 1 255 1 255 1 255 1 255 1 0 1 0 1 0 1 0 1 0 1 0 1 255 1 255 1 255 1 255 1 255 1 255 1 255 1 255 1 255 1 0 1 0 1 255 1 255 1 255 1 255 1 255 1 255 1 255 1 255 1 255 1 255 1 255 1 255 1 255 1 255 1 255 1 255 1 255 1 255 1 255 1 255 1 255 1 255 1 255 1 255 1 255 1 255 1 255 1 255 1 255 1 255 1 255 1 255 1 255 1 0 1 0 1 0 1 0 1 0 1 0 1 0 1 0 1 0 1 0 1 0 1 0 1 0 1
64 1 255 1 255 1 255 1 255 1 255 1 255 1 255 1 255 1 255 1 255 1 255 1 255 1 255 1 255 1 255 1 255 1 255 1 255 1 0 1 0 1 0 1 0 1 0 1 255 1 255 1 255 1 255 1 255 1 255 1 255 1 255 1 255 1 0 1 0 1 0 1 255 1 255 1 255 1 255 1 255 1 255 1 255 1 255 1 255 1 255 1 255 1 255 1 255 1 255 1 255 1 255 1 255 1 255 1 255 1 255 1 255 1 255 1 255 1 255 1 255 1 255 1 255 1 255 1 255 1 255 1 255 1 255 1 0 1 0 1 0 1 0 1 0 1 0 1 0 1 0 1 0 1 0 1 0 1 0 1 0 1
64 1 255 1 255 1 255 1 255 1 255 1 255 1 255 1 255 1 255 1 255 1 255 1 255 1 255 1 255 1 255 1 255 1 255 1 255 1 255 1 255 1 0 1 0 1 255 1 255 1 255 1 255 1 255 1 255 1 255 1 255 1 255 1 255 1 0 1 0 1 0 1 255 1 255 1 255 1 255 1 255 1 255 1 255 1 255 1 255 1 255 1 255 1 255 1 255 1 255 1 255 1 255 1 255 1 255 1 255 1 255 1 255 1 255 1 255 1 255 1 255 1 255 1 255 1 255 1 255 1 255 1 255 1 0 1 0 1 0 1 0 1 0 1 0 1 0 1 0 1 0 1 0 1 0 1 0 1 0 1 0 1
64 1 255 1 255 1 255 1 255 1 255 1 255 1 255 1 255 1 255 1 255 1 255 1 255 1 255 1 255 1 255 1 255 1 255 1 255 1 255 1 255 1 255 1 255 1 255 1 255 1 255 1 255 1 255 1 255 1 255 1 255 1 255 1 255 1 0 1 0 1 255 1 255 1 255 1 255 1 255 1 255 1 255 1 255 1 255 1 255 1 255 1 255 1 255 1 255 1 255 1 255 1 255 1 255 1 255 1 255 1 255 1 255 1 255 1 255 1 255 1 255 1 255 1 255 1 255 1 255 1 255 1 255 1 0 1 0 1 0 1 0 1 0 1 0 1 0 1 0 1 0 1 0 1 0 1 0 1 0 1 0 1
64 1 255 1 255 1 255 1 255 1 255 1 255 1 255 1 255 1 255 1 255 1 255 1 255 1 255 1 255 1 255 1 255 1 255 1 255 1 255 1 255 1 255 1 255 1 255 1 255 1 255 1 255 1 255 1 255 1 255 1 255 1 255 1 255 1 255 1 255 1 255 1 255 1 255 1 255 1 255 1 255 1 255 1 255 1 255 1 255 1 255 1 255 1 255 1 255 1 255 1 255 1 255 1 255 1 255 1 255 1 255 1 255 1 255 1 255 1 255 1 255 1 255 1 255 1 255 1 255 1 3 1 3 1 3 1 3 1 3 1 0 1 0 1 255 1 255 1 255 1 255 1 255 1 0 1 0 1 0 1 0 1
64 1 255 1 255 1 255 1 255 1 255 1 255 1 255 1 255 1 255 1 255 1 255 1 255 1 255 1 255 1 255 1 255 1 255 1 255 1 255 1 255 1 255 1 255 1 255 1 255 1 255 1 255 1 255 1 255 1 255 1 255 1 255 1 255 1 255 1 255 1 255 1 255 1 255 1 255 1 255 1 255 1 255 1 255 1 255 1 255 1 255 1 255 1 255 1 255 1 255 1 255 1 255 1 255 1 255 1 255 1 255 1 255 1 255 1 255 1 255 1 255 1 255 1 255 1 255 1 255 1 3 1 3 1 3 1 3 1 3 1 0 1 0 1 255 1 255 1 255 1 255 1 255 1 0 1 0 1 0 1 0 1
64 1 255 1 255 1 255 1 255 1 255 1 255 1 255 1 255 1 255 1 255 1 255 1 255 1 255 1 255 1 255 1 255 1 255 1 255 1 0 1 0 1 255 1 255 1 255 1 255 1 255 1 255 1 255 1 255 1 255 1 255 1 255 1 255 1 255 1 255 1 255 1 255 1 255 1 255 1 255 1 255 1 255 1 255 1 255 1 255 1 255 1 255 1 255 1 255 1 255 1 255 1 255 1 255 1 255 1 255 1 255 1 255 1 255 1 255 1 255 1 255 1 255 1 255 1 255 1 255 1 3 1 3 1 3 1 3 1 3 1 0 1 0 1 0 1 0 1 0 1 0 1 0 1 0 1 0 1 0 1 0 1
64 1 255 1 255 1 255 1 255 1 255 1 255 1 255 1 255 1 255 1 255 1 255 1 255 1 255 1 255 1 255 1 255 1 255 1 0 1 0 1 0 1 0 1 255 1 255 1 255 1 255 1 255 1 255 1 255 1 255 1 255 1 255 1 255 1 255 1 255 1 255 1 255 1 255 1 255 1 255 1 255 1 255 1 255 1 255 1 255 1 255 1 255 1 255 1 255 1 255 1 255 1 255 1 255 1 255 1 255 1 255 1 255 1 255 1 255 1 255 1 255 1 255 1 255 1 255 1 255 1 3 1 3 1 3 1 3 1 3 1 0 1 0 1 0 1 0 1 0 1 0 1 0 1 0 1 0 1 0 1 0 1
64 1 255 1 255 1 255 1 255 1 255 1 255 1 255 1 255 1 255 1 255 1 255 1 255 1 255 1 255 1 255 1 255 1 255 1 0 1 0 1 0 1 0 1 0 1 255 1 255 1 255 1 255 1 255 1 255 1 255 1 255 1 255 1 255 1 255 1 255 1 255 1 255 1 255 1 255 1 255 1 255 1 255 1 255 1 255 1 255 1 255 1 255 1 255 1 255 1 255 1 255 1 255 1 255 1 255 1 255 1 255 1 255 1 255 1 255 1 255 1 255 1 255 1 255 1 255 1 255 1 3 1 3 1 3 1 3 1 3 1 0 1 0 1 0 1 0 1 0 1 0 1 0 1 0 1 0 1 0 1 0 1
64 1 255 1 255 1 255 1 255 1 255 1 255 1 255 1 255 1 255 1 255 1 255 1 255 1 255 1 255 1 255 1 255 1 255 1 0 1 0 1 0 1 0 1 0 1 255 1 255 1 255 1 255 1 255 1 255 1 255 1 255 1 255 1 255 1 255 1 255 1 255 1 255 1 255 1 255 1 255 1 255 1 255 1 255 1 255 1 255 1 255 1 255 1 255 1 255 1 255 1 255 1 255 1 255 1 255 1 255 1 255 1 255 1 255 1 255 1 255 1 255 1 255 1 255 1 255 1 255 1 3 1 3 1 3 1 3 1 3 1 0 1 0 1 0 1 0 1 0 1 0 1 0 1 0 1 0 1 0 1 0 1
64 1 255 1 255 1 255 1 255 1 255 1 255 1 255 1 255 1 255 1 255 1 255 1 255 1 255 1 255 1 255 1 255 1 255 1 0 1 0 1 0 1 0 1 0 1 0 1 255 1 255 1 255 1 255 1 255 1 255 1 255 1 255 1 255 1 255 1 255 1 255 1 255 1 255 1 255 1 255 1 255 1 255 1 255 1 255 1 255 1 255 1 255 1 255 1 255 1 255 1 255 1 255 1 255 1 255 1 255 1 255 1 255 1 255 1 255 1 255 1 255 1 255 1 255 1 255 1 255 1 3 1 3 1 3 1 3 1 3 1 0 1 0 1 0 1 0 1 0 1 0 1 0 1 0 1 0 1 0 1 0 1
64 1 255 1 255 1 255 1 255 1 255 1 255 1 255 1 255 1 255 1 255 1 255 1 255 1 255 1 255 1 255 1 255 1 255 1 0 1 0 1 0 1 0 1 0 1 0 1 255 1 255 1 255 1 255 1 255 1 255 1 255 1 255 1 255 1 255 1 255 1 255 1 255 1 255 1 255 1 255 1 255 1 255 1 255 1 255 1 255 1 255 1 255 1 255 1 255 1 255 1 255 1 255 1 255 1 255 1 255 1 255 1 255 1 255 1 255 1 255 1 255 1 255 1 255 1 255 1 255 1 3 1 3 1 3 1 3 1 3 1 0 1 0 1 0 1 0 1 0 1 0 1 0 1 0 1 0 1 0 1 0 1
64 1 255 1 255 1 255 1 255 1 255 1 255 1 255 1 255 1 255 1 255 1 255 1 255 1 255 1 255 1 255 1 255 1 255 1 0 1 0 1 0 1 0 1 0 1 0 1 255 1 255 1 255 1 255 1 255 1 255 1 255 1 255 1 255 1 255 1 255 1 255 1 255 1 255 1 255 1 255 1 255 1 255 1 255 1 255 1 255 1 255 1 255 1 255 1 255 1 255 1 255 1 255 1 255 1 255 1 255 1 255 1 255 1 255 1 255 1 255 1 255 1 255 1 255 1 255 1 255 1 3 1 3 1 3 1 3 1 3 1 0 1 0 1 0 1 0 1 0 1 0 1 0 1 0 1 0 1 0 1 0 1
64 1 255 1 255 1 255 1 255 1 255 1 255 1 255 1 255 1 255 1 255 1 255 1 255 1 255 1 255 1 255 1 255 1 255 1 0 1 0 1 0 1 0 1 0 1 0 1 0 1 255 1 255 1 255 1 255 1 255 1 255 1 255 1 255 1 255 1 255 1 255 1 255 1 255 1 255 1 255 1 255 1 255 1 255 1 255 1 255 1 255 1 255 1 255 1 255 1 255 1 255 1 255 1 255 1 255 1 255 1 255 1 255 1 255 1 255 1 255 1 255 1 255 1 255 1 255 1 255 1 255 1 255 1 255 1 255 1 3 1 0 1 0 1 0 1 0 1 0 1 0 1 0 1 0 1 0 1 0 1 0 1
64 1 255 1 255 1 255 1 255 1 255 1 255 1 255 1 255 1 255 1 255 1 255 1 255 1 255 1 255 1 255 1 255 1 255 1 0 1 0 1 0 1 0 1 0 1 0 1 0 1 255 1 255 1 255 1 255 1 255 1 255 1 255 1 255 1 255 1 255 1 255 1 255 1 255 1 255 1 255 1 255 1 255 1 255 1 255 1 255 1 255 1 255 1 255 1 255 1 255 1 255 1 255 1 255 1 255 1 255 1 255 1 255 1 255 1 255 1 255 1 255 1 255 1 255 1 255 1 255 1 255 1 255 1 255 1 3 1 3 1 0 1 0 1 0 1 0 1 0 1 0 1 0 1 0 1 0 1 0 1 0 1
64 1 255 1 255 1 255 1 255 1 255 1 255 1 255 1 255 1 255 1 255 1 255 1 255 1 255 1 255 1 255 1 255 1 255 1 0 1 0 1 0 1 0 1 0 1 0 1 0 1 255 1 255 1 255 1 255 1 255 1 255 1 255 1 255 1 255 1 255 1 255 1 255 1 255 1 255 1 255 1 255 1 255 1 255 1 255 1 255 1 255 1 255 1 255 1 255 1 255 1 255 1 255 1 255 1 255 1 255 1 255 1 255 1 255 1 255 1 255 1 255 1 255 1 255 1 255 1 255 1 255 1 255 1 255 1 0 1 0 1 0 1 0 1 0 1 0 1 0 1 0 1 0 1 0 1 0 1 0 1 0 1
64 1 255 1 255 1 255 1 255 1 255 1 255 1 255 1 255 1 255 1 255 1 255 1 255 1 255 1 255 1 255 1 255 1 255 1 0 1 0 1 0 1 0 1 0 1 0 1 255 1 255 1 255 1 255 1 255 1 255 1 255 1 255 1 255 1 0 1 0 1 255 1 255 1 255 1 255 1 255 1 255 1 255 1 255 1 255 1 255 1 255 1 255 1 255 1 255 1 255 1 255 1 255 1 255 1 255 1 255 1 255 1 255 1 255 1 255 1 255 1 255 1 255 1 255 1 255 1 255 1 255 1 255 1 255 1 0 1 0 1 0 1 0 1 0 1 0 1 0 1 0 1 0 1 0 1 0 1 0 1 0 1
64 1 255 1 255 1 255 1 255 1 255 1 255 1 255 1 255 1 255 1 255 1 255 1 255 1 255 1 255 1 255 1 255 1 255 1 255 1 0 1 0 1 0 1 0 1 0 1 255 1 255 1 255 1 255 1 255 1 255 1 255 1 255 1 0 1 0 1 0 1 0 1 255 1 255 1 255 1 255 1 255 1 255 1 255 1 255 1 255 1 255 1 255 1 255 1 255 1 255 1 255 1 255 1 255 1 255 1 255 1 255 1 255 1 255 1 255 1 255 1 255 1 255 1 255 1 255 1 255 1 255 1 255 1 0 1 0 1 0 1 0 1 0 1 0 1 0 1 0 1 0 1 0 1 0 1 0 1 0 1 0 1
64 1 255 1 255 1 255 1 255 1 255 1 255 1 255 1 255 1 255 1 255 1 255 1 255 1 255 1 255 1 255 1 255 1 255 1 255 1 255 1 255 1 0 1 0 1 255 1 255 1 255 1 255 1 255 1 255 1 255 1 255 1 255 1 0 1 0 1 0 1 255 1 255 1 255 1 255 1 255 1 255 1 255 1 255 1 255 1 255 1 255 1 255 1 255 1 255 1 255 1 255 1 255 1 255 1 255 1 255 1 255 1 255 1 255 1 255 1 255 1 255 1 255 1 255 1 255 1 255 1 255 1 0 1 0 1 0 1 0 1 0 1 0 1 0 1 0 1 0 1 0 1 0 1 0 1 0 1 0 1 0 1
64 1 255 1 255 1 255 1 255 1 255 1 255 1 255 1 255 1 255 1 255 1 255 1 255 1 255 1 255 1 255 1 255 1 255 1 255 1 255 1 255 1 255 1 255 1 255 1 255 1 255 1 255 1 255 1 255 1 255 1 255 1 255 1 255 1 0 1 0 1 255 1 255 1 255 1 255 1 255 1 255 1 255 1 255 1 255 1 255 1 255 1 255 1 255 1 255 1 255 1 255 1 255 1 255 1 255 1 255 1 255 1 255 1 255 1 255 1 255 1 255 1 255 1 255 1 255 1 255 1 255 1 0 1 0 1 0 1 0 1 0 1 0 1 0 1 0 1 0 1 0 1 0 1 0 1 0 1 0 1 0 1
64 1 255 1 255 1 255 1 255 1 255 1 255 1 255 1 255 1 255 1 255 1 255 1 255 1 255 1 255 1 255 1 255 1 255 1 255 1 255 1 255 1 255 1 255 1 255 1 255 1 255 1 255 1 255 1 255 1 255 1 255 1 255 1 255 1 255 1 255 1 255 1 255 1 255 1 255 1 255 1 255 1 255 1 255 1 255 1 255 1 255 1 255 1 255 1 255 1 255 1 255 1 255 1 255 1 255 1 255 1 255 1 255 1 255 1 255 1 255 1 255 1 255 1 255 1 255 1 255 1 3 1 3 1 3 1 3 1 3 1 0 1 0 1 255 1 255 1 255 1 255 1 255 1 0 1 0 1 0 1 0 1
64 1 255 1 255 1 255 1 255 1 255 1 255 1 255 1 255 1 255 1 255 1 255 1 255 1 255 1 255 1 255 1 255 1 255 1 255 1 255 1 255 1 255 1 255 1 255 1 255 1 255 1 255 1 255 1 255 1 255 1 255 1 255 1 255 1 255 1 255 1 255 1 255 1 255 1 255 1 255 1 255 1 255 1 255 1 255 1 255 1 255 1 255 1 255 1 255 1 255 1 255 1 255 1 255 1 255 1 255 1 255 1 255 1 255 1 255 1 255 1 255 1 255 1 255 1 255 1 255 1 3 1 3 1 3 1 3 1 3 1 0 1 0 1 255 1 255 1 255 1 255 1 255 1 0 1 0 1 0 1 0 1
64 1 255 1 255 1 255 1 255 1 255 1 255 1 255 1 255 1 255 1 255 1 255 1 255 1 255 1 255 1 255 1 255 1 255 1 255 1 255 1 255 1 255 1 255 1 255 1 255 1 255 1 255 1 255 1 255 1 255 1 255 1 255 1 255 1 255 1 255 1 255 1 255 1 255 1 255 1 255 1 255 1 255 1 255 1 255 1 255 1 255 1 255 1 255 1 255 1 255 1 255 1 255 1 255 1 255 1 255 1 255 1 255 1 255 1 255 1 255 1 255 1 255 1 255 1 255 1 255 1 3 1 3 1 3 1 3 1 3 1 0 1 0 1 0 1 0 1 0 1 0 1 0 1 0 1 0 1 0 1 0 1
64 1 255 1 255 1 255 1 255 1 255 1 255 1 255 1 255 1 255 1 255 1 255 1 255 1 255 1 255 1 255 1 255 1 255 1 255 1 255 1 255 1 255 1 255 1 255 1 255 1 255 1 255 1 255 1 255 1 255 1 255 1 255 1 255 1 255 1 255 1 255 1 255 1 255 1 255 1 255 1 255 1 255 1 255 1 255 1 255 1 255 1 255 1 255 1 255 1 255 1 255 1 255 1 255 1 255 1 255 1 255 1 255 1 255 1 255 1 255 1 255 1 255 1 255 1 255 1 255 1 3 1 3 1 3 1 3 1 3 1 0 1 0 1 0 1 0 1 0 1 0 1 0 1 0 1 0 1 0 1 0 1
64 1 255 1 255 1 255 1 255 1 255 1 255 1 255 1 255 1 255 1 255 1 255 1 255 1 255 1 255 1 255 1 255 1 255 1 255 1 0 1 0 1 0 1 255 1 255 1 255 1 255 1 255 1 255 1 255 1 255 1 255 1 255 1 255 1 255 1 255 1 255 1 255 1 255 1 255 1 255 1 255 1 255 1 255 1 255 1 255 1 255 1 255 1 255 1 255 1 255 1 255 1 255 1 255 1 255 1 255 1 255 1 255 1 255 1 255 1 255 1 255 1 255 1 255 1 255 1 255 1 3 1 3 1 3 1 3 1 3 1 0 1 0 1 0 1 0 1 0 1 0 1 0 1 0 1 0 1 0 1 0 1
64 1 255 1 255 1 255 1 255 1 255 1 255 1 255 1 255 1 255 1 255 1 255 1 255 1 255 1 255 1 255 1 255 1 255 1 0 1 0 1 0 1 0 1 0 1 255 1 255 1 255 1 255 1 255 1 255 1 255 1 255 1 255 1 255 1 255 1 255 1 255 1 255 1 255 1 255 1 255 1 255 1 255 1 255 1 255 1 255 1 255 1 255 1 255 1 255 1 255 1 255 1 255 1 255 1 255 1 255 1 255 1 255 1 255 1 255 1 255 1 255 1 255 1 255 1 255 1 255 1 3 1 3 1 3 1 3 1 3 1 0 1 0 1 0 1 0 1 0 1 0 1 0 1 0 1 0 1 0 1 0 1
64 1 255 1 255 1 255 1 255 1 255 1 255 1 255 1 255 1 255 1 255 1 255 1 0 1 255 1 255 1 255 1 255 1 255 1 0 1 0 1 0 1 0 1 0 1 255 1 255 1 255 1 255 1 255 1 255 1 255 1 255 1 255 1 255 1 255 1 255 1 255 1 255 1 255 1 255 1 255 1 255 1 255 1 255 1 255 1 255 1 255 1 255 1 255 1 255 1 255 1 255 1 255 1 255 1 255 1 255 1 255 1 255 1 255 1 255 1 255 1 255 1 255 1 255 1 255 1 255 1 3 1 3 1 3 1 3 1 3 1 0 1 0 1 0 1 0 1 0 1 0 1 0 1 0 1 0 1 0 1 0 1
64 1 255 1 255 1 255 1 255 1 255 1 255 1 255 1 255 1 255 1 255 1 0 1 0 1 255 1 255 1 255 1 255 1 255 1 0 1 0 1 0 1 0 1 0 1 0 1 255 1 255 1 255 1 255 1 255 1 255 1 255 1 255 1 255 1 255 1 255 1 255 1 255 1 255 1 255 1 255 1 255 1 255 1 255 1 255 1 255 1 255 1 255 1 255 1 255 1 255 1 255 1 255 1 255 1 255 1 255 1 255 1 255 1 255 1 255 1 255 1 255 1 255 1 255 1 255 1 255 1 3 1 3 1 3 1 3 1 3 1 0 1 0 1 0 1 0 1 0 1 0 1 0 1 0 1 0 1 0 1 0 1
64 1 255 1 255 1 255 1 255 1 255 1 255 1 255 1 255 1 255 1 255 1 0 1 0 1 255 1 255 1 255 1 255 1 255 1 0 1 0 1 0 1 0 1 0 1 0 1 255 1 255 1 255 1 255 1 255 1 255 1 255 1 255 1 255 1 255 1 255 1 255 1 255 1 255 1 255 1 255 1 255 1 255 1 255 1 255 1 255 1 255 1 255 1 255 1 255 1 255 1 255 1 255 1 255 1 255 1 255 1 255 1 255 1 255 1 255 1 255 1 255 1 255 1 255 1 255 1 255 1 3 1 3 1 3 1 3 1 3 1 0 1 0 1 0 1 0 1 0 1 0 1 0 1 0 1 0 1 0 1 0 1
64 1 255 1 255 1 255 1 255 1 255 1 255 1 255 1 255 1 255 1 255 1 0 1 0 1 255 1 255 1 255 1 255 1 255 1 0 1 0 1 0 1 0 1 0 1 0 1 0 1 255 1 255 1 255 1 255 1 255 1 255 1 255 1 255 1 255 1 255 1 255 1 255 1 255 1 255 1 255 1 255 1 255 1 255 1 255 1 255 1 255 1 255 1 255 1 255 1 255 1 255 1 255 1 255 1 255 1 255 1 255 1 255 1 255 1 255 1 255 1 255 1 255 1 255 1 255 1 255 1 255 1 255 1 255 1 3 1 3 1 0 1 0 1 0 1 0 1 0 1 0 1 0 1 0 1 0 1 0 1 0 1
64 1 255 1 255 1 255 1 255 1 255 1 255 1 255 1 255 1 255 1 255 1 255 1 255 1 255 1 255 1 255 1 255 1 255 1 0 1 0 1 0 1 0 1 0 1 0 1 0 1 255 1 255 1 255 1 255 1 255 1 255 1 255 1 255 1 255 1 255 1 255 1 255 1 255 1 255 1 255 1 255 1 255 1 255 1 255 1 255 1 255 1 255 1 255 1 255 1 255 1 255 1 255 1 255 1 255 1 255 1 255 1 255 1 255 1 255 1 255 1 255 1 255 1 255 1 255 1 255 1 255 1 255 1 3 1 3 1 0 1 0 1 0 1 0 1 0 1 0 1 0 1 0 1 0 1 0 1 0 1 0 1
64 1 255 1 255 1 255 1 255 1 255 1 255 1 255 1 255 1 255 1 255 1 255 1 255 1 255 1 255 1 255 1 255 1 255 1 0 1 0 1 0 1 0 1 0 1 0 1 0 1 255 1 255 1 255 1 255 1 255 1 255 1 255 1 255 1 255 1 255 1 255 1 255 1 255 1 255 1 255 1 255 1 255 1 255 1 255 1 255 1 255 1 255 1 255 1 255 1 255 1 255 1 255 1 255 1 255 1 255 1 255 1 255 1 255 1 255 1 255 1 255 1 255 1 255 1 255 1 255 1 255 1 255 1 0 1 0 1 0 1 0 1 0 1 0 1 0 1 0 1 0 1 0 1 0 1 0 1 0 1 0 1
64 1 255 1 255 1 255 1 255 1 255 1 255 1 255 1 255 1 255 1 255 1 255 1 255 1 255 1 255 1 255 1 255 1 255 1 0 1 0 1 0 1 0 1 0 1 0 1 255 1 255 1 255 1 255 1 255 1 255 1 255 1 255 1 255 1 0 1 0 1 255 1 255 1 255 1 255 1 255 1 255 1 255 1 255 1 255 1 255 1 255 1 255 1 255 1 255 1 255 1 255 1 255 1 255 1 255 1 255 1 255 1 255 1 255 1 255 1 255 1 255 1 255 1 255 1 255 1 255 1 255 1 0 1 0 1 0 1 0 1 0 1 0 1 0 1 0 1 0 1 0 1 0 1 0 1 0 1 0 1 0 1
64 1 255 1 255 1 255 1 255 1 255 1 255 1 255 1 255 1 255 1 255 1 255 1 255 1 255 1 255 1 255 1 255 1 255 1 255 1 0 1 0 1 0 1 0 1 0 1 255 1 255 1 255 1 255 1 255 1 255 1 255 1 255 1 0 1 0 1 0 1 255 1 255 1 255 1 255 1 255 1 255 1 255 1 255 1 255 1 255 1 255 1 255 1 255 1 255 1 255 1 255 1 255 1 255 1 255 1 255 1 255 1 255 1 255 1 255 1 255 1 255 1 255 1 255 1 255 1 255 1 255 1 0 1 0 1 0 1 0 1 0 1 0 1 0 1 0 1 0 1 0 1 0 1 0 1 0 1 0 1 0 1
64 1 255 1 255 1 255 1 255 1 255 1 255 1 255 1 255 1 255 1 255 1 255 1 255 1 255 1 255 1 255 1 255 1 255 1 255 1 255 1 0 1 0 1 0 1 0 1 255 1 255 1 255 1 255 1 255 1 255 1 255 1 255 1 0 1 0 1 0 1 255 1 255 1 255 1 255 1 255 1 255 1 255 1 255 1 255 1 255 1 255 1 255 1 255 1 255 1 255 1 255 1 255 1 255 1 255 1 255 1 255 1 255 1 255 1 255 1 255 1 255 1 255 1 255 1 255 1 255 1 255 1 0 1 0 1 0 1 0 1 0 1 0 1 0 1 0 1 0 1 0 1 0 1 0 1 0 1 0 1 0 1
64 1 255 1 255 1 255 1 0 1 255 1 255 1 255 1 255 1 255 1 255 1 255 1 255 1 255 1 255 1 255 1 255 1 255 1 255 1 255 1 255 1 0 1 0 1 255 1 255 1 255 1 255 1 255 1 255 1 255 1 255 1 255 1 255 1 0 1 0 1 255 1 255 1 255 1 255 1 255 1 255 1 255 1 255 1 255 1 255 1 255 1 255 1 255 1 255 1 255 1 255 1 255 1 255 1 255 1 255 1 255 1 255 1 255 1 255 1 255 1 255 1 255 1 255 1 255 1 255 1 0 1 0 1 0 1 0 1 0 1 0 1 0 1 0 1 0 1 0 1 0 1 0 1 0 1 0 1 0 1 0 1
64 1 255 1 255 1 255 1 255 1 255 1 255 1 255 1 255 1 255 1 255 1 255 1 255 1 255 1 255 1 255 1 255 1 255 1 255 1 255 1 255 1 255 1 255 1 255 1 255 1 255 1 255 1 255 1 255 1 255 1 255 1 255 1 255 1 255 1 255 1 255 1 255 1 255 1 255 1 255 1 255 1 255 1 255 1 255 1 255 1 255 1 255 1 255 1 255 1 255 1 255 1 255 1 255 1 255 1 255 1 255 1 255 1 255 1 255 1 255 1 255 1 255 1 255 1 255 1 255 1 3 1 3 1 3 1 3 1 3 1 0 1 0 1 255 1 255 1 255 1 255 1 255 1 0 1 0 1 0 1 0 1
64 1 255 1 255 1 255 1 255 1 255 1 255 1 255 1 255 1 255 1 255 1 255 1 255 1 255 1 255 1 255 1 255 1 255 1 255 1 255 1 255 1 255 1 255 1 255 1 255 1 255 1 255 1 255 1 255 1 255 1 255 1 255 1 255 1 255 1 255 1 255 1 255 1 255 1 255 1 255 1 255 1 255 1 255 1 255 1 255 1 255 1 255 1 255 1 255 1 255 1 255 1 255 1 255 1 255 1 255 1 255 1 255 1 255 1 255 1 255 1 255 1 255 1 255 1 255 1 255 1 3 1 3 1 3 1 3 1 3 1 0 1 0 1 255 1 255 1 255 1 255 1 255 1 0 1 0 1 0 1 0 1
64 1 255 1 255 1 255 1 255 1 255 1 255 1 255 1 255 1 255 1 255 1 255 1 255 1 255 1 255 1 255 1 255 1 255 1 255 1 255 1 255 1 255 1 255 1 255 1 255 1 255 1 255 1 255 1 255 1 255 1 255 1 255 1 255 1 255 1 255 1 255 1 255 1 255 1 255 1 255 1 255 1 255 1 255 1 255 1 255 1 255 1 255 1 255 1 255 1 255 1 255 1 255 1 255 1 255 1 255 1 255 1 255 1 255 1 255 1 255 1 255 1 255 1 255 1 255 1 255 1 3 1 3 1 3 1 3 1 3 1 0 1 0 1 0 1 0 1 0 1 0 1 0 1 0 1 0 1 0 1 0 1
64 1 255 1 255 1 255 1 255 1 255 1 255 1 255 1 255 1 255 1 255 1 255 1 255 1 255 1 255 1 255 1 255 1 255 1 255 1 255 1 255 1 255 1 255 1 255 1 255 1 255 1 255 1 255 1 255 1 255 1 255 1 255 1 255 1 255 1 255 1 255 1 255 1 255 1 255 1 255 1 255 1 255 1 255 1 255 1 255 1 255 1 255 1 255 1 255 1 255 1 255 1 255 1 255 1 255 1 255 1 255 1 255 1 255 1 255 1 255 1 255 1 255 1 255 1 255 1 255 1 3 1 3 1 3 1 3 1 3 1 0 1 0 1 0 1 0 1 0 1 0 1 0 1 0 1 0 1 0 1 0 1
64 1 255 1 255 1 255 1 255 1 255 1 255 1 255 1 255 1 255 1 255 1 255 1 255 1 255 1 255 1 255 1 255 1 255 1 255 1 255 1 255 1 255 1 255 1 255 1 255 1 255 1 255 1 255 1 255 1 255 1 255 1 255 1 255 1 255 1 255 1 255 1 255 1 255 1 255 1 255 1 255 1 255 1 255 1 255 1 255 1 255 1 255 1 255 1 255 1 255 1 255 1 255 1 255 1 255 1 255 1 255 1 255 1 255 1 255 1 255 1 255 1 255 1 255 1 255 1 255 1 3 1 3 1 3 1 3 1 3 1 0 1 0 1 0 1 0 1 0 1 0 1 0 1 0 1 0 1 0 1 0 1
64 1 255 1 255 1 255 1 255 1 255 1 255 1 255 1 255 1 255 1 255 1 255 1 255 1 255 1 255 1 255 1 255 1 255 1 255 1 255 1 255 1 255 1 255 1 255 1 255 1 255 1 255 1 255 1 255 1 255 1 255 1 255 1 255 1 255 1 255 1 255 1 255 1 255 1 255 1 255 1 255 1 255 1 255 1 255 1 255 1 255 1 255 1 255 1 255 1 255 1 255 1 255 1 255 1 255 1 255 1 255 1 255 1 255 1 255 1 255 1 255 1 255 1 255 1 255 1 255 1 3 1 3 1 3 1 3 1 3 1 0 1 0 1 0 1 0 1 0 1 0 1 0 1 0 1 0 1 0 1 0 1
64 1 255 1 255 1 255 1 255 1 255 1 255 1 255 1 255 1 255 1 255 1 0 1 0 1 255 1 255 1 255 1 255 1 255 1 255 1 0 1 0 1 0 1 255 1 255 1 255 1 255 1 255 1 255 1 255 1 255 1 255 1 255 1 255 1 255 1 255 1 255 1 255 1 255 1 255 1 255 1 255 1 255 1 255 1 255 1 255 1 255 1 255 1 255 1 255 1 255 1 255 1 255 1 255 1 255 1 255 1 255 1 255 1 255 1 255 1 255 1 255 1 255 1 255 1 255 1 255 1 3 1 3 1 3 1 3 1 3 1 0 1 0 1 0 1 0 1 0 1 0 1 0 1 0 1 0 1 0 1 0 1
64 1 255 1 255 1 255 1 255 1 255 1 255 1 255 1 255 1 255 1 255 1 0 1 0 1 0 1 255 1 255 1 255 1 255 1 0 1 0 1 0 1 0 1 0 1 255 1 255 1 255 1 255 1 255 1 255 1 255 1 255 1 255 1 255 1 255 1 255 1 255 1 255 1 255 1 255 1 255 1 255 1 255 1 255 1 255 1 255 1 255 1 255 1 255 1 255 1 255 1 255 1 255 1 255 1 255 1 255 1 255 1 255 1 255 1 255 1 255 1 255 1 255 1 255 1 255 1 255 1 3 1 3 1 3 1 3 1 3 1 0 1 0 1 0 1 0 1 0 1 0 1 0 1 0 1 0 1 0 1 0 1
64 1 255 1 255 1 255 1 255 1 255 1 255 1 255 1 255 1 255 1 255 1 0 1 0 1 0 1 255 1 255 1 255 1 255 1 0 1 0 1 0 1 0 1 0 1 0 1 255 1 255 1 255 1 255 1 255 1 255 1 255 1 255 1 255 1 255 1 255 1 255 1 255 1 255 1 255 1 255 1 255 1 255 1 255 1 255 1 255 1 255 1 255 1 255 1 255 1 255 1 255 1 255 1 255 1 255 1 255 1 255 1 255 1 255 1 255 1 255 1 255 1 255 1 255 1 255 1 255 1 3 1 3 1 3 1 3 1 3 1 0 1 0 1 0 1 0 1 0 1 0 1 0 1 0 1 0 1 0 1 0 1
64 1 255 1 255 1 255 1 255 1 255 1 255 1 255 1 255 1 255 1 255 1 0 1 0 1 255 1 255 1 255 1 255 1 255 1 0 1 0 1 0 1 0 1 0 1 0 1 255 1 255 1 255 1 255 1 255 1 255 1 255 1 255 1 255 1 255 1 255 1 255 1 255 1 255 1 255 1 255 1 255 1 255 1 255 1 255 1 255 1 255 1 255 1 255 1 255 1 255 1 255 1 255 1 255 1 255 1 255 1 255 1 255 1 255 1 255 1 255 1 255 1 255 1 255 1 255 1 255 1 255 1 3 1 3 1 3 1 3 1 0 1 0 1 0 1 0 1 0 1 0 1 0 1 0 1 0 1 0 1 0 1
64 1 255 1 255 1 255 1 255 1 255 1 255 1 255 1 255 1 255 1 255 1 0 1 0 1 255 1 255 1 255 1 255 1 255 1 0 1 0 1 0 1 0 1 0 1 0 1 255 1 255 1 255 1 255 1 255 1 255 1 255 1 255 1 255 1 255 1 255 1 255 1 255 1 255 1 255 1 255 1 255 1 255 1 255 1 255 1 255 1 255 1 255 1 255 1 255 1 255 1 255 1 255 1 255 1 255 1 255 1 255 1 255 1 255 1 255 1 255 1 255 1 255 1 255 1 255 1 255 1 255 1 3 1 3 1 0 1 0 1 0 1 0 1 0 1 0 1 0 1 0 1 0 1 0 1 0 1 0 1 0 1
64 1 255 1 255 1 255 1 255 1 255 1 255 1 255 1 255 1 255 1 255 1 0 1 0 1 255 1 255 1 255 1 255 1 255 1 0 1 0 1 0 1 0 1 0 1 0 1 255 1 255 1 255 1 255 1 255 1 255 1 255 1 255 1 255 1 255 1 255 1 255 1 255 1 255 1 255 1 255 1 255 1 255 1 255 1 255 1 255 1 255 1 255 1 255 1 255 1 255 1 255 1 255 1 255 1 255 1 255 1 255 1 255 1 255 1 255 1 255 1 255 1 255 1 255 1 255 1 255 1 3 1 3 1 0 1 0 1 0 1 0 1 0 1 0 1 0 1 0 1 0 1 0 1 0 1 0 1 0 1 0 1
64 1 255 1 255 1 255 1 255 1 255 1 255 1 255 1 255 1 255 1 255 1 0 1 0 1 255 1 255 1 255 1 255 1 255 1 0 1 0 1 0 1 0 1 0 1 0 1 255 1 255 1 255 1 255 1 255 1 255 1 255 1 255 1 255 1 0 1 0 1 255 1 255 1 255 1 255 1 255 1 255 1 255 1 255 1 255 1 255 1 255 1 255 1 255 1 255 1 255 1 255 1 255 1 255 1 255 1 255 1 255 1 255 1 255 1 255 1 255 1 255 1 255 1 255 1 255 1 255 1 3 1 0 1 0 1 0 1 0 1 0 1 0 1 0 1 0 1 0 1 0 1 0 1 0 1 0 1 0 1 0 1
64 1 255 1 255 1 255 1 255 1 255 1 255 1 255 1 255 1 255 1 0 1 0 1 0 1 255 1 255 1 255 1 255 1 255 1 255 1 0 1 0 1 0 1 0 1 0 1 255 1 255 1 255 1 255 1 255 1 255 1 255 1 255 1 0 1 0 1 0 1 255 1 255 1 255 1 255 1 255 1 255 1 255 1 255 1 255 1 255 1 255 1 255 1 255 1 255 1 255 1 255 1 255 1 255 1 255 1 255 1 255 1 255 1 255 1 255 1 255 1 255 1 255 1 255 1 255 1 255 1 3 1 0 1 0 1 0 1 0 1 0 1 0 1 0 1 0 1 0 1 0 1 0 1 0 1 0 1 0 1 0 1
64 1 255 1 255 1 255 1 255 1 255 1 255 1 255 1 255 1 255 1 0 1 0 1 0 1 255 1 255 1 255 1 255 1 255 1 255 1 255 1 0 1 0 1 0 1 0 1 255 1 255 1 255 1 255 1 255 1 255 1 255 1 255 1 0 1 0 1 0 1 255 1 255 1 255 1 255 1 255 1 255 1 255 1 255 1 255 1 255 1 255 1 255 1 255 1 255 1 255 1 255 1 255 1 255 1 255 1 255 1 255 1 255 1 255 1 255 1 255 1 255 1 255 1 255 1 255 1 255 1 3 1 0 1 0 1 0 1 0 1 0 1 0 1 0 1 0 1 0 1 0 1 0 1 0 1 0 1 0 1 0 1
64 1 255 1 255 1 255 1 0 1 0 1 255 1 255 1 255 1 255 1 0 1 0 1 0 1 255 1 255 1 255 1 255 1 255 1 255 1 255 1 255 1 0 1 0 1 0 1 255 1 255 1 255 1 255 1 255 1 255 1 255 1 255 1 0 1 0 1 0 1 255 1 255 1 255 1 255 1 255 1 255 1 255 1 255 1 255 1 255 1 255 1 255 1 255 1 255 1 255 1 255 1 255 1 255 1 255 1 255 1 255 1 255 1 255 1 255 1 255 1 255 1 255 1 255 1 255 1 255 1 3 1 0 1 0 1 0 1 0 1 0 1 0 1 0 1 0 1 0 1 0 1 0 1 0 1 0 1 0 1 0 1
64 1 255 1 255 1 255 1 255 1 255 1 255 1 255 1 255 1 255 1 255 1 255 1 255 1 255 1 255 1 255 1 255 1 255 1 255 1 255 1 255 1 255 1 255 1 255 1 255 1 255 1 255 1 255 1 255 1 255 1 255 1 255 1 255 1 255 1 255 1 255 1 255 1 255 1 255 1 255 1 255 1 255 1 255 1 255 1 255 1 255 1 255 1 255 1 255 1 255 1 255 1 255 1 255 1 255 1 255 1 255 1 255 1 255 1 255 1 255 1 255 1 255 1 255 1 255 1 255 1 3 1 3 1 3 1 3 1 3 1 0 1 0 1 255 1 255 1 255 1 255 1 255 1 0 1 0 1 0 1 0 1
64 1 255 1 255 1 255 1 255 1 255 1 255 1 255 1 255 1 255 1 255 1 255 1 255 1 255 1 255 1 255 1 255 1 255 1 255 1 255 1 255 1 255 1 255 1 255 1 255 1 255 1 255 1 255 1 255 1 255 1 255 1 255 1 255 1 255 1 255 1 255 1 255 1 255 1 255 1 255 1 255 1 255 1 255 1 255 1 255 1 255 1 255 1 255 1 255 1 255 1 255 1 255 1 255 1 255 1 255 1 255 1 255 1 255 1 255 1 255 1 255 1 255 1 255 1 255 1 255 1 3 1 3 1 3 1 3 1 3 1 0 1 0 1 255 1 255 1 255 1 255 1 255 1 0 1 0 1 0 1 0 1
64 1 255 1 255 1 255 1 255 1 255 1 255 1 255 1 255 1 255 1 255 1 255 1 255 1 255 1 255 1 255 1 255 1 255 1 255 1 255 1 255 1 255 1 255 1 255 1 255 1 255 1 255 1 255 1 255 1 255 1 255 1 255 1 255 1 255 1 255 1 255 1 255 1 255 1 255 1 255 1 255 1 255 1 255 1 255 1 255 1 255 1 255 1 255 1 255 1 255 1 255 1 255 1 255 1 255 1 255 1 255 1 255 1 255 1 255 1 255 1 255 1 255 1 255 1 255 1 255 1 3 1 3 1 3 1 3 1 3 1 0 1 0 1 0 1 0 1 0 1 0 1 0 1 0 1 0 1 0 1 0 1
64 1 255 1 255 1 255 1 255 1 255 1 255 1 255 1 255 1 255 1 255 1 255 1 255 1 255 1 255 1 255 1 255 1 255 1 255 1 255 1 255 1 255 1 255 1 255 1 255 1 255 1 255 1 255 1 255 1 255 1 255 1 255 1 255 1 255 1 255 1 255 1 255 1 255 1 255 1 255 1 255 1 255 1 255 1 255 1 255 1 255 1 255 1 255 1 255 1 255 1 255 1 255 1 255 1 255 1 255 1 255 1 255 1 255 1 255 1 255 1 255 1 255 1 255 1 255 1 255 1 3 1 3 1 3 1 3 1 3 1 0 1 0 1 0 1 0 1 0 1 0 1 0 1 0 1 0 1 0 1 0 1
64 1 255 1 255 1 255 1 255 1 255 1 255 1 255 1 255 1 255 1 255 1 255 1 255 1 255 1 255 1 255 1 255 1 255 1 255 1 255 1 255 1 255 1 255 1 255 1 255 1 255 1 255 1 255 1 255 1 255 1 255 1 255 1 255 1 255 1 255 1 255 1 255 1 255 1 255 1 255 1 255 1 255 1 255 1 255 1 255 1 255 1 255 1 255 1 255 1 255 1 255 1 255 1 255 1 255 1 255 1 255 1 255 1 255 1 255 1 255 1 255 1 255 1 255 1 255 1 255 1 3 1 3 1 3 1 3 1 3 1 0 1 0 1 0 1 0 1 0 1 0 1 0 1 0 1 0 1 0 1 0 1
64 1 255 1 255 1 255 1 255 1 255 1 255 1 255 1 255 1 255 1 255 1 255 1 255 1 255 1 255 1 255 1 255 1 255 1 255 1 255 1 255 1 255 1 255 1 255 1 255 1 255 1 255 1 255 1 255 1 255 1 255 1 255 1 255 1 255 1 255 1 255 1 255 1 255 1 255 1 255 1 255 1 255 1 255 1 255 1 255 1 255 1 255 1 255 1 255 1 255 1 255 1 255 1 255 1 255 1 255 1 255 1 255 1 255 1 255 1 255 1 255 1 255 1 255 1 255 1 255 1 3 1 3 1 3 1 3 1 3 1 0 1 0 1 0 1 0 1 0 1 0 1 0 1 0 1 0 1 0 1 0 1
64 1 255 1 255 1 255 1 255 1 255 1 255 1 255 1 255 1 255 1 255 1 255 1 255 1 255 1 255 1 255 1 255 1 255 1 255 1 255 1 255 1 255 1 255 1 255 1 255 1 255 1 255 1 255 1 255 1 255 1 255 1 255 1 255 1 255 1 255 1 255 1 255 1 255 1 255 1 255 1 255 1 255 1 255 1 255 1 255 1 255 1 255 1 255 1 255 1 255 1 255 1 255 1 255 1 255 1 255 1 255 1 255 1 255 1 255 1 255 1 255 1 255 1 255 1 255 1 255 1 3 1 3 1 3 1 3 1 3 1 0 1 0 1 0 1 0 1 0 1 0 1 0 1 0 1 0 1 0 1 0 1
64 1 255 1 255 1 255 1 255 1 255 1 255 1 255 1 255 1 255 1 255 1 0 1 0 1 255 1 255 1 255 1 255 1 255 1 255 1 255 1 0 1 0 1 255 1 255 1 255 1 255 1 255 1 255 1 255 1 255 1 255 1 255 1 255 1 255 1 255 1 255 1 255 1 255 1 255 1 255 1 255 1 255 1 255 1 255 1 255 1 255 1 255 1 255 1 255 1 255 1 255 1 255 1 255 1 255 1 255 1 255 1 255 1 255 1 255 1 255 1 255 1 255 1 255 1 255 1 255 1 3 1 3 1 3 1 3 1 3 1 0 1 0 1 0 1 0 1 0 1 0 1 0 1 0 1 0 1 0 1 0 1
64 1 255 1 255 1 255 1 255 1 255 1 255 1 255 1 255 1 255 1 255 1 0 1 0 1 255 1 255 1 255 1 255 1 255 1 255 1 0 1 0 1 0 1 0 1 255 1 255 1 255 1 255 1 255 1 255 1 255 1 255 1 255 1 255 1 255 1 255 1 255 1 255 1 255 1 255 1 255 1 255 1 255 1 255 1 255 1 255 1 255 1 255 1 255 1 255 1 255 1 255 1 255 1 255 1 255 1 255 1 255 1 255 1 255 1 255 1 255 1 255 1 255 1 255 1 255 1 255 1 3 1 3 1 3 1 3 1 3 1 0 1 0 1 0 1 0 1 0 1 0 1 0 1 0 1 0 1 0 1 0 1
64 1 255 1 255 1 255 1 255 1 255 1 255 1 255 1 255 1 255 1 255 1 0 1 0 1 255 1 255 1 255 1 255 1 255 1 0 1 0 1 0 1 0 1 0 1 0 1 255 1 255 1 255 1 255 1 255 1 255 1 255 1 255 1 255 1 255 1 255 1 255 1 255 1 255 1 255 1 255 1 255 1 255 1 255 1 255 1 255 1 255 1 255 1 255 1 255 1 255 1 255 1 255 1 255 1 255 1 255 1 255 1 255 1 255 1 255 1 255 1 255 1 255 1 255 1 255 1 255 1 255 1 3 1 3 1 3 1 3 1 0 1 0 1 0 1 0 1 0 1 0 1 0 1 0 1 0 1 0 1 0 1
64 1 255 1 255 1 255 1 255 1 255 1 255 1 255 1 255 1 255 1 255 1 0 1 0 1 255 1 255 1 255 1 255 1 255 1 0 1 0 1 0 1 0 1 0 1 0 1 255 1 255 1 255 1 255 1 255 1 255 1 255 1 255 1 255 1 255 1 255 1 255 1 255 1 255 1 255 1 255 1 255 1 255 1 255 1 255 1 255 1 255 1 255 1 255 1 255 1 255 1 255 1 255 1 255 1 255 1 255 1 255 1 255 1 255 1 255 1 255 1 255 1 255 1 255 1 255 1 255 1 3 1 3 1 0 1 0 1 0 1 0 1 0 1 0 1 0 1 0 1 0 1 0 1 0 1 0 1 0 1 0 1
64 1 255 1 255 1 255 1 255 1 255 1 255 1 255 1 255 1 255 1 255 1 0 1 0 1 255 1 255 1 255 1 255 1 255 1 0 1 0 1 0 1 0 1 0 1 0 1 255 1 255 1 255 1 255 1 255 1 255 1 255 1 255 1 255 1 255 1 255 1 255 1 255 1 255 1 255 1 255 1 255 1 255 1 255 1 255 1 255 1 255 1 255 1 255 1 255 1 255 1 255 1 255 1 255 1 255 1 255 1 255 1 255 1 255 1 255 1 255 1 255 1 255 1 255 1 255 1 255 1 3 1 0 1 0 1 0 1 0 1 0 1 0 1 0 1 0 1 0 1 0 1 0 1 0 1 0 1 0 1 0 1
64 1 255 1 255 1 255 1 255 1 255 1 255 1 255 1 255 1 255 1 0 1 0 1 0 1 255 1 255 1 255 1 255 1 255 1 255 1 0 1 0 1 0 1 0 1 0 1 255 1 255 1 255 1 255 1 255 1 255 1 255 1 255 1 255 1 0 1 255 1 255 1 255 1 255 1 255 1 255 1 255 1 255 1 255 1 255 1 255 1 255 1 255 1 255 1 255 1 255 1 255 1 255 1 255 1 255 1 255 1 255 1 255 1 255 1 255 1 255 1 255 1 255 1 255 1 255 1 255 1 3 1 0 1 0 1 0 1 0 1 0 1 0 1 0 1 0 1 0 1 0 1 0 1 0 1 0 1 0 1 0 1
64 1 255 1 255 1 255 1 255 1 255 1 255 1 255 1 255 1 255 1 0 1 0 1 0 1 255 1 255 1 255 1 255 1 255 1 255 1 255 1 0 1 0 1 0 1 0 1 0 1 255 1 255 1 255 1 255 1 255 1 255 1 255 1 0 1 0 1 0 1 255 1 255 1 255 1 255 1 255 1 255 1 255 1 255 1 255 1 255 1 255 1 255 1 255 1 255 1 255 1 255 1 255 1 255 1 255 1 255 1 255 1 255 1 255 1 255 1 255 1 255 1 255 1 255 1 255 1 255 1 3 1 0 1 0 1 0 1 0 1 0 1 0 1 0 1 0 1 0 1 0 1 0 1 0 1 0 1 0 1 0 1
64 1 255 1 255 1 255 1 255 1 255 1 255 1 255 1 255 1 255 1 0 1 0 1 0 1 255 1 255 1 255 1 255 1 255 1 255 1 255 1 0 1 0 1 0 1 0 1 255 1 255 1 255 1 255 1 255 1 255 1 255 1 255 1 0 1 0 1 0 1 255 1 255 1 255 1 255 1 255 1 255 1 255 1 255 1 255 1 255 1 255 1 255 1 255 1 255 1 255 1 255 1 255 1 255 1 255 1 255 1 255 1 255 1 255 1 255 1 255 1 255 1 255 1 255 1 255 1 255 1 3 1 0 1 0 1 0 1 0 1 0 1 0 1 0 1 0 1 0 1 0 1 0 1 0 1 0 1 0 1 0 1
64 1 255 1 255 1 0 1 0 1 255 1 255 1 255 1 255 1 255 1 0 1 0 1 0 1 255 1 255 1 255 1 255 1 255 1 255 1 255 1 255 1 0 1 0 1 0 1 255 1 255 1 255 1 255 1 255 1 255 1 255 1 255 1 0 1 0 1 0 1 255 1 255 1 255 1 255 1 255 1 255 1 255 1 255 1 255 1 255 1 255 1 255 1 255 1 255 1 255 1 255 1 255 1 255 1 255 1 255 1 255 1 255 1 255 1 255 1 255 1 255 1 255 1 255 1 255 1 255 1 3 1 0 1 0 1 0 1 0 1 0 1 0 1 0 1 0 1 0 1 0 1 0 1 0 1 0 1 0 1 0 1
64 1 255 1 255 1 255 1 255 1 255 1 255 1 255 1 255 1 255 1 255 1 255 1 255 1 255 1 255 1 255 1 255 1 255 1 255 1 255 1 255 1 255 1 255 1 255 1 255 1 255 1 255 1 255 1 255 1 255 1 255 1 255 1 255 1 255 1 255 1 255 1 255 1 255 1 255 1 255 1 255 1 255 1 255 1 255 1 255 1 255 1 255 1 255 1 255 1 255 1 255 1 255 1 255 1 255 1 255 1 255 1 255 1 255 1 255 1 255 1 255 1 255 1 255 1 255 1 255 1 3 1 3 1 3 1 3 1 3 1 0 1 0 1 255 1 255 1 255 1 255 1 255 1 0 1 0 1 0 1 0 1
64 1 255 1 255 1 255 1 255 1 255 1 255 1 255 1 255 1 255 1 255 1 255 1 255 1 255 1 255 1 255 1 255 1 255 1 255 1 255 1 255 1 255 1 255 1 255 1 255 1 255 1 255 1 255 1 255 1 255 1 255 1 255 1 255 1 255 1 255 1 255 1 255 1 255 1 255 1 255 1 255 1 255 1 255 1 255 1 255 1 255 1 255 1 255 1 255 1 255 1 255 1 255 1 255 1 255 1 255 1 255 1 255 1 255 1 255 1 255 1 255 1 255 1 255 1 255 1 255 1 3 1 3 1 3 1 3 1 3 1 0 1 0 1 255 1 255 1 255 1 255 1 255 1 0 1 0 1 0 1 0 1
64 1 255 1 255 1 255 1 255 1 255 1 255 1 255 1 255 1 255 1 255 1 255 1 255 1 255 1 255 1 255 1 255 1 255 1 255 1 255 1 255 1 255 1 255 1 255 1 255 1 255 1 255 1 255 1 255 1 255 1 255 1 255 1 255 1 255 1 255 1 255 1 255 1 255 1 255 1 255 1 255 1 255 1 255 1 255 1 255 1 255 1 255 1 255 1 255 1 255 1 255 1 255 1 255 1 255 1 255 1 255 1 255 1 255 1 255 1 255 1 255 1 255 1 255 1 255 1 255 1 3 1 3 1 3 1 3 1 3 1 0 1 0 1 0 1 0 1 0 1 0 1 0 1 0 1 0 1 0 1 0 1
64 1 255 1 255 1 255 1 255 1 255 1 255 1 255 1 255 1 255 1 255 1 255 1 255 1 255 1 255 1 255 1 255 1 255 1 255 1 255 1 255 1 255 1 255 1 255 1 255 1 255 1 255 1 255 1 255 1 255 1 255 1 255 1 255 1 255 1 255 1 255 1 255 1 255 1 255 1 255 1 255 1 255 1 255 1 255 1 255 1 255 1 255 1 255 1 255 1 255 1 255 1 255 1 255 1 255 1 255 1 255 1 255 1 255 1 255 1 255 1 255 1 255 1 255 1 255 1 255 1 3 1 3 1 3 1 3 1 3 1 0 1 0 1 0 1 0 1 0 1 0 1 0 1 0 1 0 1 0 1 0 1
64 1 255 1 255 1 255 1 255 1 255 1 255 1 255 1 255 1 255 1 255 1 255 1 255 1 255 1 255 1 255 1 255 1 255 1 255 1 255 1 255 1 255 1 255 1 255 1 255 1 255 1 255 1 255 1 255 1 255 1 255 1 255 1 255 1 255 1 255 1 255 1 255 1 255 1 255 1 255 1 255 1 255 1 255 1 255 1 255 1 255 1 255 1 255 1 255 1 255 1 255 1 255 1 255 1 255 1 255 1 255 1 255 1 255 1 255 1 255 1 255 1 255 1 255 1 255 1 255 1 3 1 3 1 3 1 3 1 3 1 0 1 0 1 0 1 0 1 0 1 0 1 0 1 0 1 0 1 0 1 0 1
64 1 255 1 255 1 255 1 255 1 255 1 255 1 255 1 255 1 255 1 255 1 255 1 255 1 255 1 255 1 255 1 255 1 255 1 255 1 255 1 255 1 255 1 255 1 255 1 255 1 255 1 255 1 255 1 255 1 255 1 255 1 255 1 255 1 255 1 255 1 255 1 255 1 255 1 255 1 255 1 255 1 255 1 255 1 255 1 255 1 255 1 255 1 255 1 255 1 255 1 255 1 255 1 255 1 255 1 255 1 255 1 255 1 255 1 255 1 255 1 255 1 255 1 255 1 255 1 255 1 3 1 3 1 3 1 3 1 3 1 0 1 0 1 0 1 0 1 0 1 0 1 0 1 0 1 0 1 0 1 0 1
64 1 255 1 255 1 255 1 255 1 255 1 255 1 255 1 255 1 255 1 255 1 255 1 255 1 255 1 255 1 255 1 255 1 255 1 255 1 255 1 255 1 255 1 255 1 255 1 255 1 255 1 255 1 255 1 255 1 255 1 255 1 255 1 255 1 255 1 255 1 255 1 255 1 255 1 255 1 255 1 255 1 255 1 255 1 255 1 255 1 255 1 255 1 255 1 255 1 255 1 255 1 255 1 255 1 255 1 255 1 255 1 255 1 255 1 255 1 255 1 255 1 255 1 255 1 255 1 255 1 3 1 3 1 3 1 3 1 3 1 0 1 0 1 0 1 0 1 0 1 0 1 0 1 0 1 0 1 0 1 0 1
64 1 255 1 255 1 255 1 255 1 255 1 255 1 255 1 255 1 255 1 255 1 255 1 255 1 255 1 255 1 255 1 255 1 255 1 255 1 255 1 255 1 0 1 0 1 255 1 255 1 255 1 255 1 255 1 255 1 255 1 255 1 255 1 255 1 255 1 255 1 255 1 255 1 255 1 255 1 255 1 255 1 255 1 255 1 255 1 255 1 255 1 255 1 255 1 255 1 255 1 255 1 255 1 255 1 255 1 255 1 255 1 255 1 255 1 255 1 255 1 255 1 255 1 255 1 255 1 255 1 3 1 3 1 3 1 3 1 3 1 0 1 0 1 0 1 0 1 0 1 0 1 0 1 0 1 0 1 0 1 0 1
64 1 255 1 255 1 255 1 255 1 255 1 255 1 255 1 255 1 255 1 255 1 255 1 255 1 255 1 255 1 255 1 255 1 255 1 255 1 255 1 255 1 0 1 0 1 255 1 255 1 255 1 255 1 255 1 255 1 255 1 255 1 255 1 255 1 255 1 255 1 255 1 255 1 255 1 255 1 255 1 255 1 255 1 255 1 255 1 255 1 255 1 255 1 255 1 255 1 255 1 255 1 255 1 255 1 255 1 255 1 255 1 255 1 255 1 255 1 255 1 255 1 255 1 255 1 255 1 255 1 3 1 3 1 3 1 3 1 3 1 0 1 0 1 0 1 0 1 0 1 0 1 0 1 0 1 0 1 0 1 0 1
64 1 255 1 255 1 255 1 255 1 255 1 255 1 255 1 255 1 255 1 255 1 255 1 255 1 255 1 255 1 255 1 255 1 255 1 255 1 255 1 0 1 0 1 0 1 255 1 255 1 255 1 255 1 255 1 255 1 255 1 255 1 255 1 255 1 255 1 255 1 255 1 255 1 255 1 255 1 255 1 255 1 255 1 255 1 255 1 255 1 255 1 255 1 255 1 255 1 255 1 255 1 255 1 255 1 255 1 255 1 255 1 255 1 255 1 255 1 255 1 255 1 255 1 255 1 255 1 255 1 3 1 3 1 3 1 3 1 3 1 0 1 0 1 0 1 0 1 0 1 0 1 0 1 0 1 0 1 0 1 0 1
64 1 255 1 255 1 255 1 255 1 255 1 255 1 255 1 255 1 255 1 255 1 0 1 0 1 255 1 255 1 255 1 255 1 255 1 255 1 255 1 0 1 0 1 0 1 255 1 255 1 255 1 255 1 255 1 255 1 255 1 255 1 255 1 255 1 255 1 255 1 255 1 255 1 255 1 255 1 255 1 255 1 255 1 255 1 255 1 255 1 255 1 255 1 255 1 255 1 255 1 255 1 255 1 255 1 255 1 255 1 255 1 255 1 255 1 255 1 255 1 255 1 255 1 255 1 255 1 255 1 3 1 0 1 0 1 0 1 0 1 0 1 0 1 0 1 0 1 0 1 0 1 0 1 0 1 0 1 0 1 0 1
64 1 255 1 255 1 255 1 255 1 255 1 255 1 255 1 255 1 255 1 255 1 0 1 0 1 255 1 255 1 255 1 255 1 255 1 255 1 255 1 0 1 0 1 255 1 255 1 255 1 255 1 255 1 255 1 255 1 255 1 255 1 255 1 255 1 255 1 255 1 255 1 255 1 255 1 255 1 255 1 255 1 255 1 255 1 255 1 255 1 255 1 255 1 255 1 255 1 255 1 255 1 255 1 255 1 255 1 255 1 255 1 255 1 255 1 255 1 255 1 255 1 255 1 255 1 255 1 255 1 3 1 0 1 0 1 0 1 0 1 0 1 0 1 0 1 0 1 0 1 0 1 0 1 0 1 0 1 0 1 0 1
64 1 255 1 255 1 255 1 255 1 255 1 255 1 255 1 255 1 255 1 255 1 0 1 0 1 255 1 255 1 255 1 255 1 255 1 255 1 255 1 255 1 0 1 0 1 0 1 255 1 255 1 255 1 255 1 255 1 255 1 255 1 255 1 255 1 255 1 255 1 255 1 255 1 255 1 255 1 255 1 255 1 255 1 255 1 255 1 255 1 255 1 255 1 255 1 255 1 255 1 255 1 255 1 255 1 255 1 255 1 255 1 255 1 255 1 255 1 255 1 255 1 255 1 255 1 255 1 255 1 3 1 0 1 0 1 0 1 0 1 0 1 0 1 0 1 0 1 0 1 0 1 0 1 0 1 0 1 0 1 0 1
64 1 255 1 255 1 255 1 255 1 255 1 255 1 255 1 255 1 255 1 0 1 0 1 0 1 255 1 255 1 255 1 255 1 255 1 255 1 255 1 255 1 0 1 0 1 0 1 255 1 255 1 255 1 255 1 255 1 255 1 255 1 255 1 0 1 0 1 0 1 255 1 255 1 255 1 255 1 255 1 255 1 255 1 255 1 255 1 255 1 255 1 255 1 255 1 255 1 255 1 255 1 255 1 255 1 255 1 255 1 255 1 255 1 255 1 255 1 255 1 255 1 255 1 255 1 255 1 255 1 3 1 0 1 0 1 0 1 0 1 0 1 0 1 0 1 0 1 0 1 0 1 0 1 0 1 0 1 0 1 0 1
64 1 255 1 255 1 255 1 255 1 255 1 255 1 255 1 255 1 255 1 0 1 0 1 0 1 255 1 255 1 255 1 255 1 255 1 255 1 255 1 255 1 0 1 0 1 0 1 0 1 255 1 255 1 255 1 255 1 255 1 255 1 255 1 0 1 0 1 0 1 255 1 255 1 255 1 255 1 255 1 255 1 255 1 255 1 255 1 255 1 255 1 255 1 255 1 255 1 255 1 255 1 255 1 255 1 255 1 255 1 255 1 255 1 255 1 255 1 255 1 255 1 255 1 255 1 255 1 255 1 3 1 0 1 0 1 0 1 0 1 0 1 0 1 0 1 0 1 0 1 0 1 0 1 0 1 0 1 0 1 0 1
64 1 255 1 255 1 0 1 0 1 255 1 255 1 255 1 255 1 255 1 0 1 0 1 0 1 255 1 255 1 255 1 255 1 255 1 255 1 255 1 255 1 0 1 0 1 0 1 255 1 255 1 255 1 255 1 255 1 255 1 255 1 255 1 0 1 0 1 0 1 255 1 255 1 255 1 255 1 255 1 255 1 255 1 255 1 255 1 255 1 255 1 255 1 255 1 255 1 255 1 255 1 255 1 255 1 255 1 255 1 255 1 255 1 255 1 255 1 255 1 255 1 255 1 255 1 255 1 255 1 3 1 0 1 0 1 0 1 0 1 0 1 0 1 0 1 0 1 0 1 0 1 0 1 0 1 0 1 0 1 0 1
64 1 255 1 255 1 255 1 255 1 255 1 255 1 255 1 255 1 255 1 255 1 255 1 255 1 255 1 255 1 255 1 255 1 255 1 255 1 255 1 255 1 255 1 255 1 255 1 255 1 255 1 255 1 255 1 255 1 255 1 255 1 255 1 255 1 255 1 255 1 255 1 255 1 255 1 255 1 255 1 255 1 255 1 255 1 255 1 255 1 255 1 255 1 255 1 255 1 255 1 255 1 255 1 255 1 255 1 255 1 255 1 255 1 255 1 255 1 255 1 255 1 255 1 255 1 255 1 255 1 3 1 3 1 3 1 3 1 3 1 0 1 0 1 0 1 0 1 0 1 0 1 0 1 0 1 0 1 0 1 0 1
64 1 255 1 255 1 255 1 255 1 255 1 255 1 255 1 255 1 255 1 255 1 255 1 255 1 255 1 255 1 255 1 255 1 255 1 255 1 255 1 255 1 255 1 255 1 255 1 255 1 255 1 255 1 255 1 255 1 255 1 255 1 255 1 255 1 255 1 255 1 255 1 255 1 255 1 255 1 255 1 255 1 255 1 255 1 255 1 255 1 255 1 255 1 255 1 255 1 255 1 255 1 255 1 255 1 255 1 255 1 255 1 255 1 255 1 255 1 255 1 255 1 255 1 255 1 255 1 255 1 3 1 3 1 3 1 3 1 3 1 0 1 0 1 0 1 0 1 0 1 0 1 0 1 0 1 0 1 0 1 0 1
64 1 255 1 255 1 255 1 255 1 255 1 255 1 255 1 255 1 255 1 255 1 255 1 255 1 255 1 255 1 255 1 255 1 255 1 255 1 255 1 255 1 255 1 255 1 255 1 255 1 255 1 255 1 255 1 255 1 255 1 255 1 255 1 255 1 255 1 255 1 255 1 255 1 255 1 255 1 255 1 255 1 255 1 255 1 255 1 255 1 255 1 255 1 255 1 255 1 255 1 255 1 255 1 255 1 255 1 255 1 255 1 255 1 255 1 255 1 255 1 255 1 255 1 255 1 255 1 255 1 3 1 3 1 3 1 3 1 3 1 0 1 0 1 0 1 0 1 0 1 0 1 0 1 0 1 0 1 0 1 0 1
64 1 255 1 255 1 255 1 255 1 255 1 255 1 255 1 255 1 255 1 255 1 255 1 255 1 255 1 255 1 255 1 255 1 255 1 255 1 255 1 255 1 255 1 255 1 255 1 255 1 255 1 255 1 255 1 255 1 255 1 255 1 255 1 255 1 255 1 255 1 255 1 255 1 255 1 255 1 255 1 255 1 255 1 255 1 255 1 255 1 255 1 255 1 255 1 255 1 255 1 255 1 255 1 255 1 255 1 255 1 255 1 255 1 255 1 255 1 255 1 255 1 255 1 255 1 255 1 255 1 3 1 3 1 3 1 3 1 3 1 0 1 0 1 0 1 0 1 0 1 0 1 0 1 0 1 0 1 0 1 0 1
64 1 255 1 255 1 255 1 255 1 255 1 255 1 255 1 255 1 255 1 255 1 255 1 255 1 255 1 255 1 255 1 255 1 255 1 255 1 255 1 255 1 255 1 255 1 255 1 255 1 255 1 255 1 255 1 255 1 255 1 255 1 255 1 255 1 255 1 255 1 255 1 255 1 255 1 255 1 255 1 255 1 255 1 255 1 255 1 255 1 255 1 255 1 255 1 255 1 255 1 255 1 255 1 255 1 255 1 255 1 255 1 255 1 255 1 255 1 255 1 255 1 255 1 255 1 255 1 255 1 3 1 3 1 3 1 3 1 3 1 0 1 0 1 0 1 0 1 0 1 0 1 0 1 0 1 0 1 0 1 0 1
64 1 255 1 255 1 255 1 255 1 255 1 255 1 255 1 255 1 255 1 255 1 255 1 255 1 255 1 255 1 255 1 255 1 255 1 255 1 255 1 255 1 255 1 255 1 255 1 255 1 255 1 255 1 255 1 255 1 255 1 255 1 255 1 255 1 255 1 255 1 255 1 255 1 255 1 255 1 255 1 255 1 255 1 255 1 255 1 255 1 255 1 255 1 255 1 255 1 255 1 255 1 255 1 255 1 255 1 255 1 255 1 255 1 255 1 255 1 255 1 255 1 255 1 255 1 255 1 255 1 3 1 3 1 3 1 3 1 3 1 0 1 0 1 0 1 0 1 0 1 0 1 0 1 0 1 0 1 0 1 0 1
64 1 255 1 255 1 255 1 255 1 255 1 255 1 255 1 255 1 255 1 255 1 255 1 255 1 255 1 255 1 255 1 255 1 255 1 255 1 255 1 255 1 0 1 0 1 255 1 255 1 255 1 255 1 255 1 255 1 255 1 255 1 255 1 255 1 255 1 255 1 255 1 255 1 255 1 255 1 255 1 255 1 255 1 255 1 255 1 255 1 255 1 255 1 255 1 255 1 255 1 255 1 255 1 255 1 255 1 255 1 255 1 255 1 255 1 255 1 255 1 255 1 255 1 255 1 255 1 255 1 3 1 3 1 3 1 3 1 3 1 0 1 0 1 0 1 0 1 0 1 0 1 0 1 0 1 0 1 0 1 0 1
64 1 255 1 255 1 255 1 255 1 255 1 255 1 255 1 255 1 255 1 255 1 255 1 255 1 255 1 255 1 255 1 255 1 255 1 255 1 255 1 255 1 0 1 0 1 255 1 255 1 255 1 255 1 255 1 255 1 255 1 255 1 255 1 255 1 255 1 255 1 255 1 255 1 255 1 255 1 255 1 255 1 255 1 255 1 255 1 255 1 255 1 255 1 255 1 255 1 255 1 255 1 255 1 255 1 255 1 255 1 255 1 255 1 255 1 255 1 255 1 255 1 255 1 255 1 255 1 255 1 3 1 3 1 3 1 3 1 3 1 0 1 0 1 0 1 0 1 0 1 0 1 0 1 0 1 0 1 0 1 0 1
64 1 255 1 255 1 255 1 255 1 255 1 255 1 255 1 255 1 255 1 255 1 255 1 255 1 255 1 255 1 255 1 255 1 255 1 255 1 255 1 255 1 0 1 0 1 255 1 255 1 255 1 255 1 255 1 255 1 255 1 255 1 255 1 255 1 255 1 255 1 255 1 255 1 255 1 255 1 255 1 255 1 255 1 255 1 255 1 255 1 255 1 255 1 255 1 255 1 255 1 255 1 255 1 255 1 255 1 255 1 255 1 255 1 255 1 255 1 255 1 255 1 255 1 255 1 255 1 255 1 3 1 3 1 3 1 3 1 3 1 0 1 0 1 0 1 0 1 0 1 0 1 0 1 0 1 0 1 0 1 0 1
64 1 255 1 255 1 255 1 255 1 255 1 255 1 255 1 255 1 255 1 255 1 255 1 255 1 255 1 255 1 255 1 255 1 255 1 255 1 255 1 255 1 0 1 0 1 255 1 255 1 255 1 255 1 255 1 255 1 255 1 255 1 255 1 255 1 255 1 255 1 255 1 255 1 255 1 255 1 255 1 255 1 255 1 255 1 255 1 255 1 255 1 255 1 255 1 255 1 255 1 255 1 255 1 255 1 255 1 255 1 255 1 255 1 255 1 255 1 255 1 255 1 255 1 255 1 255 1 255 1 3 1 3 1 3 1 3 1 3 1 0 1 0 1 0 1 0 1 0 1 0 1 0 1 0 1 0 1 0 1 0 1
64 1 255 1 255 1 255 1 255 1 255 1 255 1 255 1 255 1 255 1 255 1 255 1 255 1 255 1 255 1 255 1 255 1 255 1 255 1 255 1 255 1 255 1 255 1 255 1 255 1 255 1 255 1 255 1 255 1 255 1 255 1 255 1 255 1 255 1 255 1 255 1 255 1 255 1 255 1 255 1 255 1 255 1 255 1 255 1 255 1 255 1 255 1 255 1 255 1 255 1 255 1 255 1 255 1 255 1 255 1 255 1 255 1 255 1 255 1 255 1 255 1 255 1 255 1 255 1 255 1 3 1 0 1 0 1 0 1 0 1 0 1 0 1 0 1 0 1 0 1 0 1 0 1 0 1 0 1 0 1 0 1
64 1 255 1 255 1 255 1 255 1 255 1 255 1 255 1 255 1 255 1 255 1 255 1 255 1 255 1 255 1 255 1 255 1 255 1 255 1 255 1 255 1 255 1 255 1 255 1 255 1 255 1 255 1 255 1 255 1 255 1 255 1 255 1 255 1 255 1 255 1 255 1 255 1 255 1 255 1 255 1 255 1 255 1 255 1 255 1 255 1 255 1 255 1 255 1 255 1 255 1 255 1 255 1 255 1 255 1 255 1 255 1 255 1 255 1 255 1 255 1 255 1 255 1 255 1 255 1 255 1 3 1 0 1 0 1 0 1 0 1 0 1 0 1 0 1 0 1 0 1 0 1 0 1 0 1 0 1 0 1 0 1
64 1 255 1 255 1 255 1 255 1 255 1 255 1 255 1 255 1 255 1 255 1 255 1 255 1 255 1 255 1 255 1 255 1 255 1 255 1 255 1 255 1 0 1 0 1 255 1 255 1 255 1 255 1 255 1 255 1 255 1 255 1 255 1 255 1 255 1 255 1 255 1 255 1 255 1 255 1 255 1 255 1 255 1 255 1 255 1 255 1 255 1 255 1 255 1 255 1 255 1 255 1 255 1 255 1 255 1 255 1 255 1 255 1 255 1 255 1 255 1 255 1 255 1 255 1 255 1 255 1 3 1 0 1 0 1 0 1 0 1 0 1 0 1 0 1 0 1 0 1 0 1 0 1 0 1 0 1 0 1 0 1
64 1 255 1 255 1 0 1 255 1 255 1 255 1 255 1 255 1 255 1 255 1 255 1 255 1 255 1 255 1 255 1 255 1 255 1 255 1 255 1 255 1 0 1 0 1 0 1 255 1 255 1 255 1 255 1 255 1 255 1 255 1 255 1 255 1 255 1 255 1 255 1 255 1 255 1 255 1 255 1 255 1 255 1 255 1 255 1 255 1 255 1 255 1 255 1 255 1 255 1 255 1 255 1 255 1 255 1 255 1 255 1 255 1 255 1 255 1 255 1 255 1 255 1 255 1 255 1 255 1 3 1 0 1 0 1 0 1 0 1 0 1 0 1 0 1 0 1 0 1 0 1 0 1 0 1 0 1 0 1 0 1
64 1 255 1 255 1 0 1 0 1 255 1 255 1 255 1 255 1 255 1 255 1 255 1 255 1 255 1 255 1 255 1 255 1 255 1 255 1 255 1 255 1 0 1 0 1 0 1 0 1 255 1 255 1 255 1 255 1 255 1 255 1 255 1 0 1 0 1 0 1 255 1 255 1 255 1 255 1 255 1 255 1 255 1 255 1 255 1 255 1 255 1 255 1 255 1 255 1 255 1 255 1 255 1 255 1 255 1 255 1 255 1 255 1 255 1 255 1 255 1 255 1 255 1 255 1 255 1 255 1 0 1 0 1 0 1 0 1 0 1 0 1 0 1 0 1 0 1 0 1 0 1 0 1 0 1 0 1 0 1 0 1
64 1 255 1 255 1 255 1 255 1 255 1 255 1 255 1 255 1 255 1 255 1 255 1 255 1 255 1 255 1 255 1 255 1 255 1 255 1 255 1 255 1 0 1 0 1 0 1 0 1 255 1 255 1 255 1 255 1 255 1 255 1 255 1 0 1 0 1 0 1 255 1 255 1 255 1 255 1 255 1 255 1 255 1 255 1 255 1 255 1 255 1 255 1 255 1 255 1 255 1 255 1 255 1 255 1 255 1 255 1 255 1 255 1 255 1 255 1 255 1 255 1 255 1 255 1 255 1 255 1 0 1 0 1 0 1 0 1 0 1 0 1 0 1 0 1 0 1 0 1 0 1 0 1 0 1 0 1 0 1 0 1
